case,description,event_selected,fish,mean_edge_density,mean_retained_edges,mean_total_weight,mean_w_ic,mean_w_rc,method,n_graphs,recording,representation,skip_reason,stability,stability_type,status,trial
A,bad neurons and artefacts retained,False,1,1.0,462.0,62.488104574130446,0.5604129113329717,0.4985611366203384,cgc,8,F1T1,full,,1.0,time_window,ok,1
A,bad neurons and artefacts retained,False,1,0.9090909090909093,420.0,21.5584968274037,0.6020101334364673,0.470060395623892,cgc,22,F1T1,full,,0.8260869565217387,leave_one_neuron,ok,1
A,bad neurons and artefacts retained,False,1,0.9659090909090909,446.25,46.35131059568799,0.7765903980036177,0.5250447037617864,cgc,8,F1T1,deconvolved,,0.9512987012987014,time_window,ok,1
A,bad neurons and artefacts retained,False,1,0.9090909090909093,420.0,18.162687944207786,0.8653535319040117,0.5173002119652769,cgc,22,F1T1,deconvolved,,0.8260869565217387,leave_one_neuron,ok,1
A,bad neurons and artefacts retained,True,1,0.97987012987013,452.7,153.79341480903895,0.2573179987650293,0.4778738657450183,cgc,20,F1T1,rise,,0.9805238296258506,event_bootstrap,ok,1
A,bad neurons and artefacts retained,True,1,0.8839285714285714,408.375,238.24823035488305,0.49598434502509486,0.4639987206058578,cgc,8,F1T1,rise,,0.887152982578795,time_window,ok,1
A,bad neurons and artefacts retained,True,1,0.9048602912239277,418.04545454545456,98.77467049788075,0.29321014830937153,0.4670017291125932,cgc,22,F1T1,rise,,0.8256124140746958,leave_one_neuron,ok,1
A,bad neurons and artefacts retained,True,1,0.9956658124761573,459.9976053639847,112.64261070940773,0.28010791650931904,0.4638421410122871,cgc,2088,F1T1,rise,,0.9999896005119945,leave_one_transient,ok,1
A,bad neurons and artefacts retained,True,1,1.0,462.0,40.17227850197203,0.5125163403134425,0.5616027849677129,cgc,20,F1T1,fall,,1.0,event_bootstrap,ok,1
A,bad neurons and artefacts retained,True,1,1.0,462.0,79.81568249311663,0.47877718640957345,0.5000265332832046,cgc,8,F1T1,fall,,1.0,time_window,ok,1
A,bad neurons and artefacts retained,True,1,0.9090909090909093,420.0,29.48309093920324,0.5429856509444555,0.5963238730489885,cgc,22,F1T1,fall,,0.8260869565217387,leave_one_neuron,ok,1
A,bad neurons and artefacts retained,True,1,1.0,462.0,32.623995017518006,0.5304061918293186,0.59834497084256,cgc,2087,F1T1,fall,,1.0,leave_one_transient,ok,1
A,bad neurons and artefacts retained,True,1,1.0,462.0,38.948064363922065,0.46376113377945305,0.5104508993750613,cgc,20,F1T1,fall_residual,,1.0,event_bootstrap,ok,1
A,bad neurons and artefacts retained,True,1,1.0,462.0,103.59333474639269,0.40412172757551673,0.5024879612583876,cgc,8,F1T1,fall_residual,,1.0,time_window,ok,1
A,bad neurons and artefacts retained,True,1,0.9090909090909093,420.0,25.893624070869006,0.4797458142670799,0.5287916458234042,cgc,22,F1T1,fall_residual,,0.8260869565217387,leave_one_neuron,ok,1
A,bad neurons and artefacts retained,True,1,1.0,462.0,28.69616118934465,0.472630187364495,0.5298335896855539,cgc,2335,F1T1,fall_residual,,1.0,leave_one_transient,ok,1
A,bad neurons and artefacts retained,False,1,1.0,182.0,27.563580659797843,0.6152526531516919,0.4826954898208206,cgc,8,F1T2,full,,1.0,time_window,ok,2
A,bad neurons and artefacts retained,False,1,0.8571428571428573,156.0,8.784847639370394,0.6544289293207545,0.5076945229326085,cgc,14,F1T2,full,,0.7333333333333334,leave_one_neuron,ok,2
A,bad neurons and artefacts retained,False,1,0.9553571428571429,173.875,17.42513149499856,0.8178747948632387,0.47616855687256365,cgc,8,F1T2,deconvolved,,0.930729984301413,time_window,ok,2
A,bad neurons and artefacts retained,False,1,0.8571428571428573,156.0,6.538392633210525,0.8363608835172576,0.44162972254919725,cgc,14,F1T2,deconvolved,,0.7333333333333334,leave_one_neuron,ok,2
A,bad neurons and artefacts retained,True,1,0.9997252747252748,181.95,47.284972188540266,0.33367418151732775,0.5920324933912756,cgc,20,F1T2,rise,,0.9994505494505496,event_bootstrap,ok,2
A,bad neurons and artefacts retained,True,1,0.9251373626373626,168.375,84.03470277550667,0.4587438387154341,0.5032687777137249,cgc,8,F1T2,rise,,0.8911056000646624,time_window,ok,2
A,bad neurons and artefacts retained,True,1,0.8571428571428573,156.0,24.704292524335,0.4404791089860268,0.6025693739105203,cgc,14,F1T2,rise,,0.7333333333333334,leave_one_neuron,ok,2
A,bad neurons and artefacts retained,True,1,1.0,182.0,29.54042575470733,0.4307669177175575,0.6146578486229635,cgc,1711,F1T2,rise,,1.0,leave_one_transient,ok,2
A,bad neurons and artefacts retained,True,1,1.0,182.0,16.740843688062302,0.562018409111468,0.5241282093328682,cgc,20,F1T2,fall,,1.0,event_bootstrap,ok,2
A,bad neurons and artefacts retained,True,1,1.0,182.0,31.871351109124376,0.5170912688453276,0.5315467967258845,cgc,8,F1T2,fall,,1.0,time_window,ok,2
A,bad neurons and artefacts retained,True,1,0.8571428571428573,156.0,11.820966413214967,0.5922097455015018,0.5395167654972027,cgc,14,F1T2,fall,,0.7333333333333334,leave_one_neuron,ok,2
A,bad neurons and artefacts retained,True,1,1.0,182.0,13.746355879895653,0.5843953664563757,0.5368336913545543,cgc,1708,F1T2,fall,,1.0,leave_one_transient,ok,2
A,bad neurons and artefacts retained,True,1,1.0,182.0,15.542785807132196,0.5206351471757652,0.5240983718895087,cgc,20,F1T2,fall_residual,,1.0,event_bootstrap,ok,2
A,bad neurons and artefacts retained,True,1,1.0,182.0,30.52190896124194,0.4946893291045037,0.5150395642478858,cgc,8,F1T2,fall_residual,,1.0,time_window,ok,2
A,bad neurons and artefacts retained,True,1,0.8571428571428573,156.0,10.433170061643992,0.5604506422685759,0.5142677398314308,cgc,14,F1T2,fall_residual,,0.7333333333333334,leave_one_neuron,ok,2
A,bad neurons and artefacts retained,True,1,1.0,182.0,12.010292406580831,0.5499490304101451,0.5121629633213538,cgc,1739,F1T2,fall_residual,,1.0,leave_one_transient,ok,2
A,bad neurons and artefacts retained,False,3,1.0,182.0,26.84073830925878,0.5570590142438535,0.511546425332132,cgc,8,F3T1,full,,1.0,time_window,ok,1
A,bad neurons and artefacts retained,False,3,0.8571428571428573,156.0,7.8759255963849535,0.6373842375130582,0.5189504782668727,cgc,14,F3T1,full,,0.7333333333333334,leave_one_neuron,ok,1
A,bad neurons and artefacts retained,False,3,0.9478021978021978,172.5,19.74380579274554,0.7840323174456427,0.5179752088779408,cgc,8,F3T1,deconvolved,,0.9050235478806907,time_window,ok,1
A,bad neurons and artefacts retained,False,3,0.8571428571428573,156.0,10.213290036699433,0.784407922861984,0.5276246839876152,cgc,14,F3T1,deconvolved,,0.7333333333333334,leave_one_neuron,ok,1
A,bad neurons and artefacts retained,True,3,1.0,182.0,48.876171774719445,0.3724477938875568,0.5480741917461388,cgc,20,F3T1,rise,,1.0,event_bootstrap,ok,1
A,bad neurons and artefacts retained,True,3,0.9443681318681318,171.875,83.81379098362777,0.4449228810207486,0.5065424533584931,cgc,8,F3T1,rise,,0.9174714631413246,time_window,ok,1
A,bad neurons and artefacts retained,True,3,0.8571428571428573,156.0,25.39271626404443,0.5143317209271979,0.5824934844267141,cgc,14,F3T1,rise,,0.7333333333333334,leave_one_neuron,ok,1
A,bad neurons and artefacts retained,True,3,1.0,182.0,30.108878559695015,0.5096012548152338,0.5873845270072956,cgc,1875,F3T1,rise,,1.0,leave_one_transient,ok,1
A,bad neurons and artefacts retained,True,3,1.0,182.0,13.304636825240035,0.5224775028588413,0.44905130166758933,cgc,20,F3T1,fall,,1.0,event_bootstrap,ok,1
A,bad neurons and artefacts retained,True,3,1.0,182.0,33.042937644225425,0.4830226157779228,0.5468077141954496,cgc,8,F3T1,fall,,1.0,time_window,ok,1
A,bad neurons and artefacts retained,True,3,0.8571428571428573,156.0,6.34384992229434,0.5227068815138268,0.434745154937561,cgc,14,F3T1,fall,,0.7333333333333334,leave_one_neuron,ok,1
A,bad neurons and artefacts retained,True,3,1.0,182.0,7.503302977500759,0.5215167421752824,0.43232519491774024,cgc,1877,F3T1,fall,,1.0,leave_one_transient,ok,1
A,bad neurons and artefacts retained,True,3,1.0,182.0,14.305674911617597,0.49122461006734,0.44375685435794116,cgc,20,F3T1,fall_residual,,1.0,event_bootstrap,ok,1
A,bad neurons and artefacts retained,True,3,1.0,182.0,33.38015491707684,0.46591326650827014,0.5126565994030172,cgc,8,F3T1,fall_residual,,1.0,time_window,ok,1
A,bad neurons and artefacts retained,True,3,0.8571428571428573,156.0,6.357905375815491,0.5005807957522053,0.3913423459478427,cgc,14,F3T1,fall_residual,,0.7333333333333334,leave_one_neuron,ok,1
A,bad neurons and artefacts retained,True,3,1.0,182.0,7.487554481995822,0.5043200342432644,0.3784731524400696,cgc,1931,F3T1,fall_residual,,1.0,leave_one_transient,ok,1
A,bad neurons and artefacts retained,False,3,1.0,110.0,16.595886280750413,0.6070026222186343,0.5050474609375757,cgc,8,F3T2,full,,1.0,time_window,ok,2
A,bad neurons and artefacts retained,False,3,0.8181818181818182,90.0,5.827441948513285,0.654986726004682,0.5280071539610701,cgc,11,F3T2,full,,0.6666666666666664,leave_one_neuron,ok,2
A,bad neurons and artefacts retained,False,3,1.0,110.0,12.887323294913546,0.728520329785403,0.5318938286836987,cgc,8,F3T2,deconvolved,,1.0,time_window,ok,2
A,bad neurons and artefacts retained,False,3,0.8181818181818182,90.0,5.650619153605597,0.7878465151280452,0.5763515465456274,cgc,11,F3T2,deconvolved,,0.6666666666666664,leave_one_neuron,ok,2
A,bad neurons and artefacts retained,True,3,1.0,110.0,23.174886883298687,0.5062867770703339,0.5604761520703363,cgc,20,F3T2,rise,,1.0,event_bootstrap,ok,2
A,bad neurons and artefacts retained,True,3,0.9840909090909091,108.25,52.29898131719109,0.4136021396528211,0.5126754298061007,cgc,8,F3T2,rise,,0.9681818181818181,time_window,ok,2
A,bad neurons and artefacts retained,True,3,0.8181818181818182,90.0,12.11319019467396,0.6747828907831671,0.5742235632308087,cgc,11,F3T2,rise,,0.6666666666666664,leave_one_neuron,ok,2
A,bad neurons and artefacts retained,True,3,1.0,110.0,14.651895975861017,0.68260858202963,0.588239024579447,cgc,1725,F3T2,rise,,1.0,leave_one_transient,ok,2
A,bad neurons and artefacts retained,True,3,1.0,110.0,9.136534231596265,0.562520401910308,0.5350347440299765,cgc,20,F3T2,fall,,1.0,event_bootstrap,ok,2
A,bad neurons and artefacts retained,True,3,1.0,110.0,19.473855385968648,0.5203510881618059,0.5308457513107504,cgc,8,F3T2,fall,,1.0,time_window,ok,2
A,bad neurons and artefacts retained,True,3,0.8181818181818182,90.0,5.1447911504907005,0.5848035761823561,0.496237011492995,cgc,11,F3T2,fall,,0.6666666666666664,leave_one_neuron,ok,2
A,bad neurons and artefacts retained,True,3,1.0,110.0,6.3216472665274575,0.5828409226922627,0.49417649976338063,cgc,1730,F3T2,fall,,1.0,leave_one_transient,ok,2
A,bad neurons and artefacts retained,True,3,1.0,110.0,9.036807127538642,0.49000901169327005,0.5782776315702595,cgc,20,F3T2,fall_residual,,1.0,event_bootstrap,ok,2
A,bad neurons and artefacts retained,True,3,1.0,110.0,24.057832907972987,0.4992653712724887,0.49886661031461,cgc,8,F3T2,fall_residual,,1.0,time_window,ok,2
A,bad neurons and artefacts retained,True,3,0.8181818181818182,90.0,4.898220424107529,0.5270229015484372,0.658302647954935,cgc,11,F3T2,fall_residual,,0.6666666666666664,leave_one_neuron,ok,2
A,bad neurons and artefacts retained,True,3,1.0,110.0,6.167209021514148,0.5225924906311352,0.6742263096981824,cgc,1883,F3T2,fall_residual,,1.0,leave_one_transient,ok,2
A,bad neurons and artefacts retained,False,4,1.0,72.0,13.108883267580087,0.631765382750826,0.546969193455604,cgc,8,F4T1,full,,1.0,time_window,ok,1
A,bad neurons and artefacts retained,False,4,0.7777777777777778,56.0,4.115851261031791,0.7126222107204063,0.4682193769137483,cgc,9,F4T1,full,,0.6000000000000001,leave_one_neuron,ok,1
A,bad neurons and artefacts retained,False,4,1.0,72.0,12.790981630290513,0.8388486713449166,0.48797271107040663,cgc,8,F4T1,deconvolved,,1.0,time_window,ok,1
A,bad neurons and artefacts retained,False,4,0.7777777777777778,56.0,5.384169938890336,0.7552633721517359,0.5271889359620796,cgc,9,F4T1,deconvolved,,0.6000000000000001,leave_one_neuron,ok,1
A,bad neurons and artefacts retained,True,4,0.9930555555555556,71.5,25.11847280675351,0.3595522334103597,0.4838919334590031,cgc,20,F4T1,rise,,0.9869883040935672,event_bootstrap,ok,1
A,bad neurons and artefacts retained,True,4,0.8333333333333334,60.0,34.403416721998326,0.5590032367171067,0.5018966351503612,cgc,8,F4T1,rise,,0.7917103496532685,time_window,ok,1
A,bad neurons and artefacts retained,True,4,0.7777777777777778,56.0,12.014888180965645,0.4616244302006442,0.49603945001298694,cgc,9,F4T1,rise,,0.6000000000000001,leave_one_neuron,ok,1
A,bad neurons and artefacts retained,True,4,1.0,72.0,18.779532227821104,0.40387274381008387,0.50239243414934,cgc,1104,F4T1,rise,,1.0,leave_one_transient,ok,1
A,bad neurons and artefacts retained,True,4,1.0,72.0,7.796033596823475,0.6859677421607591,0.37961274713426063,cgc,20,F4T1,fall,,1.0,event_bootstrap,ok,1
A,bad neurons and artefacts retained,True,4,1.0,72.0,13.752888187495596,0.5926452666332872,0.41270390237330257,cgc,8,F4T1,fall,,1.0,time_window,ok,1
A,bad neurons and artefacts retained,True,4,0.7777777777777778,56.0,5.69371493419582,0.7215506927283232,0.36926220875746757,cgc,9,F4T1,fall,,0.6000000000000001,leave_one_neuron,ok,1
A,bad neurons and artefacts retained,True,4,1.0,72.0,6.729954514473512,0.7230430402519614,0.3530698875389039,cgc,1108,F4T1,fall,,1.0,leave_one_transient,ok,1
A,bad neurons and artefacts retained,True,4,1.0,72.0,7.63540319089171,0.5108232349132777,0.43088756445936144,cgc,20,F4T1,fall_residual,,1.0,event_bootstrap,ok,1
A,bad neurons and artefacts retained,True,4,1.0,72.0,12.326947396367782,0.5290516013618107,0.4915194886337092,cgc,8,F4T1,fall_residual,,1.0,time_window,ok,1
A,bad neurons and artefacts retained,True,4,0.7777777777777778,56.0,5.1681011144804225,0.5349691831222184,0.41871289313741183,cgc,9,F4T1,fall_residual,,0.6000000000000001,leave_one_neuron,ok,1
A,bad neurons and artefacts retained,True,4,1.0,72.0,6.668033708665204,0.5182225170833141,0.4129225488494586,cgc,1153,F4T1,fall_residual,,1.0,leave_one_transient,ok,1
A,bad neurons and artefacts retained,False,5,1.0,210.0,27.84229088490059,0.5546507491564683,0.5170648007448176,cgc,8,F5T1,full,,1.0,time_window,ok,1
A,bad neurons and artefacts retained,False,5,0.8666666666666669,182.0,8.378772504701791,0.6818613890086899,0.5094643548081931,cgc,15,F5T1,full,,0.75,leave_one_neuron,ok,1
A,bad neurons and artefacts retained,False,5,0.9666666666666667,203.0,22.62670947116439,0.7227976560026694,0.5077406307869519,cgc,8,F5T1,deconvolved,,0.9428571428571428,time_window,ok,1
A,bad neurons and artefacts retained,False,5,0.8666666666666669,182.0,8.419102584015127,0.7660778967102505,0.47080916478505774,cgc,15,F5T1,deconvolved,,0.75,leave_one_neuron,ok,1
A,bad neurons and artefacts retained,True,5,1.0,210.0,51.42862523707703,0.3970045553787365,0.5593662111823399,cgc,20,F5T1,rise,,1.0,event_bootstrap,ok,1
A,bad neurons and artefacts retained,True,5,0.969047619047619,203.5,108.58571768751648,0.4979053100495746,0.5442644236927057,cgc,8,F5T1,rise,,0.9465168969486717,time_window,ok,1
A,bad neurons and artefacts retained,True,5,0.8666666666666669,182.0,25.398706034497636,0.5633005900030162,0.5571661850321512,cgc,15,F5T1,rise,,0.75,leave_one_neuron,ok,1
A,bad neurons and artefacts retained,True,5,1.0,210.0,29.54343356154812,0.5555863226359061,0.5802244805257004,cgc,2513,F5T1,rise,,1.0,leave_one_transient,ok,1
A,bad neurons and artefacts retained,True,5,1.0,210.0,16.43130993520297,0.49451172763309137,0.5017491465338865,cgc,20,F5T1,fall,,1.0,event_bootstrap,ok,1
A,bad neurons and artefacts retained,True,5,1.0,210.0,35.52510388031861,0.4981851405788196,0.4565344399978948,cgc,8,F5T1,fall,,1.0,time_window,ok,1
A,bad neurons and artefacts retained,True,5,0.8666666666666669,182.0,10.66055597806126,0.4871948685768992,0.4831318148169203,cgc,15,F5T1,fall,,0.75,leave_one_neuron,ok,1
A,bad neurons and artefacts retained,True,5,1.0,210.0,12.041017757806078,0.47952559387073274,0.4871482423349364,cgc,2519,F5T1,fall,,1.0,leave_one_transient,ok,1
A,bad neurons and artefacts retained,True,5,1.0,210.0,18.70678154379148,0.5103555550391441,0.4925593697740777,cgc,20,F5T1,fall_residual,,1.0,event_bootstrap,ok,1
A,bad neurons and artefacts retained,True,5,1.0,210.0,45.6065460695158,0.49465233941125253,0.501746835915875,cgc,8,F5T1,fall_residual,,1.0,time_window,ok,1
A,bad neurons and artefacts retained,True,5,0.8666666666666669,182.0,11.23403597392799,0.5115131614240881,0.47134694933238247,cgc,15,F5T1,fall_residual,,0.75,leave_one_neuron,ok,1
A,bad neurons and artefacts retained,True,5,1.0,210.0,12.758237401719082,0.513912844173168,0.45359295177601217,cgc,3013,F5T1,fall_residual,,1.0,leave_one_transient,ok,1
A,bad neurons and artefacts retained,False,5,1.0,342.0,45.589353205389656,0.5488801933082338,0.4912455930605958,cgc,8,F5T2,full,,1.0,time_window,ok,2
A,bad neurons and artefacts retained,False,5,0.8947368421052632,306.0,18.081868189510374,0.5869641592384847,0.5046419752060757,cgc,19,F5T2,full,,0.7999999999999999,leave_one_neuron,ok,2
A,bad neurons and artefacts retained,False,5,0.9473684210526316,324.0,37.16057130879648,0.7256875991210245,0.467018671911087,cgc,8,F5T2,deconvolved,,0.9398496240601505,time_window,ok,2
A,bad neurons and artefacts retained,False,5,0.8947368421052632,306.0,14.992483737398498,0.7445783660281842,0.4377301244176333,cgc,19,F5T2,deconvolved,,0.7999999999999999,leave_one_neuron,ok,2
A,bad neurons and artefacts retained,True,5,1.0,342.0,79.37850858481849,0.4190784026175459,0.4848111596074993,cgc,20,F5T2,rise,,1.0,event_bootstrap,ok,2
A,bad neurons and artefacts retained,True,5,0.9868421052631579,337.5,186.1151064385656,0.5240376538386329,0.5063197742455415,cgc,8,F5T2,rise,,0.9813328857707749,time_window,ok,2
A,bad neurons and artefacts retained,True,5,0.8947368421052632,306.0,40.732937986559485,0.6045669975552741,0.4812445559773072,cgc,19,F5T2,rise,,0.7999999999999999,leave_one_neuron,ok,2
A,bad neurons and artefacts retained,True,5,1.0,342.0,45.959064995212756,0.6041110790045229,0.4856006621650646,cgc,3698,F5T2,rise,,1.0,leave_one_transient,ok,2
A,bad neurons and artefacts retained,True,5,1.0,342.0,26.924440547740865,0.49873710626319456,0.48093226115060217,cgc,20,F5T2,fall,,1.0,event_bootstrap,ok,2
A,bad neurons and artefacts retained,True,5,1.0,342.0,67.3718717297611,0.5312544678895824,0.5036121862939879,cgc,8,F5T2,fall,,1.0,time_window,ok,2
A,bad neurons and artefacts retained,True,5,0.8947368421052632,306.0,14.878497632980926,0.49309491779620396,0.4846570110028653,cgc,19,F5T2,fall,,0.7999999999999999,leave_one_neuron,ok,2
A,bad neurons and artefacts retained,True,5,1.0,342.0,17.165005613987724,0.48871967321106713,0.4843008828000238,cgc,3692,F5T2,fall,,1.0,leave_one_transient,ok,2
A,bad neurons and artefacts retained,True,5,1.0,342.0,36.56006727256816,0.5309636903194358,0.4823909510849413,cgc,20,F5T2,fall_residual,,1.0,event_bootstrap,ok,2
A,bad neurons and artefacts retained,True,5,0.9996345029239766,341.875,94.98839264433619,0.4872657500152471,0.5100377662781421,cgc,8,F5T2,fall_residual,,0.9992690058479532,time_window,ok,2
A,bad neurons and artefacts retained,True,5,0.8947368421052632,306.0,16.057930666599564,0.5441336406113993,0.44834410160659727,cgc,19,F5T2,fall_residual,,0.7999999999999999,leave_one_neuron,ok,2
A,bad neurons and artefacts retained,True,5,1.0,342.0,18.3383266916435,0.5399205791141334,0.4453704603172419,cgc,3871,F5T2,fall_residual,,1.0,leave_one_transient,ok,2
A,bad neurons and artefacts retained,False,6,1.0,380.0,41.9010310251718,0.5142278109180598,0.49020051742354254,cgc,8,F6T1,full,,1.0,time_window,ok,1
A,bad neurons and artefacts retained,False,6,0.8999999999999998,342.0,19.22676504719069,0.517597135277429,0.4489731614102893,cgc,20,F6T1,full,,0.8095238095238096,leave_one_neuron,ok,1
A,bad neurons and artefacts retained,False,6,1.0,380.0,36.79493920290891,0.5932839059027248,0.5022923848081042,cgc,8,F6T1,deconvolved,,1.0,time_window,ok,1
A,bad neurons and artefacts retained,False,6,0.8999999999999998,342.0,13.462732354539696,0.6228367168907483,0.527352319186519,cgc,20,F6T1,deconvolved,,0.8095238095238096,leave_one_neuron,ok,1
A,bad neurons and artefacts retained,True,6,1.0,380.0,65.08044870139938,0.39928124964223455,0.5507168326916074,cgc,20,F6T1,rise,,1.0,event_bootstrap,ok,1
A,bad neurons and artefacts retained,True,6,0.9871710526315789,375.125,198.19136488987868,0.48228802247263536,0.4901386157881032,cgc,8,F6T1,rise,,0.9789726426728231,time_window,ok,1
A,bad neurons and artefacts retained,True,6,0.8999999999999998,342.0,38.27789100636786,0.4361542042757215,0.5943526216847557,cgc,20,F6T1,rise,,0.8095238095238096,leave_one_neuron,ok,1
A,bad neurons and artefacts retained,True,6,1.0,380.0,43.36802736237649,0.4311096782323801,0.6008771537443569,cgc,4681,F6T1,rise,,1.0,leave_one_transient,ok,1
A,bad neurons and artefacts retained,True,6,1.0,380.0,30.370626588541207,0.49192597511364095,0.4951886543845875,cgc,20,F6T1,fall,,1.0,event_bootstrap,ok,1
A,bad neurons and artefacts retained,True,6,1.0,380.0,107.54618630858228,0.4729001556032889,0.49037658644571,cgc,8,F6T1,fall,,1.0,time_window,ok,1
A,bad neurons and artefacts retained,True,6,0.8999999999999998,342.0,14.697613538864212,0.4849316364173862,0.5031875040879151,cgc,20,F6T1,fall,,0.8095238095238096,leave_one_neuron,ok,1
A,bad neurons and artefacts retained,True,6,1.0,380.0,15.90145587267,0.4895794111615363,0.5006677415948622,cgc,4687,F6T1,fall,,1.0,leave_one_transient,ok,1
A,bad neurons and artefacts retained,True,6,1.0,380.0,38.58415351048045,0.4782751254446316,0.47938040525041287,cgc,20,F6T1,fall_residual,,1.0,event_bootstrap,ok,1
A,bad neurons and artefacts retained,True,6,1.0,380.0,152.23625599003637,0.46483172135300477,0.4957570151865264,cgc,8,F6T1,fall_residual,,1.0,time_window,ok,1
A,bad neurons and artefacts retained,True,6,0.8999999999999998,342.0,18.528955849027135,0.49226702556439594,0.4390626713214485,cgc,20,F6T1,fall_residual,,0.8095238095238096,leave_one_neuron,ok,1
A,bad neurons and artefacts retained,True,6,1.0,380.0,20.212909990231648,0.49251802534450384,0.43502861657365544,cgc,4777,F6T1,fall_residual,,1.0,leave_one_transient,ok,1
A,bad neurons and artefacts retained,False,6,1.0,272.0,32.018307478550824,0.552050242004509,0.5095591964168373,cgc,8,F6T2,full,,1.0,time_window,ok,2
A,bad neurons and artefacts retained,False,6,0.8823529411764706,240.0,15.072951561470669,0.5610579494273978,0.47159122127357067,cgc,17,F6T2,full,,0.7777777777777777,leave_one_neuron,ok,2
A,bad neurons and artefacts retained,False,6,1.0,272.0,25.89182196338776,0.635494436374684,0.49736533267031985,cgc,8,F6T2,deconvolved,,1.0,time_window,ok,2
A,bad neurons and artefacts retained,False,6,0.8823529411764706,240.0,10.6347262214818,0.7156103048284261,0.48184923900526555,cgc,17,F6T2,deconvolved,,0.7777777777777777,leave_one_neuron,ok,2
A,bad neurons and artefacts retained,True,6,1.0,272.0,48.86186535105466,0.4706376306267729,0.5035555884301454,cgc,20,F6T2,rise,,1.0,event_bootstrap,ok,2
A,bad neurons and artefacts retained,True,6,0.994485294117647,270.5,129.76757642685635,0.4491390539180704,0.5167352911617994,cgc,8,F6T2,rise,,0.9915820709002129,time_window,ok,2
A,bad neurons and artefacts retained,True,6,0.8823529411764706,240.0,30.916985187217044,0.5381910685209124,0.5042964266643452,cgc,17,F6T2,rise,,0.7777777777777777,leave_one_neuron,ok,2
A,bad neurons and artefacts retained,True,6,1.0,272.0,35.64286945282938,0.5367885861576429,0.4983470203733926,cgc,3861,F6T2,rise,,1.0,leave_one_transient,ok,2
A,bad neurons and artefacts retained,True,6,1.0,272.0,26.4743862388902,0.4632043963935509,0.5332834994893084,cgc,20,F6T2,fall,,1.0,event_bootstrap,ok,2
A,bad neurons and artefacts retained,True,6,1.0,272.0,65.06746251617461,0.46950408810304767,0.5044185860182271,cgc,8,F6T2,fall,,1.0,time_window,ok,2
A,bad neurons and artefacts retained,True,6,0.8823529411764706,240.0,17.479868671975613,0.4508700142327226,0.5596873638620916,cgc,17,F6T2,fall,,0.7777777777777777,leave_one_neuron,ok,2
A,bad neurons and artefacts retained,True,6,1.0,272.0,19.224615514995346,0.44103157167001183,0.5642681784631299,cgc,3862,F6T2,fall,,1.0,leave_one_transient,ok,2
A,bad neurons and artefacts retained,True,6,1.0,272.0,34.70922196690253,0.45386282517463916,0.47061502426702584,cgc,20,F6T2,fall_residual,,1.0,event_bootstrap,ok,2
A,bad neurons and artefacts retained,True,6,1.0,272.0,122.28756334876107,0.41982509261232615,0.5149472314419621,cgc,8,F6T2,fall_residual,,1.0,time_window,ok,2
A,bad neurons and artefacts retained,True,6,0.8823529411764706,240.0,20.924139379412416,0.4719468575490604,0.42209462099155726,cgc,17,F6T2,fall_residual,,0.7777777777777777,leave_one_neuron,ok,2
A,bad neurons and artefacts retained,True,6,1.0,272.0,23.146528294983707,0.47313292617160435,0.413817532605578,cgc,4073,F6T2,fall_residual,,1.0,leave_one_transient,ok,2
B,bad neurons removed; artefacts retained,False,1,1.0,380.0,51.472430813147874,0.576500571197883,0.4940727353073635,cgc,8,F1T1,full,,1.0,time_window,ok,1
B,bad neurons removed; artefacts retained,False,1,0.8999999999999998,342.0,18.54183217155021,0.6223856036455568,0.4735591015532135,cgc,20,F1T1,full,,0.8095238095238096,leave_one_neuron,ok,1
B,bad neurons removed; artefacts retained,False,1,1.0,380.0,39.16623599289461,0.8104057147989998,0.5282807399755454,cgc,8,F1T1,deconvolved,,1.0,time_window,ok,1
B,bad neurons removed; artefacts retained,False,1,0.8999999999999998,342.0,16.176172018251997,0.8786572463929353,0.5130224215785739,cgc,20,F1T1,deconvolved,,0.8095238095238096,leave_one_neuron,ok,1
B,bad neurons removed; artefacts retained,True,1,0.9760526315789475,370.9,137.8486554701985,0.2285848284592989,0.47704923722714054,cgc,20,F1T1,rise,,0.9750593195209774,event_bootstrap,ok,1
B,bad neurons removed; artefacts retained,True,1,0.8625,327.75,176.56891079647113,0.46004586614703047,0.4552927558323565,cgc,8,F1T1,rise,,0.8563914542619082,time_window,ok,1
B,bad neurons removed; artefacts retained,True,1,0.8947368421052632,340.0,86.44178486826202,0.29409640301669115,0.4703390644684994,cgc,20,F1T1,rise,,0.8087389043181914,leave_one_neuron,ok,1
B,bad neurons removed; artefacts retained,True,1,0.994722788279109,377.9946595460614,99.50997782414844,0.2819841282603731,0.46704027786281377,cgc,1498,F1T1,rise,,0.9999717766367495,leave_one_transient,ok,1
B,bad neurons removed; artefacts retained,True,1,1.0,380.0,31.031657550108868,0.5574188898302328,0.5685845521680573,cgc,20,F1T1,fall,,1.0,event_bootstrap,ok,1
B,bad neurons removed; artefacts retained,True,1,1.0,380.0,63.231283023450295,0.49702348651787565,0.49666518279722377,cgc,8,F1T1,fall,,1.0,time_window,ok,1
B,bad neurons removed; artefacts retained,True,1,0.8999999999999998,342.0,22.468729914495064,0.6126512240534899,0.5874048805721273,cgc,20,F1T1,fall,,0.8095238095238096,leave_one_neuron,ok,1
B,bad neurons removed; artefacts retained,True,1,1.0,380.0,24.57535619143259,0.6099621091604025,0.5865873528473152,cgc,1498,F1T1,fall,,1.0,leave_one_transient,ok,1
B,bad neurons removed; artefacts retained,True,1,1.0,380.0,32.43749530351917,0.47527103263480425,0.5143507975921062,cgc,20,F1T1,fall_residual,,1.0,event_bootstrap,ok,1
B,bad neurons removed; artefacts retained,True,1,1.0,380.0,75.0432073385047,0.4133275047738292,0.4863645964118279,cgc,8,F1T1,fall_residual,,1.0,time_window,ok,1
B,bad neurons removed; artefacts retained,True,1,0.8999999999999998,342.0,20.43256180897692,0.5195152079042874,0.5338411389333266,cgc,20,F1T1,fall_residual,,0.8095238095238096,leave_one_neuron,ok,1
B,bad neurons removed; artefacts retained,True,1,1.0,380.0,22.868393423683568,0.5161710722756835,0.5346731463273433,cgc,1740,F1T1,fall_residual,,1.0,leave_one_transient,ok,1
B,bad neurons removed; artefacts retained,False,1,1.0,132.0,19.713326414791275,0.6094920477147411,0.4884154015133557,cgc,8,F1T2,full,,1.0,time_window,ok,2
B,bad neurons removed; artefacts retained,False,1,0.8333333333333335,110.0,6.699789997722512,0.7028210112104669,0.498367317481848,cgc,12,F1T2,full,,0.6923076923076924,leave_one_neuron,ok,2
B,bad neurons removed; artefacts retained,False,1,1.0,132.0,13.035453670422552,0.9390521919550833,0.4709281208074656,cgc,8,F1T2,deconvolved,,1.0,time_window,ok,2
B,bad neurons removed; artefacts retained,False,1,0.8333333333333335,110.0,5.0125335695388555,0.9384726104506097,0.4767333999745553,cgc,12,F1T2,deconvolved,,0.6923076923076924,leave_one_neuron,ok,2
B,bad neurons removed; artefacts retained,True,1,0.9992424242424243,131.9,38.437587040077005,0.2754670570524861,0.6177540879130684,cgc,20,F1T2,rise,,0.9984848484848484,event_bootstrap,ok,2
B,bad neurons removed; artefacts retained,True,1,0.8920454545454546,117.75,57.4103534509767,0.4117376343087257,0.5190567758093377,cgc,8,F1T2,rise,,0.8363394571364732,time_window,ok,2
B,bad neurons removed; artefacts retained,True,1,0.8333333333333335,110.0,17.948338014233688,0.4201029743590599,0.6302200573205626,cgc,12,F1T2,rise,,0.6923076923076924,leave_one_neuron,ok,2
B,bad neurons removed; artefacts retained,True,1,1.0,132.0,22.90412144333199,0.38358012180184575,0.6411738375515958,cgc,1152,F1T2,rise,,1.0,leave_one_transient,ok,2
B,bad neurons removed; artefacts retained,True,1,1.0,132.0,12.097496750978479,0.5926810309147604,0.5625105824402807,cgc,20,F1T2,fall,,1.0,event_bootstrap,ok,2
B,bad neurons removed; artefacts retained,True,1,1.0,132.0,21.9988179928661,0.5256829466496387,0.5444204678223901,cgc,8,F1T2,fall,,1.0,time_window,ok,2
B,bad neurons removed; artefacts retained,True,1,0.8333333333333335,110.0,8.56217389146607,0.6247389104810649,0.5595548703097785,cgc,12,F1T2,fall,,0.6923076923076924,leave_one_neuron,ok,2
B,bad neurons removed; artefacts retained,True,1,1.0,132.0,10.155100724723784,0.6234316728612234,0.5582040300447764,cgc,1150,F1T2,fall,,1.0,leave_one_transient,ok,2
B,bad neurons removed; artefacts retained,True,1,1.0,132.0,11.567603870050586,0.5514693941018337,0.5231979088807672,cgc,20,F1T2,fall_residual,,1.0,event_bootstrap,ok,2
B,bad neurons removed; artefacts retained,True,1,1.0,132.0,21.535340975390977,0.4993575463626847,0.521341777026521,cgc,8,F1T2,fall_residual,,1.0,time_window,ok,2
B,bad neurons removed; artefacts retained,True,1,0.8333333333333335,110.0,7.805901095003382,0.5856236709072421,0.5192266065068445,cgc,12,F1T2,fall_residual,,0.6923076923076924,leave_one_neuron,ok,2
B,bad neurons removed; artefacts retained,True,1,1.0,132.0,9.286214582007505,0.5807870902506015,0.5189378618452486,cgc,1172,F1T2,fall_residual,,1.0,leave_one_transient,ok,2
B,bad neurons removed; artefacts retained,False,3,1.0,182.0,26.84073830925878,0.5570590142438535,0.511546425332132,cgc,8,F3T1,full,,1.0,time_window,ok,1
B,bad neurons removed; artefacts retained,False,3,0.8571428571428573,156.0,7.8759255963849535,0.6373842375130582,0.5189504782668727,cgc,14,F3T1,full,,0.7333333333333334,leave_one_neuron,ok,1
B,bad neurons removed; artefacts retained,False,3,0.9478021978021978,172.5,19.74380579274554,0.7840323174456427,0.5179752088779408,cgc,8,F3T1,deconvolved,,0.9050235478806907,time_window,ok,1
B,bad neurons removed; artefacts retained,False,3,0.8571428571428573,156.0,10.213290036699433,0.784407922861984,0.5276246839876152,cgc,14,F3T1,deconvolved,,0.7333333333333334,leave_one_neuron,ok,1
B,bad neurons removed; artefacts retained,True,3,1.0,182.0,49.39811489704929,0.34933874094521744,0.5726549748963812,cgc,20,F3T1,rise,,1.0,event_bootstrap,ok,1
B,bad neurons removed; artefacts retained,True,3,0.9443681318681318,171.875,83.81379098362777,0.4449228810207486,0.5065424533584931,cgc,8,F3T1,rise,,0.9174714631413246,time_window,ok,1
B,bad neurons removed; artefacts retained,True,3,0.8571428571428573,156.0,25.39271626404443,0.5143317209271979,0.5824934844267141,cgc,14,F3T1,rise,,0.7333333333333334,leave_one_neuron,ok,1
B,bad neurons removed; artefacts retained,True,3,1.0,182.0,30.108878559695015,0.5096012548152338,0.5873845270072956,cgc,1875,F3T1,rise,,1.0,leave_one_transient,ok,1
B,bad neurons removed; artefacts retained,True,3,1.0,182.0,13.301254318305018,0.5150167436702204,0.4767045761945865,cgc,20,F3T1,fall,,1.0,event_bootstrap,ok,1
B,bad neurons removed; artefacts retained,True,3,1.0,182.0,33.042937644225425,0.4830226157779228,0.5468077141954496,cgc,8,F3T1,fall,,1.0,time_window,ok,1
B,bad neurons removed; artefacts retained,True,3,0.8571428571428573,156.0,6.34384992229434,0.5227068815138268,0.434745154937561,cgc,14,F3T1,fall,,0.7333333333333334,leave_one_neuron,ok,1
B,bad neurons removed; artefacts retained,True,3,1.0,182.0,7.503302977500759,0.5215167421752824,0.43232519491774024,cgc,1877,F3T1,fall,,1.0,leave_one_transient,ok,1
B,bad neurons removed; artefacts retained,True,3,1.0,182.0,14.599384963104162,0.4813279531868968,0.4388313126244796,cgc,20,F3T1,fall_residual,,1.0,event_bootstrap,ok,1
B,bad neurons removed; artefacts retained,True,3,1.0,182.0,33.38015491707684,0.46591326650827014,0.5126565994030172,cgc,8,F3T1,fall_residual,,1.0,time_window,ok,1
B,bad neurons removed; artefacts retained,True,3,0.8571428571428573,156.0,6.357905375815491,0.5005807957522053,0.3913423459478427,cgc,14,F3T1,fall_residual,,0.7333333333333334,leave_one_neuron,ok,1
B,bad neurons removed; artefacts retained,True,3,1.0,182.0,7.487554481995822,0.5043200342432644,0.3784731524400696,cgc,1931,F3T1,fall_residual,,1.0,leave_one_transient,ok,1
B,bad neurons removed; artefacts retained,False,3,1.0,110.0,16.595886280750413,0.6070026222186343,0.5050474609375757,cgc,8,F3T2,full,,1.0,time_window,ok,2
B,bad neurons removed; artefacts retained,False,3,0.8181818181818182,90.0,5.827441948513285,0.654986726004682,0.5280071539610701,cgc,11,F3T2,full,,0.6666666666666664,leave_one_neuron,ok,2
B,bad neurons removed; artefacts retained,False,3,1.0,110.0,12.887323294913546,0.728520329785403,0.5318938286836987,cgc,8,F3T2,deconvolved,,1.0,time_window,ok,2
B,bad neurons removed; artefacts retained,False,3,0.8181818181818182,90.0,5.650619153605597,0.7878465151280452,0.5763515465456274,cgc,11,F3T2,deconvolved,,0.6666666666666664,leave_one_neuron,ok,2
B,bad neurons removed; artefacts retained,True,3,1.0,110.0,23.279004043479425,0.49179640918566303,0.5706766545246403,cgc,20,F3T2,rise,,1.0,event_bootstrap,ok,2
B,bad neurons removed; artefacts retained,True,3,0.9840909090909091,108.25,52.29898131719109,0.4136021396528211,0.5126754298061007,cgc,8,F3T2,rise,,0.9681818181818181,time_window,ok,2
B,bad neurons removed; artefacts retained,True,3,0.8181818181818182,90.0,12.11319019467396,0.6747828907831671,0.5742235632308087,cgc,11,F3T2,rise,,0.6666666666666664,leave_one_neuron,ok,2
B,bad neurons removed; artefacts retained,True,3,1.0,110.0,14.651895975861017,0.68260858202963,0.588239024579447,cgc,1725,F3T2,rise,,1.0,leave_one_transient,ok,2
B,bad neurons removed; artefacts retained,True,3,1.0,110.0,8.821176884614111,0.5707539864531295,0.5276351234557373,cgc,20,F3T2,fall,,1.0,event_bootstrap,ok,2
B,bad neurons removed; artefacts retained,True,3,1.0,110.0,19.473855385968648,0.5203510881618059,0.5308457513107504,cgc,8,F3T2,fall,,1.0,time_window,ok,2
B,bad neurons removed; artefacts retained,True,3,0.8181818181818182,90.0,5.1447911504907005,0.5848035761823561,0.496237011492995,cgc,11,F3T2,fall,,0.6666666666666664,leave_one_neuron,ok,2
B,bad neurons removed; artefacts retained,True,3,1.0,110.0,6.3216472665274575,0.5828409226922627,0.49417649976338063,cgc,1730,F3T2,fall,,1.0,leave_one_transient,ok,2
B,bad neurons removed; artefacts retained,True,3,1.0,110.0,9.216618487685214,0.48246375049846424,0.5861573649044638,cgc,20,F3T2,fall_residual,,1.0,event_bootstrap,ok,2
B,bad neurons removed; artefacts retained,True,3,1.0,110.0,24.057832907972987,0.4992653712724887,0.49886661031461,cgc,8,F3T2,fall_residual,,1.0,time_window,ok,2
B,bad neurons removed; artefacts retained,True,3,0.8181818181818182,90.0,4.898220424107529,0.5270229015484372,0.658302647954935,cgc,11,F3T2,fall_residual,,0.6666666666666664,leave_one_neuron,ok,2
B,bad neurons removed; artefacts retained,True,3,1.0,110.0,6.167209021514148,0.5225924906311352,0.6742263096981824,cgc,1883,F3T2,fall_residual,,1.0,leave_one_transient,ok,2
B,bad neurons removed; artefacts retained,False,4,1.0,72.0,13.108883267580087,0.631765382750826,0.546969193455604,cgc,8,F4T1,full,,1.0,time_window,ok,1
B,bad neurons removed; artefacts retained,False,4,0.7777777777777778,56.0,4.115851261031791,0.7126222107204063,0.4682193769137483,cgc,9,F4T1,full,,0.6000000000000001,leave_one_neuron,ok,1
B,bad neurons removed; artefacts retained,False,4,1.0,72.0,12.790981630290513,0.8388486713449166,0.48797271107040663,cgc,8,F4T1,deconvolved,,1.0,time_window,ok,1
B,bad neurons removed; artefacts retained,False,4,0.7777777777777778,56.0,5.384169938890336,0.7552633721517359,0.5271889359620796,cgc,9,F4T1,deconvolved,,0.6000000000000001,leave_one_neuron,ok,1
B,bad neurons removed; artefacts retained,True,4,0.9958333333333332,71.7,25.12048666820386,0.3691215155245478,0.48907233974457887,cgc,20,F4T1,rise,,0.9919580347582571,event_bootstrap,ok,1
B,bad neurons removed; artefacts retained,True,4,0.8333333333333334,60.0,34.403416721998326,0.5590032367171067,0.5018966351503612,cgc,8,F4T1,rise,,0.7917103496532685,time_window,ok,1
B,bad neurons removed; artefacts retained,True,4,0.7777777777777778,56.0,12.014888180965645,0.4616244302006442,0.49603945001298694,cgc,9,F4T1,rise,,0.6000000000000001,leave_one_neuron,ok,1
B,bad neurons removed; artefacts retained,True,4,1.0,72.0,18.779532227821104,0.40387274381008387,0.50239243414934,cgc,1104,F4T1,rise,,1.0,leave_one_transient,ok,1
B,bad neurons removed; artefacts retained,True,4,1.0,72.0,7.30545949445249,0.6853469354154755,0.40647252547738455,cgc,20,F4T1,fall,,1.0,event_bootstrap,ok,1
B,bad neurons removed; artefacts retained,True,4,1.0,72.0,13.752888187495596,0.5926452666332872,0.41270390237330257,cgc,8,F4T1,fall,,1.0,time_window,ok,1
B,bad neurons removed; artefacts retained,True,4,0.7777777777777778,56.0,5.69371493419582,0.7215506927283232,0.36926220875746757,cgc,9,F4T1,fall,,0.6000000000000001,leave_one_neuron,ok,1
B,bad neurons removed; artefacts retained,True,4,1.0,72.0,6.729954514473512,0.7230430402519614,0.3530698875389039,cgc,1108,F4T1,fall,,1.0,leave_one_transient,ok,1
B,bad neurons removed; artefacts retained,True,4,1.0,72.0,7.592035084243849,0.5159869436363513,0.44505083766217723,cgc,20,F4T1,fall_residual,,1.0,event_bootstrap,ok,1
B,bad neurons removed; artefacts retained,True,4,1.0,72.0,12.326947396367782,0.5290516013618107,0.4915194886337092,cgc,8,F4T1,fall_residual,,1.0,time_window,ok,1
B,bad neurons removed; artefacts retained,True,4,0.7777777777777778,56.0,5.1681011144804225,0.5349691831222184,0.41871289313741183,cgc,9,F4T1,fall_residual,,0.6000000000000001,leave_one_neuron,ok,1
B,bad neurons removed; artefacts retained,True,4,1.0,72.0,6.668033708665204,0.5182225170833141,0.4129225488494586,cgc,1153,F4T1,fall_residual,,1.0,leave_one_transient,ok,1
B,bad neurons removed; artefacts retained,False,5,1.0,156.0,19.897419674874378,0.560073691662063,0.49969458353341434,cgc,8,F5T1,full,,1.0,time_window,ok,1
B,bad neurons removed; artefacts retained,False,5,0.8461538461538463,132.0,6.564090022999253,0.6770648203348355,0.5080886154427172,cgc,13,F5T1,full,,0.7142857142857144,leave_one_neuron,ok,1
B,bad neurons removed; artefacts retained,False,5,1.0,156.0,18.275093529568544,0.7471943592493335,0.5125078866574124,cgc,8,F5T1,deconvolved,,1.0,time_window,ok,1
B,bad neurons removed; artefacts retained,False,5,0.8461538461538463,132.0,6.999016933913229,0.7789721606436701,0.4573200600876564,cgc,13,F5T1,deconvolved,,0.7142857142857144,leave_one_neuron,ok,1
B,bad neurons removed; artefacts retained,True,5,1.0,156.0,42.84684066640702,0.39800852245448437,0.5537521818785961,cgc,20,F5T1,rise,,1.0,event_bootstrap,ok,1
B,bad neurons removed; artefacts retained,True,5,0.952724358974359,148.625,68.65272542982167,0.4414355553388928,0.5267343971010816,cgc,8,F5T1,rise,,0.9203983551818864,time_window,ok,1
B,bad neurons removed; artefacts retained,True,5,0.8461538461538463,132.0,21.69987982180045,0.5932152748644011,0.5327089791690638,cgc,13,F5T1,rise,,0.7142857142857144,leave_one_neuron,ok,1
B,bad neurons removed; artefacts retained,True,5,1.0,156.0,26.067679225035732,0.5876752481791985,0.5574854272463962,cgc,1808,F5T1,rise,,1.0,leave_one_transient,ok,1
B,bad neurons removed; artefacts retained,True,5,1.0,156.0,12.363544327191256,0.46848363802509124,0.46971454936559304,cgc,20,F5T1,fall,,1.0,event_bootstrap,ok,1
B,bad neurons removed; artefacts retained,True,5,1.0,156.0,26.242768144631924,0.49473175718298923,0.4900153160341061,cgc,8,F5T1,fall,,1.0,time_window,ok,1
B,bad neurons removed; artefacts retained,True,5,0.8461538461538463,132.0,8.646562747444722,0.46627405581248954,0.45709474255199856,cgc,13,F5T1,fall,,0.7142857142857144,leave_one_neuron,ok,1
B,bad neurons removed; artefacts retained,True,5,1.0,156.0,9.843419007793264,0.46091960490960815,0.4615423952300684,cgc,1814,F5T1,fall,,1.0,leave_one_transient,ok,1
B,bad neurons removed; artefacts retained,True,5,1.0,156.0,13.664271175173223,0.4739736353855368,0.4986172428977129,cgc,20,F5T1,fall_residual,,1.0,event_bootstrap,ok,1
B,bad neurons removed; artefacts retained,True,5,1.0,156.0,32.43041890098654,0.4447200107891224,0.4974393618070274,cgc,8,F5T1,fall_residual,,1.0,time_window,ok,1
B,bad neurons removed; artefacts retained,True,5,0.8461538461538463,132.0,8.247508341858683,0.4744074642732121,0.4845152302197269,cgc,13,F5T1,fall_residual,,0.7142857142857144,leave_one_neuron,ok,1
B,bad neurons removed; artefacts retained,True,5,1.0,156.0,9.483817833951091,0.47002977818072456,0.4707657695235439,cgc,2322,F5T1,fall_residual,,1.0,leave_one_transient,ok,1
B,bad neurons removed; artefacts retained,False,5,1.0,272.0,35.237892486228944,0.5625889625506094,0.47971181859548134,cgc,8,F5T2,full,,1.0,time_window,ok,2
B,bad neurons removed; artefacts retained,False,5,0.8823529411764706,240.0,13.949027793666264,0.6233108990103005,0.48551416817304843,cgc,17,F5T2,full,,0.7777777777777777,leave_one_neuron,ok,2
B,bad neurons removed; artefacts retained,False,5,1.0,272.0,31.830561035409875,0.762684551932254,0.45811122989641495,cgc,8,F5T2,deconvolved,,1.0,time_window,ok,2
B,bad neurons removed; artefacts retained,False,5,0.8823529411764706,240.0,12.634164521581283,0.781171104373179,0.4330192134234703,cgc,17,F5T2,deconvolved,,0.7777777777777777,leave_one_neuron,ok,2
B,bad neurons removed; artefacts retained,True,5,1.0,272.0,64.02681356698979,0.42451586892536364,0.5094856326564585,cgc,20,F5T2,rise,,1.0,event_bootstrap,ok,2
B,bad neurons removed; artefacts retained,True,5,0.9839154411764706,267.625,145.35550038945718,0.4999758354691576,0.53004777228323,cgc,8,F5T2,rise,,0.9761169951573413,time_window,ok,2
B,bad neurons removed; artefacts retained,True,5,0.8823529411764706,240.0,34.765672882044974,0.5885801447701926,0.4911660414929219,cgc,17,F5T2,rise,,0.7777777777777777,leave_one_neuron,ok,2
B,bad neurons removed; artefacts retained,True,5,1.0,272.0,39.95589328565555,0.5824450465972771,0.5025370398333339,cgc,2952,F5T2,rise,,1.0,leave_one_transient,ok,2
B,bad neurons removed; artefacts retained,True,5,1.0,272.0,18.258252038465542,0.5057923639384624,0.4918217635891843,cgc,20,F5T2,fall,,1.0,event_bootstrap,ok,2
B,bad neurons removed; artefacts retained,True,5,1.0,272.0,50.25177035880739,0.5054051677805742,0.5093693652133549,cgc,8,F5T2,fall,,1.0,time_window,ok,2
B,bad neurons removed; artefacts retained,True,5,0.8823529411764706,240.0,9.732988625795338,0.5146340394351795,0.4982223215447104,cgc,17,F5T2,fall,,0.7777777777777777,leave_one_neuron,ok,2
B,bad neurons removed; artefacts retained,True,5,1.0,272.0,11.0740616696168,0.5123328423701038,0.5010863603547097,cgc,2947,F5T2,fall,,1.0,leave_one_transient,ok,2
B,bad neurons removed; artefacts retained,True,5,1.0,272.0,20.7482570203105,0.4887265541780715,0.48204718078951203,cgc,20,F5T2,fall_residual,,1.0,event_bootstrap,ok,2
B,bad neurons removed; artefacts retained,True,5,1.0,272.0,62.51493941696865,0.4653281434159977,0.5221049299094465,cgc,8,F5T2,fall_residual,,1.0,time_window,ok,2
B,bad neurons removed; artefacts retained,True,5,0.8823529411764706,240.0,9.632925809487565,0.5147012619121489,0.4822044922705655,cgc,17,F5T2,fall_residual,,0.7777777777777777,leave_one_neuron,ok,2
B,bad neurons removed; artefacts retained,True,5,1.0,272.0,10.854457276680543,0.5127105391465924,0.48121967551058875,cgc,3300,F5T2,fall_residual,,1.0,leave_one_transient,ok,2
B,bad neurons removed; artefacts retained,False,6,1.0,132.0,16.13221817182229,0.5547437544095836,0.4957274064335675,cgc,8,F6T1,full,,1.0,time_window,ok,1
B,bad neurons removed; artefacts retained,False,6,0.8333333333333335,110.0,6.234367350126784,0.49393409556598195,0.529669170282987,cgc,12,F6T1,full,,0.6923076923076924,leave_one_neuron,ok,1
B,bad neurons removed; artefacts retained,False,6,1.0,132.0,11.974458286052156,0.711350895675549,0.4687476061590167,cgc,8,F6T1,deconvolved,,1.0,time_window,ok,1
B,bad neurons removed; artefacts retained,False,6,0.8333333333333335,110.0,5.141080386347968,0.7875720751254492,0.5135829050400182,cgc,12,F6T1,deconvolved,,0.6923076923076924,leave_one_neuron,ok,1
B,bad neurons removed; artefacts retained,True,6,1.0,132.0,29.138264813968743,0.31384794751209777,0.5880841987127552,cgc,20,F6T1,rise,,1.0,event_bootstrap,ok,1
B,bad neurons removed; artefacts retained,True,6,0.9649621212121212,127.375,54.2823497528621,0.32844459120045655,0.4895441806521317,cgc,8,F6T1,rise,,0.944044426823441,time_window,ok,1
B,bad neurons removed; artefacts retained,True,6,0.8333333333333335,110.0,14.159114582890401,0.4630459064276089,0.5866487757645913,cgc,12,F6T1,rise,,0.6923076923076924,leave_one_neuron,ok,1
B,bad neurons removed; artefacts retained,True,6,1.0,132.0,16.955401529049446,0.4818657558818616,0.6111278000193596,cgc,1973,F6T1,rise,,1.0,leave_one_transient,ok,1
B,bad neurons removed; artefacts retained,True,6,1.0,132.0,9.153801446282426,0.466607715281844,0.4445243369188333,cgc,20,F6T1,fall,,1.0,event_bootstrap,ok,1
B,bad neurons removed; artefacts retained,True,6,1.0,132.0,23.025724768044867,0.43862829123545966,0.4894156648049117,cgc,8,F6T1,fall,,1.0,time_window,ok,1
B,bad neurons removed; artefacts retained,True,6,0.8333333333333335,110.0,5.2231737888606835,0.45171720762929574,0.45513120952896885,cgc,12,F6T1,fall,,0.6923076923076924,leave_one_neuron,ok,1
B,bad neurons removed; artefacts retained,True,6,1.0,132.0,5.84716642084341,0.4577239407654881,0.4494812529016953,cgc,1979,F6T1,fall,,1.0,leave_one_transient,ok,1
B,bad neurons removed; artefacts retained,True,6,1.0,132.0,12.128994348366872,0.48677444235746997,0.479517783275781,cgc,20,F6T1,fall_residual,,1.0,event_bootstrap,ok,1
B,bad neurons removed; artefacts retained,True,6,1.0,132.0,30.49019740074491,0.39400873495647265,0.49688059973814036,cgc,8,F6T1,fall_residual,,1.0,time_window,ok,1
B,bad neurons removed; artefacts retained,True,6,0.8333333333333335,110.0,6.896536962856039,0.5159609141751701,0.47387357577149913,cgc,12,F6T1,fall_residual,,0.6923076923076924,leave_one_neuron,ok,1
B,bad neurons removed; artefacts retained,True,6,1.0,132.0,7.938357134205272,0.5249245397917484,0.46965646296002816,cgc,2176,F6T1,fall_residual,,1.0,leave_one_transient,ok,1
B,bad neurons removed; artefacts retained,False,6,1.0,110.0,14.156658677196496,0.5632150253115413,0.49252712527302334,cgc,8,F6T2,full,,1.0,time_window,ok,2
B,bad neurons removed; artefacts retained,False,6,0.8181818181818182,90.0,6.069747230576819,0.540936447716999,0.4500983701289908,cgc,11,F6T2,full,,0.6666666666666664,leave_one_neuron,ok,2
B,bad neurons removed; artefacts retained,False,6,1.0,110.0,10.421055263289302,0.7090685298141169,0.4811538928297604,cgc,8,F6T2,deconvolved,,1.0,time_window,ok,2
B,bad neurons removed; artefacts retained,False,6,0.8181818181818182,90.0,4.077030952265823,0.7600551447512243,0.39893954246606234,cgc,11,F6T2,deconvolved,,0.6666666666666664,leave_one_neuron,ok,2
B,bad neurons removed; artefacts retained,True,6,0.9995454545454546,109.95,19.076128374277857,0.4011293745340871,0.45917800985324336,cgc,20,F6T2,rise,,0.9990909090909091,event_bootstrap,ok,2
B,bad neurons removed; artefacts retained,True,6,0.9852272727272728,108.375,43.785396844349286,0.34597251648752214,0.48978429423907305,cgc,8,F6T2,rise,,0.9774924273252319,time_window,ok,2
B,bad neurons removed; artefacts retained,True,6,0.8181818181818182,90.0,10.547362855320507,0.4896000682757336,0.4479160549022633,cgc,11,F6T2,rise,,0.6666666666666664,leave_one_neuron,ok,2
B,bad neurons removed; artefacts retained,True,6,1.0,110.0,12.72325297989354,0.49792379931031217,0.43836801620773663,cgc,2030,F6T2,rise,,1.0,leave_one_transient,ok,2
B,bad neurons removed; artefacts retained,True,6,1.0,110.0,10.745888947569764,0.5226574232424477,0.5827962359096711,cgc,20,F6T2,fall,,1.0,event_bootstrap,ok,2
B,bad neurons removed; artefacts retained,True,6,1.0,110.0,19.678267198955407,0.4910152544168131,0.508891109318494,cgc,8,F6T2,fall,,1.0,time_window,ok,2
B,bad neurons removed; artefacts retained,True,6,0.8181818181818182,90.0,6.8817977583365995,0.5551299024222662,0.5956221710343047,cgc,11,F6T2,fall,,0.6666666666666664,leave_one_neuron,ok,2
B,bad neurons removed; artefacts retained,True,6,1.0,110.0,8.268639862550664,0.5610379417393094,0.6037823172798177,cgc,2032,F6T2,fall,,1.0,leave_one_transient,ok,2
B,bad neurons removed; artefacts retained,True,6,1.0,110.0,13.54191657855937,0.40944211713196416,0.4976440898885307,cgc,20,F6T2,fall_residual,,1.0,event_bootstrap,ok,2
B,bad neurons removed; artefacts retained,True,6,1.0,110.0,33.50719253522911,0.39766264512149063,0.47748812851510086,cgc,8,F6T2,fall_residual,,1.0,time_window,ok,2
B,bad neurons removed; artefacts retained,True,6,0.8181818181818182,90.0,8.058367574552545,0.417935687696893,0.44432625450805624,cgc,11,F6T2,fall_residual,,0.6666666666666664,leave_one_neuron,ok,2
B,bad neurons removed; artefacts retained,True,6,1.0,110.0,9.684966707046712,0.41054628865139053,0.43730798820714667,cgc,2319,F6T2,fall_residual,,1.0,leave_one_transient,ok,2
C,bad neurons removed; artefacts corrected,False,1,1.0,380.0,51.472430813147874,0.576500571197883,0.4940727353073635,cgc,8,F1T1,full,,1.0,time_window,ok,1
C,bad neurons removed; artefacts corrected,False,1,0.8999999999999998,342.0,18.54183217155021,0.6223856036455568,0.4735591015532135,cgc,20,F1T1,full,,0.8095238095238096,leave_one_neuron,ok,1
C,bad neurons removed; artefacts corrected,False,1,1.0,380.0,39.16623599289461,0.8104057147989998,0.5282807399755454,cgc,8,F1T1,deconvolved,,1.0,time_window,ok,1
C,bad neurons removed; artefacts corrected,False,1,0.8999999999999998,342.0,16.176172018251997,0.8786572463929353,0.5130224215785739,cgc,20,F1T1,deconvolved,,0.8095238095238096,leave_one_neuron,ok,1
C,bad neurons removed; artefacts corrected,True,1,0.9734210526315789,369.9,138.92596967194046,0.2360715691822303,0.473790465764548,cgc,20,F1T1,rise,,0.974602407674072,event_bootstrap,ok,1
C,bad neurons removed; artefacts corrected,True,1,0.8625,327.75,176.56891079647113,0.46004586614703047,0.4552927558323565,cgc,8,F1T1,rise,,0.8563914542619082,time_window,ok,1
C,bad neurons removed; artefacts corrected,True,1,0.8947368421052632,340.0,86.44178486826202,0.29409640301669115,0.4703390644684994,cgc,20,F1T1,rise,,0.8087389043181914,leave_one_neuron,ok,1
C,bad neurons removed; artefacts corrected,True,1,0.994722788279109,377.9946595460614,99.50997782414844,0.2819841282603731,0.46704027786281377,cgc,1498,F1T1,rise,,0.9999717766367495,leave_one_transient,ok,1
C,bad neurons removed; artefacts corrected,True,1,1.0,380.0,30.86036674322986,0.5679018918776714,0.5571592714693494,cgc,20,F1T1,fall,,1.0,event_bootstrap,ok,1
C,bad neurons removed; artefacts corrected,True,1,1.0,380.0,63.231283023450295,0.49702348651787565,0.49666518279722377,cgc,8,F1T1,fall,,1.0,time_window,ok,1
C,bad neurons removed; artefacts corrected,True,1,0.8999999999999998,342.0,22.468729914495064,0.6126512240534899,0.5874048805721273,cgc,20,F1T1,fall,,0.8095238095238096,leave_one_neuron,ok,1
C,bad neurons removed; artefacts corrected,True,1,1.0,380.0,24.57535619143259,0.6099621091604025,0.5865873528473152,cgc,1498,F1T1,fall,,1.0,leave_one_transient,ok,1
C,bad neurons removed; artefacts corrected,True,1,1.0,380.0,31.879539877239203,0.4720279978251625,0.5150076966476899,cgc,20,F1T1,fall_residual,,1.0,event_bootstrap,ok,1
C,bad neurons removed; artefacts corrected,True,1,1.0,380.0,75.0432073385047,0.4133275047738292,0.4863645964118279,cgc,8,F1T1,fall_residual,,1.0,time_window,ok,1
C,bad neurons removed; artefacts corrected,True,1,0.8999999999999998,342.0,20.43256180897692,0.5195152079042874,0.5338411389333266,cgc,20,F1T1,fall_residual,,0.8095238095238096,leave_one_neuron,ok,1
C,bad neurons removed; artefacts corrected,True,1,1.0,380.0,22.868393423683568,0.5161710722756835,0.5346731463273433,cgc,1740,F1T1,fall_residual,,1.0,leave_one_transient,ok,1
C,bad neurons removed; artefacts corrected,False,1,1.0,132.0,19.713326414791275,0.6094920477147411,0.4884154015133557,cgc,8,F1T2,full,,1.0,time_window,ok,2
C,bad neurons removed; artefacts corrected,False,1,0.8333333333333335,110.0,6.699789997722512,0.7028210112104669,0.498367317481848,cgc,12,F1T2,full,,0.6923076923076924,leave_one_neuron,ok,2
C,bad neurons removed; artefacts corrected,False,1,1.0,132.0,13.035453670422552,0.9390521919550833,0.4709281208074656,cgc,8,F1T2,deconvolved,,1.0,time_window,ok,2
C,bad neurons removed; artefacts corrected,False,1,0.8333333333333335,110.0,5.0125335695388555,0.9384726104506097,0.4767333999745553,cgc,12,F1T2,deconvolved,,0.6923076923076924,leave_one_neuron,ok,2
C,bad neurons removed; artefacts corrected,True,1,0.9981060606060606,131.75,38.14170273126153,0.29744949306758683,0.6102685458494419,cgc,20,F1T2,rise,,0.9962918660287081,event_bootstrap,ok,2
C,bad neurons removed; artefacts corrected,True,1,0.8920454545454546,117.75,57.4103534509767,0.4117376343087257,0.5190567758093377,cgc,8,F1T2,rise,,0.8363394571364732,time_window,ok,2
C,bad neurons removed; artefacts corrected,True,1,0.8333333333333335,110.0,17.948338014233688,0.4201029743590599,0.6302200573205626,cgc,12,F1T2,rise,,0.6923076923076924,leave_one_neuron,ok,2
C,bad neurons removed; artefacts corrected,True,1,1.0,132.0,22.90412144333199,0.38358012180184575,0.6411738375515958,cgc,1152,F1T2,rise,,1.0,leave_one_transient,ok,2
C,bad neurons removed; artefacts corrected,True,1,1.0,132.0,12.246174053734345,0.5872995696920917,0.5527293345438983,cgc,20,F1T2,fall,,1.0,event_bootstrap,ok,2
C,bad neurons removed; artefacts corrected,True,1,1.0,132.0,21.9988179928661,0.5256829466496387,0.5444204678223901,cgc,8,F1T2,fall,,1.0,time_window,ok,2
C,bad neurons removed; artefacts corrected,True,1,0.8333333333333335,110.0,8.56217389146607,0.6247389104810649,0.5595548703097785,cgc,12,F1T2,fall,,0.6923076923076924,leave_one_neuron,ok,2
C,bad neurons removed; artefacts corrected,True,1,1.0,132.0,10.155100724723784,0.6234316728612234,0.5582040300447764,cgc,1150,F1T2,fall,,1.0,leave_one_transient,ok,2
C,bad neurons removed; artefacts corrected,True,1,1.0,132.0,11.536908586388467,0.5371327105004882,0.5229366907032504,cgc,20,F1T2,fall_residual,,1.0,event_bootstrap,ok,2
C,bad neurons removed; artefacts corrected,True,1,1.0,132.0,21.535340975390977,0.4993575463626847,0.521341777026521,cgc,8,F1T2,fall_residual,,1.0,time_window,ok,2
C,bad neurons removed; artefacts corrected,True,1,0.8333333333333335,110.0,7.805901095003382,0.5856236709072421,0.5192266065068445,cgc,12,F1T2,fall_residual,,0.6923076923076924,leave_one_neuron,ok,2
C,bad neurons removed; artefacts corrected,True,1,1.0,132.0,9.286214582007505,0.5807870902506015,0.5189378618452486,cgc,1172,F1T2,fall_residual,,1.0,leave_one_transient,ok,2
C,bad neurons removed; artefacts corrected,False,3,1.0,182.0,26.807141216320606,0.5663071486374371,0.5066263411900614,cgc,8,F3T1,full,,1.0,time_window,ok,1
C,bad neurons removed; artefacts corrected,False,3,0.8571428571428573,156.0,7.791993274990781,0.6329322580775809,0.510047248614501,cgc,14,F3T1,full,,0.7333333333333334,leave_one_neuron,ok,1
C,bad neurons removed; artefacts corrected,False,3,0.9478021978021978,172.5,19.477729436380642,0.786765898460543,0.5219040977495315,cgc,8,F3T1,deconvolved,,0.9050235478806907,time_window,ok,1
C,bad neurons removed; artefacts corrected,False,3,0.8571428571428573,156.0,9.338342020129527,0.836152186302216,0.48049015584485316,cgc,14,F3T1,deconvolved,,0.7333333333333334,leave_one_neuron,ok,1
C,bad neurons removed; artefacts corrected,True,3,1.0,182.0,49.62860352200366,0.35813088947457905,0.5640796979933006,cgc,20,F3T1,rise,,1.0,event_bootstrap,ok,1
C,bad neurons removed; artefacts corrected,True,3,0.9443681318681318,171.875,84.00275977699916,0.4443670135485861,0.5060834409013912,cgc,8,F3T1,rise,,0.9174714631413246,time_window,ok,1
C,bad neurons removed; artefacts corrected,True,3,0.8571428571428573,156.0,25.375283174569773,0.5146988462886781,0.5824411732338609,cgc,14,F3T1,rise,,0.7333333333333334,leave_one_neuron,ok,1
C,bad neurons removed; artefacts corrected,True,3,1.0,182.0,30.09013568565721,0.5099559157162122,0.5873100451995064,cgc,1862,F3T1,rise,,1.0,leave_one_transient,ok,1
C,bad neurons removed; artefacts corrected,True,3,1.0,182.0,16.19432193926124,0.5411135861389407,0.4665586470542705,cgc,20,F3T1,fall,,1.0,event_bootstrap,ok,1
C,bad neurons removed; artefacts corrected,True,3,1.0,182.0,33.63411901133168,0.5153055120412078,0.5358208362964435,cgc,8,F3T1,fall,,1.0,time_window,ok,1
C,bad neurons removed; artefacts corrected,True,3,0.8571428571428573,156.0,11.418724552028838,0.5501148278397466,0.4381665809171353,cgc,14,F3T1,fall,,0.7333333333333334,leave_one_neuron,ok,1
C,bad neurons removed; artefacts corrected,True,3,1.0,182.0,13.542971862419979,0.5518162770245617,0.4320359056615273,cgc,1864,F3T1,fall,,1.0,leave_one_transient,ok,1
C,bad neurons removed; artefacts corrected,True,3,1.0,182.0,17.482787601327168,0.4911165571327666,0.45922854294279275,cgc,20,F3T1,fall_residual,,1.0,event_bootstrap,ok,1
C,bad neurons removed; artefacts corrected,True,3,1.0,182.0,33.40270931002638,0.48891831991861934,0.5045921711322534,cgc,8,F3T1,fall_residual,,1.0,time_window,ok,1
C,bad neurons removed; artefacts corrected,True,3,0.8571428571428573,156.0,11.75845358575377,0.4871033099918809,0.4280577662946786,cgc,14,F3T1,fall_residual,,0.7333333333333334,leave_one_neuron,ok,1
C,bad neurons removed; artefacts corrected,True,3,1.0,182.0,13.935740292961967,0.4907295562278909,0.4278207614153864,cgc,1918,F3T1,fall_residual,,1.0,leave_one_transient,ok,1
C,bad neurons removed; artefacts corrected,False,3,1.0,110.0,16.44551580289166,0.6146594722449503,0.500164326243218,cgc,8,F3T2,full,,1.0,time_window,ok,2
C,bad neurons removed; artefacts corrected,False,3,0.8181818181818182,90.0,5.86090998081736,0.6564732390772925,0.5230819734961938,cgc,11,F3T2,full,,0.6666666666666664,leave_one_neuron,ok,2
C,bad neurons removed; artefacts corrected,False,3,1.0,110.0,12.707393443185257,0.7325149012623022,0.5258690004791957,cgc,8,F3T2,deconvolved,,1.0,time_window,ok,2
C,bad neurons removed; artefacts corrected,False,3,0.8181818181818182,90.0,5.606389515896362,0.7887100310059227,0.5807234590044467,cgc,11,F3T2,deconvolved,,0.6666666666666664,leave_one_neuron,ok,2
C,bad neurons removed; artefacts corrected,True,3,1.0,110.0,24.08175055399588,0.4864081970199107,0.5522273143883096,cgc,20,F3T2,rise,,1.0,event_bootstrap,ok,2
C,bad neurons removed; artefacts corrected,True,3,0.9840909090909091,108.25,52.27600519197163,0.4124709875999585,0.5107867179655629,cgc,8,F3T2,rise,,0.9681818181818181,time_window,ok,2
C,bad neurons removed; artefacts corrected,True,3,0.8181818181818182,90.0,12.061752440438664,0.674095073944604,0.572607427605388,cgc,11,F3T2,rise,,0.6666666666666664,leave_one_neuron,ok,2
C,bad neurons removed; artefacts corrected,True,3,1.0,110.0,14.535700202505108,0.6842531856477349,0.5864762527925055,cgc,1725,F3T2,rise,,1.0,leave_one_transient,ok,2
C,bad neurons removed; artefacts corrected,True,3,1.0,110.0,9.688673727509261,0.5542939967427278,0.4947350535673113,cgc,20,F3T2,fall,,1.0,event_bootstrap,ok,2
C,bad neurons removed; artefacts corrected,True,3,1.0,110.0,18.938615634310015,0.5162142439747383,0.5303151789827532,cgc,8,F3T2,fall,,1.0,time_window,ok,2
C,bad neurons removed; artefacts corrected,True,3,0.8181818181818182,90.0,6.521266093153096,0.5717655658364585,0.46835312721292993,cgc,11,F3T2,fall,,0.6666666666666664,leave_one_neuron,ok,2
C,bad neurons removed; artefacts corrected,True,3,1.0,110.0,8.08787606533203,0.5684465290715027,0.46989947515400904,cgc,1730,F3T2,fall,,1.0,leave_one_transient,ok,2
C,bad neurons removed; artefacts corrected,True,3,1.0,110.0,9.38916058034416,0.4728614377332673,0.530393841050672,cgc,20,F3T2,fall_residual,,1.0,event_bootstrap,ok,2
C,bad neurons removed; artefacts corrected,True,3,1.0,110.0,23.702074038941632,0.4953964413655917,0.5056398200300541,cgc,8,F3T2,fall_residual,,1.0,time_window,ok,2
C,bad neurons removed; artefacts corrected,True,3,0.8181818181818182,90.0,5.3895024291638824,0.5029766180180583,0.5701059493208235,cgc,11,F3T2,fall_residual,,0.6666666666666664,leave_one_neuron,ok,2
C,bad neurons removed; artefacts corrected,True,3,1.0,110.0,6.602494799176123,0.4937053347124997,0.5842289977159725,cgc,1883,F3T2,fall_residual,,1.0,leave_one_transient,ok,2
C,bad neurons removed; artefacts corrected,False,4,1.0,72.0,13.108883267580087,0.631765382750826,0.546969193455604,cgc,8,F4T1,full,,1.0,time_window,ok,1
C,bad neurons removed; artefacts corrected,False,4,0.7777777777777778,56.0,4.115851261031791,0.7126222107204063,0.4682193769137483,cgc,9,F4T1,full,,0.6000000000000001,leave_one_neuron,ok,1
C,bad neurons removed; artefacts corrected,False,4,1.0,72.0,12.790981630290513,0.8388486713449166,0.48797271107040663,cgc,8,F4T1,deconvolved,,1.0,time_window,ok,1
C,bad neurons removed; artefacts corrected,False,4,0.7777777777777778,56.0,5.384169938890336,0.7552633721517359,0.5271889359620796,cgc,9,F4T1,deconvolved,,0.6000000000000001,leave_one_neuron,ok,1
C,bad neurons removed; artefacts corrected,True,4,0.9965277777777777,71.75,25.555140110770143,0.3572040194561813,0.4936944866138995,cgc,20,F4T1,rise,,0.993346923647146,event_bootstrap,ok,1
C,bad neurons removed; artefacts corrected,True,4,0.8333333333333334,60.0,34.403416721998326,0.5590032367171067,0.5018966351503612,cgc,8,F4T1,rise,,0.7917103496532685,time_window,ok,1
C,bad neurons removed; artefacts corrected,True,4,0.7777777777777778,56.0,12.014888180965645,0.4616244302006442,0.49603945001298694,cgc,9,F4T1,rise,,0.6000000000000001,leave_one_neuron,ok,1
C,bad neurons removed; artefacts corrected,True,4,1.0,72.0,18.779532227821104,0.40387274381008387,0.50239243414934,cgc,1104,F4T1,rise,,1.0,leave_one_transient,ok,1
C,bad neurons removed; artefacts corrected,True,4,1.0,72.0,7.54162612740226,0.6914947626662189,0.3819342519436577,cgc,20,F4T1,fall,,1.0,event_bootstrap,ok,1
C,bad neurons removed; artefacts corrected,True,4,1.0,72.0,13.752888187495596,0.5926452666332872,0.41270390237330257,cgc,8,F4T1,fall,,1.0,time_window,ok,1
C,bad neurons removed; artefacts corrected,True,4,0.7777777777777778,56.0,5.69371493419582,0.7215506927283232,0.36926220875746757,cgc,9,F4T1,fall,,0.6000000000000001,leave_one_neuron,ok,1
C,bad neurons removed; artefacts corrected,True,4,1.0,72.0,6.729954514473512,0.7230430402519614,0.3530698875389039,cgc,1108,F4T1,fall,,1.0,leave_one_transient,ok,1
C,bad neurons removed; artefacts corrected,True,4,1.0,72.0,7.628742540993768,0.5137374511175393,0.4212313210522248,cgc,20,F4T1,fall_residual,,1.0,event_bootstrap,ok,1
C,bad neurons removed; artefacts corrected,True,4,1.0,72.0,12.326947396367782,0.5290516013618107,0.4915194886337092,cgc,8,F4T1,fall_residual,,1.0,time_window,ok,1
C,bad neurons removed; artefacts corrected,True,4,0.7777777777777778,56.0,5.1681011144804225,0.5349691831222184,0.41871289313741183,cgc,9,F4T1,fall_residual,,0.6000000000000001,leave_one_neuron,ok,1
C,bad neurons removed; artefacts corrected,True,4,1.0,72.0,6.668033708665204,0.5182225170833141,0.4129225488494586,cgc,1153,F4T1,fall_residual,,1.0,leave_one_transient,ok,1
C,bad neurons removed; artefacts corrected,False,5,1.0,156.0,19.897419674874378,0.560073691662063,0.49969458353341434,cgc,8,F5T1,full,,1.0,time_window,ok,1
C,bad neurons removed; artefacts corrected,False,5,0.8461538461538463,132.0,6.564090022999253,0.6770648203348355,0.5080886154427172,cgc,13,F5T1,full,,0.7142857142857144,leave_one_neuron,ok,1
C,bad neurons removed; artefacts corrected,False,5,1.0,156.0,18.275093529568544,0.7471943592493335,0.5125078866574124,cgc,8,F5T1,deconvolved,,1.0,time_window,ok,1
C,bad neurons removed; artefacts corrected,False,5,0.8461538461538463,132.0,6.999016933913229,0.7789721606436701,0.4573200600876564,cgc,13,F5T1,deconvolved,,0.7142857142857144,leave_one_neuron,ok,1
C,bad neurons removed; artefacts corrected,True,5,1.0,156.0,43.417410237211215,0.3890036500061115,0.5584705034559834,cgc,20,F5T1,rise,,1.0,event_bootstrap,ok,1
C,bad neurons removed; artefacts corrected,True,5,0.952724358974359,148.625,68.65272542982167,0.4414355553388928,0.5267343971010816,cgc,8,F5T1,rise,,0.9203983551818864,time_window,ok,1
C,bad neurons removed; artefacts corrected,True,5,0.8461538461538463,132.0,21.69987982180045,0.5932152748644011,0.5327089791690638,cgc,13,F5T1,rise,,0.7142857142857144,leave_one_neuron,ok,1
C,bad neurons removed; artefacts corrected,True,5,1.0,156.0,26.067679225035732,0.5876752481791985,0.5574854272463962,cgc,1808,F5T1,rise,,1.0,leave_one_transient,ok,1
C,bad neurons removed; artefacts corrected,True,5,1.0,156.0,12.326857047974382,0.48020763398641664,0.4599419235556586,cgc,20,F5T1,fall,,1.0,event_bootstrap,ok,1
C,bad neurons removed; artefacts corrected,True,5,1.0,156.0,26.242768144631924,0.49473175718298923,0.4900153160341061,cgc,8,F5T1,fall,,1.0,time_window,ok,1
C,bad neurons removed; artefacts corrected,True,5,0.8461538461538463,132.0,8.646562747444722,0.46627405581248954,0.45709474255199856,cgc,13,F5T1,fall,,0.7142857142857144,leave_one_neuron,ok,1
C,bad neurons removed; artefacts corrected,True,5,1.0,156.0,9.843419007793264,0.46091960490960815,0.4615423952300684,cgc,1814,F5T1,fall,,1.0,leave_one_transient,ok,1
C,bad neurons removed; artefacts corrected,True,5,1.0,156.0,13.569531811750242,0.46935172068413467,0.4917625329588759,cgc,20,F5T1,fall_residual,,1.0,event_bootstrap,ok,1
C,bad neurons removed; artefacts corrected,True,5,1.0,156.0,32.43041890098654,0.4447200107891224,0.4974393618070274,cgc,8,F5T1,fall_residual,,1.0,time_window,ok,1
C,bad neurons removed; artefacts corrected,True,5,0.8461538461538463,132.0,8.247508341858683,0.4744074642732121,0.4845152302197269,cgc,13,F5T1,fall_residual,,0.7142857142857144,leave_one_neuron,ok,1
C,bad neurons removed; artefacts corrected,True,5,1.0,156.0,9.483817833951091,0.47002977818072456,0.4707657695235439,cgc,2322,F5T1,fall_residual,,1.0,leave_one_transient,ok,1
C,bad neurons removed; artefacts corrected,False,5,1.0,272.0,35.26891651656773,0.5620441475752153,0.4815412921007124,cgc,8,F5T2,full,,1.0,time_window,ok,2
C,bad neurons removed; artefacts corrected,False,5,0.8823529411764706,240.0,13.937425594717599,0.6171419521334846,0.4921597601117874,cgc,17,F5T2,full,,0.7777777777777777,leave_one_neuron,ok,2
C,bad neurons removed; artefacts corrected,False,5,1.0,272.0,31.603974738994545,0.7720879723483615,0.45817082384490937,cgc,8,F5T2,deconvolved,,1.0,time_window,ok,2
C,bad neurons removed; artefacts corrected,False,5,0.8823529411764706,240.0,11.629134358524052,0.8128378396455186,0.4375845659109,cgc,17,F5T2,deconvolved,,0.7777777777777777,leave_one_neuron,ok,2
C,bad neurons removed; artefacts corrected,True,5,1.0,272.0,63.72940547931279,0.41787289859090226,0.5012765150725451,cgc,20,F5T2,rise,,1.0,event_bootstrap,ok,2
C,bad neurons removed; artefacts corrected,True,5,0.9825367647058824,267.25,144.35162516509678,0.49765358714575014,0.537781439221332,cgc,8,F5T2,rise,,0.9751843909038339,time_window,ok,2
C,bad neurons removed; artefacts corrected,True,5,0.8823529411764706,240.0,34.41430498165813,0.5932215003770858,0.4906726902211344,cgc,17,F5T2,rise,,0.7777777777777777,leave_one_neuron,ok,2
C,bad neurons removed; artefacts corrected,True,5,1.0,272.0,39.52971508929308,0.5868420206266072,0.5019387886981236,cgc,2943,F5T2,rise,,1.0,leave_one_transient,ok,2
C,bad neurons removed; artefacts corrected,True,5,1.0,272.0,21.4253358316393,0.49494069991665357,0.48321700882495844,cgc,20,F5T2,fall,,1.0,event_bootstrap,ok,2
C,bad neurons removed; artefacts corrected,True,5,1.0,272.0,50.11302015645798,0.5017877049319319,0.4990796648700434,cgc,8,F5T2,fall,,1.0,time_window,ok,2
C,bad neurons removed; artefacts corrected,True,5,0.8823529411764706,240.0,13.853621714121964,0.48489955783307553,0.4798920934657859,cgc,17,F5T2,fall,,0.7777777777777777,leave_one_neuron,ok,2
C,bad neurons removed; artefacts corrected,True,5,1.0,272.0,15.576098166241284,0.48271579193139014,0.4798692817727929,cgc,2938,F5T2,fall,,1.0,leave_one_transient,ok,2
C,bad neurons removed; artefacts corrected,True,5,1.0,272.0,25.452996927687444,0.48818635683349765,0.4681988834251348,cgc,20,F5T2,fall_residual,,1.0,event_bootstrap,ok,2
C,bad neurons removed; artefacts corrected,True,5,1.0,272.0,61.52489974948706,0.4629478451970892,0.5125297710194471,cgc,8,F5T2,fall_residual,,1.0,time_window,ok,2
C,bad neurons removed; artefacts corrected,True,5,0.8823529411764706,240.0,15.785671069230522,0.5042177511839959,0.45513264587677993,cgc,17,F5T2,fall_residual,,0.7777777777777777,leave_one_neuron,ok,2
C,bad neurons removed; artefacts corrected,True,5,1.0,272.0,17.541007751311312,0.4998332865455028,0.4479262973432491,cgc,3291,F5T2,fall_residual,,1.0,leave_one_transient,ok,2
C,bad neurons removed; artefacts corrected,False,6,1.0,132.0,16.134710928692492,0.5616828969019791,0.499234012134972,cgc,8,F6T1,full,,1.0,time_window,ok,1
C,bad neurons removed; artefacts corrected,False,6,0.8333333333333335,110.0,6.239163160054482,0.49542440601851573,0.5359142911953868,cgc,12,F6T1,full,,0.6923076923076924,leave_one_neuron,ok,1
C,bad neurons removed; artefacts corrected,False,6,1.0,132.0,11.924111680856868,0.7176400816835332,0.47214688511301284,cgc,8,F6T1,deconvolved,,1.0,time_window,ok,1
C,bad neurons removed; artefacts corrected,False,6,0.8333333333333335,110.0,5.138134704140249,0.7920341527064635,0.5088644998500311,cgc,12,F6T1,deconvolved,,0.6923076923076924,leave_one_neuron,ok,1
C,bad neurons removed; artefacts corrected,True,6,1.0,132.0,29.05474956938965,0.33912035857553235,0.5778388779782778,cgc,20,F6T1,rise,,1.0,event_bootstrap,ok,1
C,bad neurons removed; artefacts corrected,True,6,0.9649621212121212,127.375,54.229275851987424,0.32909636337588577,0.4898855363852411,cgc,8,F6T1,rise,,0.944044426823441,time_window,ok,1
C,bad neurons removed; artefacts corrected,True,6,0.8333333333333335,110.0,14.160958030505183,0.46349957876260667,0.5871312971571153,cgc,12,F6T1,rise,,0.6923076923076924,leave_one_neuron,ok,1
C,bad neurons removed; artefacts corrected,True,6,1.0,132.0,16.954801020562115,0.48241332087385713,0.6115784829277784,cgc,1965,F6T1,rise,,1.0,leave_one_transient,ok,1
C,bad neurons removed; artefacts corrected,True,6,1.0,132.0,10.516925487537412,0.4370590923833002,0.46756040006585453,cgc,20,F6T1,fall,,1.0,event_bootstrap,ok,1
C,bad neurons removed; artefacts corrected,True,6,1.0,132.0,22.788067655339123,0.4409771167071066,0.5063984465991743,cgc,8,F6T1,fall,,1.0,time_window,ok,1
C,bad neurons removed; artefacts corrected,True,6,0.8333333333333335,110.0,6.647454630114976,0.4255368803718984,0.4547840707106057,cgc,12,F6T1,fall,,0.6923076923076924,leave_one_neuron,ok,1
C,bad neurons removed; artefacts corrected,True,6,1.0,132.0,7.478991575197293,0.42559087450079586,0.4551725235286071,cgc,1971,F6T1,fall,,1.0,leave_one_transient,ok,1
C,bad neurons removed; artefacts corrected,True,6,1.0,132.0,12.481092836369717,0.48239564659899103,0.47363112684496594,cgc,20,F6T1,fall_residual,,1.0,event_bootstrap,ok,1
C,bad neurons removed; artefacts corrected,True,6,1.0,132.0,30.32555160814097,0.39817323100964547,0.5073079910196837,cgc,8,F6T1,fall_residual,,1.0,time_window,ok,1
C,bad neurons removed; artefacts corrected,True,6,0.8333333333333335,110.0,7.803594855320199,0.49142224871078394,0.44235997576644226,cgc,12,F6T1,fall_residual,,0.6923076923076924,leave_one_neuron,ok,1
C,bad neurons removed; artefacts corrected,True,6,1.0,132.0,9.001790862694572,0.49729611379896044,0.44677042560108793,cgc,2172,F6T1,fall_residual,,1.0,leave_one_transient,ok,1
C,bad neurons removed; artefacts corrected,False,6,1.0,110.0,14.156658677196496,0.5632150253115413,0.49252712527302334,cgc,8,F6T2,full,,1.0,time_window,ok,2
C,bad neurons removed; artefacts corrected,False,6,0.8181818181818182,90.0,6.069747230576819,0.540936447716999,0.4500983701289908,cgc,11,F6T2,full,,0.6666666666666664,leave_one_neuron,ok,2
C,bad neurons removed; artefacts corrected,False,6,1.0,110.0,10.421055263289302,0.7090685298141169,0.4811538928297604,cgc,8,F6T2,deconvolved,,1.0,time_window,ok,2
C,bad neurons removed; artefacts corrected,False,6,0.8181818181818182,90.0,4.077030952265823,0.7600551447512243,0.39893954246606234,cgc,11,F6T2,deconvolved,,0.6666666666666664,leave_one_neuron,ok,2
C,bad neurons removed; artefacts corrected,True,6,1.0,110.0,19.18604659537041,0.3878925737282302,0.46179862970482455,cgc,20,F6T2,rise,,1.0,event_bootstrap,ok,2
C,bad neurons removed; artefacts corrected,True,6,0.9852272727272728,108.375,43.785396844349286,0.34597251648752214,0.48978429423907305,cgc,8,F6T2,rise,,0.9774924273252319,time_window,ok,2
C,bad neurons removed; artefacts corrected,True,6,0.8181818181818182,90.0,10.547362855320507,0.4896000682757336,0.4479160549022633,cgc,11,F6T2,rise,,0.6666666666666664,leave_one_neuron,ok,2
C,bad neurons removed; artefacts corrected,True,6,1.0,110.0,12.72325297989354,0.49792379931031217,0.43836801620773663,cgc,2030,F6T2,rise,,1.0,leave_one_transient,ok,2
C,bad neurons removed; artefacts corrected,True,6,1.0,110.0,10.339873428148103,0.5318366761451203,0.5575404847460739,cgc,20,F6T2,fall,,1.0,event_bootstrap,ok,2
C,bad neurons removed; artefacts corrected,True,6,1.0,110.0,19.678267198955407,0.4910152544168131,0.508891109318494,cgc,8,F6T2,fall,,1.0,time_window,ok,2
C,bad neurons removed; artefacts corrected,True,6,0.8181818181818182,90.0,6.8817977583365995,0.5551299024222662,0.5956221710343047,cgc,11,F6T2,fall,,0.6666666666666664,leave_one_neuron,ok,2
C,bad neurons removed; artefacts corrected,True,6,1.0,110.0,8.268639862550664,0.5610379417393094,0.6037823172798177,cgc,2032,F6T2,fall,,1.0,leave_one_transient,ok,2
C,bad neurons removed; artefacts corrected,True,6,1.0,110.0,13.287180772902081,0.4178901675629583,0.4939535300216812,cgc,20,F6T2,fall_residual,,1.0,event_bootstrap,ok,2
C,bad neurons removed; artefacts corrected,True,6,1.0,110.0,33.50719253522911,0.39766264512149063,0.47748812851510086,cgc,8,F6T2,fall_residual,,1.0,time_window,ok,2
C,bad neurons removed; artefacts corrected,True,6,0.8181818181818182,90.0,8.058367574552545,0.417935687696893,0.44432625450805624,cgc,11,F6T2,fall_residual,,0.6666666666666664,leave_one_neuron,ok,2
C,bad neurons removed; artefacts corrected,True,6,1.0,110.0,9.684966707046712,0.41054628865139053,0.43730798820714667,cgc,2319,F6T2,fall_residual,,1.0,leave_one_transient,ok,2
D,bad neurons removed; artefacts corrected; smoothed,False,1,1.0,380.0,65.0582885537126,0.5497265301416892,0.5091473155561315,cgc,8,F1T1,full,,1.0,time_window,ok,1
D,bad neurons removed; artefacts corrected; smoothed,False,1,0.8999999999999998,342.0,19.72820568463731,0.5961506690013086,0.4949212519570326,cgc,20,F1T1,full,,0.8095238095238096,leave_one_neuron,ok,1
D,bad neurons removed; artefacts corrected; smoothed,False,1,1.0,380.0,44.595761288828456,0.8351575177216529,0.5128450704312799,cgc,8,F1T1,deconvolved,,1.0,time_window,ok,1
D,bad neurons removed; artefacts corrected; smoothed,False,1,0.8999999999999998,342.0,15.99489803451149,0.8967655440415191,0.5426276888794975,cgc,20,F1T1,deconvolved,,0.8095238095238096,leave_one_neuron,ok,1
D,bad neurons removed; artefacts corrected; smoothed,True,1,0.7073684210526314,268.8,91.65482055242407,0.3467459291399776,0.48051988349427194,cgc,20,F1T1,rise,,0.8530275436569644,event_bootstrap,ok,1
D,bad neurons removed; artefacts corrected; smoothed,True,1,0.5654605263157895,214.875,101.41274462035639,0.8259520733950918,0.4893671838788607,cgc,8,F1T1,rise,,0.8566315692864536,time_window,ok,1
D,bad neurons removed; artefacts corrected; smoothed,True,1,0.7632894736842106,290.05,97.6332152248731,0.24070439335966834,0.47897625278663253,cgc,20,F1T1,rise,,0.7881381145979219,leave_one_neuron,ok,1
D,bad neurons removed; artefacts corrected; smoothed,True,1,0.8417576961271102,319.8679245283019,109.16286109751657,0.23134806806397412,0.47662521512179207,cgc,742,F1T1,rise,,0.9991757226133751,leave_one_transient,ok,1
D,bad neurons removed; artefacts corrected; smoothed,True,1,1.0,380.0,36.99906343124079,0.6404302393072612,0.5369643116284547,cgc,20,F1T1,fall,,1.0,event_bootstrap,ok,1
D,bad neurons removed; artefacts corrected; smoothed,True,1,1.0,380.0,81.86682977597285,0.5019346688292083,0.5150348175731889,cgc,8,F1T1,fall,,1.0,time_window,ok,1
D,bad neurons removed; artefacts corrected; smoothed,True,1,0.8999999999999998,342.0,29.099806857601276,0.6901369647316111,0.5448785197224423,cgc,20,F1T1,fall,,0.8095238095238096,leave_one_neuron,ok,1
D,bad neurons removed; artefacts corrected; smoothed,True,1,1.0,380.0,31.41582478334461,0.6901258930296033,0.5428107758272898,cgc,742,F1T1,fall,,1.0,leave_one_transient,ok,1
D,bad neurons removed; artefacts corrected; smoothed,True,1,1.0,380.0,38.108114596286875,0.5525777689922934,0.505848421207945,cgc,20,F1T1,fall_residual,,1.0,event_bootstrap,ok,1
D,bad neurons removed; artefacts corrected; smoothed,True,1,1.0,380.0,93.51637925064192,0.4284509081057096,0.49121040963381607,cgc,8,F1T1,fall_residual,,1.0,time_window,ok,1
D,bad neurons removed; artefacts corrected; smoothed,True,1,0.8999999999999998,342.0,28.48722639038649,0.6174361571479858,0.5207182406742256,cgc,20,F1T1,fall_residual,,0.8095238095238096,leave_one_neuron,ok,1
D,bad neurons removed; artefacts corrected; smoothed,True,1,1.0,380.0,31.428646064557963,0.6146256917088724,0.5185655438807807,cgc,753,F1T1,fall_residual,,1.0,leave_one_transient,ok,1
D,bad neurons removed; artefacts corrected; smoothed,False,1,1.0,132.0,21.73839329451655,0.6067680479270932,0.5083708121625377,cgc,8,F1T2,full,,1.0,time_window,ok,2
D,bad neurons removed; artefacts corrected; smoothed,False,1,0.8333333333333335,110.0,6.848313165200061,0.6774221203723245,0.48266986490331654,cgc,12,F1T2,full,,0.6923076923076924,leave_one_neuron,ok,2
D,bad neurons removed; artefacts corrected; smoothed,False,1,1.0,132.0,15.853603030272085,0.9268115097107018,0.49974122833364565,cgc,8,F1T2,deconvolved,,1.0,time_window,ok,2
D,bad neurons removed; artefacts corrected; smoothed,False,1,0.8333333333333335,110.0,5.370638349155182,0.8908433951539746,0.4870765593702511,cgc,12,F1T2,deconvolved,,0.6923076923076924,leave_one_neuron,ok,2
D,bad neurons removed; artefacts corrected; smoothed,True,1,0.6409090909090909,84.6,26.218506498078863,0.3890236165049854,0.5466368316339356,cgc,20,F1T2,rise,,0.8820750493911071,event_bootstrap,ok,2
D,bad neurons removed; artefacts corrected; smoothed,True,1,0.509469696969697,67.25,27.787648513149108,0.9075444403759488,0.5222839382267841,cgc,8,F1T2,rise,,0.8758295519388604,time_window,ok,2
D,bad neurons removed; artefacts corrected; smoothed,True,1,0.6224747474747475,82.16666666666667,24.94510087273144,0.307447299276646,0.5496894989819036,cgc,12,F1T2,rise,,0.6705899822241435,leave_one_neuron,ok,2
D,bad neurons removed; artefacts corrected; smoothed,True,1,0.7341075794621024,96.90220048899755,28.70859354230918,0.30504411846024815,0.5501971378905527,cgc,409,F1T2,rise,,0.9979903338576835,leave_one_transient,ok,2
D,bad neurons removed; artefacts corrected; smoothed,True,1,1.0,132.0,17.01935005771841,0.6766052880385467,0.5260583461316815,cgc,20,F1T2,fall,,1.0,event_bootstrap,ok,2
D,bad neurons removed; artefacts corrected; smoothed,True,1,1.0,132.0,33.23038281949383,0.49794433508332503,0.530654760910821,cgc,8,F1T2,fall,,1.0,time_window,ok,2
D,bad neurons removed; artefacts corrected; smoothed,True,1,0.8333333333333335,110.0,13.077138448550686,0.7057857990936983,0.5251790469174198,cgc,12,F1T2,fall,,0.6923076923076924,leave_one_neuron,ok,2
D,bad neurons removed; artefacts corrected; smoothed,True,1,1.0,132.0,15.67316856929917,0.6982457127727554,0.5278080037667208,cgc,411,F1T2,fall,,1.0,leave_one_transient,ok,2
D,bad neurons removed; artefacts corrected; smoothed,True,1,1.0,132.0,18.922300582336202,0.595101017008876,0.5036256079973633,cgc,20,F1T2,fall_residual,,1.0,event_bootstrap,ok,2
D,bad neurons removed; artefacts corrected; smoothed,True,1,1.0,132.0,33.67904036312356,0.48101159830371154,0.5247374775170749,cgc,8,F1T2,fall_residual,,1.0,time_window,ok,2
D,bad neurons removed; artefacts corrected; smoothed,True,1,0.8333333333333335,110.0,14.421378537607415,0.6311833920696672,0.5102675191731825,cgc,12,F1T2,fall_residual,,0.6923076923076924,leave_one_neuron,ok,2
D,bad neurons removed; artefacts corrected; smoothed,True,1,1.0,132.0,17.62446306431451,0.6122213321919857,0.5109627025651918,cgc,403,F1T2,fall_residual,,1.0,leave_one_transient,ok,2
D,bad neurons removed; artefacts corrected; smoothed,False,3,1.0,182.0,29.657651131340664,0.5496980567447933,0.5230185902019591,cgc,8,F3T1,full,,1.0,time_window,ok,1
D,bad neurons removed; artefacts corrected; smoothed,False,3,0.8571428571428573,156.0,7.019482406302417,0.5611873557999807,0.522971574427092,cgc,14,F3T1,full,,0.7333333333333334,leave_one_neuron,ok,1
D,bad neurons removed; artefacts corrected; smoothed,False,3,0.929945054945055,169.25,21.102787653698595,0.8570885076908796,0.5124881557395258,cgc,8,F3T1,deconvolved,,0.8712595323349739,time_window,ok,1
D,bad neurons removed; artefacts corrected; smoothed,False,3,0.8571428571428573,156.0,9.203144184548844,0.8207113741259217,0.4993539546033414,cgc,14,F3T1,deconvolved,,0.7333333333333334,leave_one_neuron,ok,1
D,bad neurons removed; artefacts corrected; smoothed,True,3,0.9027472527472528,164.3,60.00785002449328,0.2899931397663621,0.49266908214760424,cgc,20,F3T1,rise,,0.9112847879220864,event_bootstrap,ok,1
D,bad neurons removed; artefacts corrected; smoothed,True,3,0.6510989010989011,118.5,62.11338833348225,0.6653505347781675,0.5055938940115823,cgc,8,F3T1,rise,,0.7386625040317221,time_window,ok,1
D,bad neurons removed; artefacts corrected; smoothed,True,3,0.8453689167974884,153.85714285714286,49.31760022532546,0.2633494975593298,0.5195754975919024,cgc,14,F3T1,rise,,0.7260865509963315,leave_one_neuron,ok,1
D,bad neurons removed; artefacts corrected; smoothed,True,3,0.983203038572166,178.94295302013424,55.40693352214447,0.2716775927751688,0.5145095989779567,cgc,596,F3T1,rise,,0.999364171512822,leave_one_transient,ok,1
D,bad neurons removed; artefacts corrected; smoothed,True,3,1.0,182.0,21.37185391194707,0.5913968750365368,0.48862259835333316,cgc,20,F3T1,fall,,1.0,event_bootstrap,ok,1
D,bad neurons removed; artefacts corrected; smoothed,True,3,1.0,182.0,43.19585705692447,0.5037889253591008,0.524263590803184,cgc,8,F3T1,fall,,1.0,time_window,ok,1
D,bad neurons removed; artefacts corrected; smoothed,True,3,0.8571428571428573,156.0,16.284260906839787,0.6089484206076421,0.46016639095867135,cgc,14,F3T1,fall,,0.7333333333333334,leave_one_neuron,ok,1
D,bad neurons removed; artefacts corrected; smoothed,True,3,1.0,182.0,19.31934209054895,0.6128867330928593,0.47516224512063904,cgc,591,F3T1,fall,,1.0,leave_one_transient,ok,1
D,bad neurons removed; artefacts corrected; smoothed,True,3,1.0,182.0,22.3468494332703,0.5694323909878783,0.45656541116242444,cgc,20,F3T1,fall_residual,,1.0,event_bootstrap,ok,1
D,bad neurons removed; artefacts corrected; smoothed,True,3,1.0,182.0,45.18924406908875,0.47071688162166303,0.534573626077428,cgc,8,F3T1,fall_residual,,1.0,time_window,ok,1
D,bad neurons removed; artefacts corrected; smoothed,True,3,0.8571428571428573,156.0,17.817216878060183,0.5861907392981235,0.43129642437902616,cgc,14,F3T1,fall_residual,,0.7333333333333334,leave_one_neuron,ok,1
D,bad neurons removed; artefacts corrected; smoothed,True,3,1.0,182.0,21.062106716551618,0.595184962688842,0.44739411034505067,cgc,590,F3T1,fall_residual,,1.0,leave_one_transient,ok,1
D,bad neurons removed; artefacts corrected; smoothed,False,3,1.0,110.0,18.65368434458481,0.6138211189026959,0.47329080854022587,cgc,8,F3T2,full,,1.0,time_window,ok,2
D,bad neurons removed; artefacts corrected; smoothed,False,3,0.8181818181818182,90.0,5.831128530724353,0.7105222644403271,0.48730790529682344,cgc,11,F3T2,full,,0.6666666666666664,leave_one_neuron,ok,2
D,bad neurons removed; artefacts corrected; smoothed,False,3,1.0,110.0,13.630270488479994,0.8596890383470976,0.5441388268663141,cgc,8,F3T2,deconvolved,,1.0,time_window,ok,2
D,bad neurons removed; artefacts corrected; smoothed,False,3,0.8181818181818182,90.0,5.86677332266899,0.9340484499177856,0.5585349711359243,cgc,11,F3T2,deconvolved,,0.6666666666666664,leave_one_neuron,ok,2
D,bad neurons removed; artefacts corrected; smoothed,True,3,0.9522727272727269,104.75,41.416776298281384,0.2654054646457881,0.5414488557794904,cgc,20,F3T2,rise,,0.9468278460062277,event_bootstrap,ok,2
D,bad neurons removed; artefacts corrected; smoothed,True,3,0.6818181818181818,75.0,41.77430304509745,0.6420903100904407,0.4771683231907934,cgc,8,F3T2,rise,,0.7115049253296941,time_window,ok,2
D,bad neurons removed; artefacts corrected; smoothed,True,3,0.8181818181818182,90.0,27.029184125090122,0.28193552990080306,0.5214554170711877,cgc,11,F3T2,rise,,0.6666666666666664,leave_one_neuron,ok,2
D,bad neurons removed; artefacts corrected; smoothed,True,3,0.9995631995631996,109.95195195195195,39.61017001586558,0.23191983947569075,0.5397407359089715,cgc,333,F3T2,rise,,0.9991289819495609,leave_one_transient,ok,2
D,bad neurons removed; artefacts corrected; smoothed,True,3,1.0,110.0,11.01571879308204,0.5834109412367956,0.5085529852239612,cgc,20,F3T2,fall,,1.0,event_bootstrap,ok,2
D,bad neurons removed; artefacts corrected; smoothed,True,3,1.0,110.0,26.374110735419716,0.5680207364218464,0.5175861415117637,cgc,8,F3T2,fall,,1.0,time_window,ok,2
D,bad neurons removed; artefacts corrected; smoothed,True,3,0.8181818181818182,90.0,7.935368013214264,0.6055531277173712,0.5073286544222209,cgc,11,F3T2,fall,,0.6666666666666664,leave_one_neuron,ok,2
D,bad neurons removed; artefacts corrected; smoothed,True,3,1.0,110.0,9.851163011052684,0.5942902326509752,0.5121740543767082,cgc,330,F3T2,fall,,1.0,leave_one_transient,ok,2
D,bad neurons removed; artefacts corrected; smoothed,True,3,1.0,110.0,11.986957251980053,0.518522065340732,0.5193515143835241,cgc,20,F3T2,fall_residual,,1.0,event_bootstrap,ok,2
D,bad neurons removed; artefacts corrected; smoothed,True,3,0.9761363636363637,107.375,31.76302616632571,0.5040789592419097,0.4804147133150637,cgc,8,F3T2,fall_residual,,0.9528654831407126,time_window,ok,2
D,bad neurons removed; artefacts corrected; smoothed,True,3,0.8181818181818182,90.0,8.452081119755062,0.5702771334685584,0.5439491004957839,cgc,11,F3T2,fall_residual,,0.6666666666666664,leave_one_neuron,ok,2
D,bad neurons removed; artefacts corrected; smoothed,True,3,1.0,110.0,10.197654830592382,0.5425525345537101,0.531061119465357,cgc,336,F3T2,fall_residual,,1.0,leave_one_transient,ok,2
D,bad neurons removed; artefacts corrected; smoothed,False,4,1.0,72.0,16.32338889925331,0.6551758865826416,0.5066526909033743,cgc,8,F4T1,full,,1.0,time_window,ok,1
D,bad neurons removed; artefacts corrected; smoothed,False,4,0.7777777777777778,56.0,4.1805416144990595,0.7592359231371305,0.4462384071958603,cgc,9,F4T1,full,,0.6000000000000001,leave_one_neuron,ok,1
D,bad neurons removed; artefacts corrected; smoothed,False,4,1.0,72.0,11.926427936640609,0.9597403511172762,0.48878100304773464,cgc,8,F4T1,deconvolved,,1.0,time_window,ok,1
D,bad neurons removed; artefacts corrected; smoothed,False,4,0.7777777777777778,56.0,5.256501415055265,0.9172603560924575,0.5622332286096594,cgc,9,F4T1,deconvolved,,0.6000000000000001,leave_one_neuron,ok,1
D,bad neurons removed; artefacts corrected; smoothed,True,4,0.663888888888889,47.8,19.535882167031453,0.4518496296521947,0.4480173678855735,cgc,20,F4T1,rise,,0.8389048735554151,event_bootstrap,ok,1
D,bad neurons removed; artefacts corrected; smoothed,True,4,0.4895833333333333,35.25,23.697096945448244,0.937168147268423,0.5013294318798776,cgc,8,F4T1,rise,,0.8608376642384297,time_window,ok,1
D,bad neurons removed; artefacts corrected; smoothed,True,4,0.6620370370370371,47.666666666666664,21.603715232007897,0.27626855394174155,0.4495860799119856,cgc,9,F4T1,rise,,0.5917551597453103,leave_one_neuron,ok,1
D,bad neurons removed; artefacts corrected; smoothed,True,4,0.8430930930930931,60.7027027027027,27.29835586282886,0.2772581360452533,0.43483484256154503,cgc,148,F4T1,rise,,0.9903869556424247,leave_one_transient,ok,1
D,bad neurons removed; artefacts corrected; smoothed,True,4,1.0,72.0,10.993997858225285,0.770289278628051,0.3958236839341933,cgc,20,F4T1,fall,,1.0,event_bootstrap,ok,1
D,bad neurons removed; artefacts corrected; smoothed,True,4,1.0,72.0,23.24597325738507,0.5912897711531568,0.4145959919149226,cgc,8,F4T1,fall,,1.0,time_window,ok,1
D,bad neurons removed; artefacts corrected; smoothed,True,4,0.7777777777777778,56.0,8.580324135944089,0.786073544103467,0.40256619601029375,cgc,9,F4T1,fall,,0.6000000000000001,leave_one_neuron,ok,1
D,bad neurons removed; artefacts corrected; smoothed,True,4,1.0,72.0,10.340351458298125,0.7951904714719098,0.3828105370229576,cgc,142,F4T1,fall,,1.0,leave_one_transient,ok,1
D,bad neurons removed; artefacts corrected; smoothed,True,4,1.0,72.0,12.836128020822958,0.6068683798738286,0.4362245580338784,cgc,20,F4T1,fall_residual,,1.0,event_bootstrap,ok,1
D,bad neurons removed; artefacts corrected; smoothed,True,4,1.0,72.0,20.23173357953644,0.5841920595918941,0.4424418387338562,cgc,8,F4T1,fall_residual,,1.0,time_window,ok,1
D,bad neurons removed; artefacts corrected; smoothed,True,4,0.7777777777777778,56.0,9.899303558217728,0.6115572203307027,0.42866909206154863,cgc,9,F4T1,fall_residual,,0.6000000000000001,leave_one_neuron,ok,1
D,bad neurons removed; artefacts corrected; smoothed,True,4,1.0,72.0,12.447154445337201,0.6131085402521835,0.4176841218461873,cgc,147,F4T1,fall_residual,,1.0,leave_one_transient,ok,1
D,bad neurons removed; artefacts corrected; smoothed,False,5,1.0,156.0,25.32541609131083,0.600825259282269,0.47055535436585916,cgc,8,F5T1,full,,1.0,time_window,ok,1
D,bad neurons removed; artefacts corrected; smoothed,False,5,0.8461538461538463,132.0,6.731246138710999,0.6667732286874362,0.5469395494055267,cgc,13,F5T1,full,,0.7142857142857144,leave_one_neuron,ok,1
D,bad neurons removed; artefacts corrected; smoothed,False,5,1.0,156.0,19.330091937808493,0.8615437970901421,0.484866207013833,cgc,8,F5T1,deconvolved,,1.0,time_window,ok,1
D,bad neurons removed; artefacts corrected; smoothed,False,5,0.8461538461538463,132.0,5.400003152790342,0.8409278112409678,0.48201345887572494,cgc,13,F5T1,deconvolved,,0.7142857142857144,leave_one_neuron,ok,1
D,bad neurons removed; artefacts corrected; smoothed,True,5,0.6230769230769231,97.2,32.73825935539587,0.4870825762805204,0.5476524893148136,cgc,20,F5T1,rise,,0.8481888910026385,event_bootstrap,ok,1
D,bad neurons removed; artefacts corrected; smoothed,True,5,0.5248397435897436,81.875,42.309597642889976,0.9053735913034211,0.5190647194847766,cgc,8,F5T1,rise,,0.8791582239004453,time_window,ok,1
D,bad neurons removed; artefacts corrected; smoothed,True,5,0.7021696252465482,109.53846153846153,46.11753834393752,0.2551123808153383,0.5297386424649823,cgc,13,F5T1,rise,,0.678999967474631,leave_one_neuron,ok,1
D,bad neurons removed; artefacts corrected; smoothed,True,5,0.7998752755540085,124.78054298642535,47.34369378286738,0.2878747976979628,0.548272682705386,cgc,442,F5T1,rise,,0.9965022983808033,leave_one_transient,ok,1
D,bad neurons removed; artefacts corrected; smoothed,True,5,1.0,156.0,14.985733324330724,0.6541991546281134,0.41849744798568905,cgc,20,F5T1,fall,,1.0,event_bootstrap,ok,1
D,bad neurons removed; artefacts corrected; smoothed,True,5,1.0,156.0,32.60057079252167,0.5290585438472838,0.49417748414255,cgc,8,F5T1,fall,,1.0,time_window,ok,1
D,bad neurons removed; artefacts corrected; smoothed,True,5,0.8461538461538463,132.0,11.555397708728304,0.7098872842407337,0.4131544054355577,cgc,13,F5T1,fall,,0.7142857142857144,leave_one_neuron,ok,1
D,bad neurons removed; artefacts corrected; smoothed,True,5,1.0,156.0,12.887118748109135,0.6968649462043633,0.4125227712609179,cgc,441,F5T1,fall,,1.0,leave_one_transient,ok,1
D,bad neurons removed; artefacts corrected; smoothed,True,5,1.0,156.0,15.74533020437415,0.6160302011648016,0.48234912507914796,cgc,20,F5T1,fall_residual,,1.0,event_bootstrap,ok,1
D,bad neurons removed; artefacts corrected; smoothed,True,5,1.0,156.0,36.10647185454246,0.5016710139957635,0.4999417181513967,cgc,8,F5T1,fall_residual,,1.0,time_window,ok,1
D,bad neurons removed; artefacts corrected; smoothed,True,5,0.8461538461538463,132.0,12.068326689418694,0.6522249791248265,0.4817441524659776,cgc,13,F5T1,fall_residual,,0.7142857142857144,leave_one_neuron,ok,1
D,bad neurons removed; artefacts corrected; smoothed,True,5,1.0,156.0,13.763338575191202,0.6384011135922778,0.48344803747874765,cgc,471,F5T1,fall_residual,,1.0,leave_one_transient,ok,1
D,bad neurons removed; artefacts corrected; smoothed,False,5,1.0,272.0,47.18594132209617,0.5776137718189465,0.5039432239486028,cgc,8,F5T2,full,,1.0,time_window,ok,2
D,bad neurons removed; artefacts corrected; smoothed,False,5,0.8823529411764706,240.0,12.461931905765649,0.6387669982942108,0.524314805150261,cgc,17,F5T2,full,,0.7777777777777777,leave_one_neuron,ok,2
D,bad neurons removed; artefacts corrected; smoothed,False,5,1.0,272.0,35.87634916990973,0.9235464312292299,0.5037205045658584,cgc,8,F5T2,deconvolved,,1.0,time_window,ok,2
D,bad neurons removed; artefacts corrected; smoothed,False,5,0.8823529411764706,240.0,11.060757364329866,0.8390399232996338,0.5027521384554801,cgc,17,F5T2,deconvolved,,0.7777777777777777,leave_one_neuron,ok,2
D,bad neurons removed; artefacts corrected; smoothed,True,5,0.8402573529411764,228.55,89.26014670459946,0.2959817626730284,0.5330472534737984,cgc,20,F5T2,rise,,0.8977400523345358,event_bootstrap,ok,2
D,bad neurons removed; artefacts corrected; smoothed,True,5,0.5560661764705882,151.25,82.35915110485439,0.85978047668093,0.5395950671872618,cgc,8,F5T2,rise,,0.802259291914644,time_window,ok,2
D,bad neurons removed; artefacts corrected; smoothed,True,5,0.8075259515570935,219.64705882352942,74.63307307364379,0.24932419951596288,0.5095540427094589,cgc,17,F5T2,rise,,0.7773977436274682,leave_one_neuron,ok,2
D,bad neurons removed; artefacts corrected; smoothed,True,5,0.9152467185221196,248.94710743801653,84.2162913368144,0.25098813936719633,0.5193980359408207,cgc,605,F5T2,rise,,0.9995760326302944,leave_one_transient,ok,2
D,bad neurons removed; artefacts corrected; smoothed,True,5,1.0,272.0,28.680059282475487,0.5787098680358855,0.46635533862202194,cgc,20,F5T2,fall,,1.0,event_bootstrap,ok,2
D,bad neurons removed; artefacts corrected; smoothed,True,5,1.0,272.0,60.82052065212625,0.5224175184876596,0.5071393606155813,cgc,8,F5T2,fall,,1.0,time_window,ok,2
D,bad neurons removed; artefacts corrected; smoothed,True,5,0.8823529411764706,240.0,23.062296514570317,0.6075094813352465,0.46411684931675934,cgc,17,F5T2,fall,,0.7777777777777777,leave_one_neuron,ok,2
D,bad neurons removed; artefacts corrected; smoothed,True,5,1.0,272.0,25.65931802242404,0.5980521649885142,0.4587241527335218,cgc,597,F5T2,fall,,1.0,leave_one_transient,ok,2
D,bad neurons removed; artefacts corrected; smoothed,True,5,1.0,272.0,32.4140730164534,0.5651368482598235,0.5039197174247854,cgc,20,F5T2,fall_residual,,1.0,event_bootstrap,ok,2
D,bad neurons removed; artefacts corrected; smoothed,True,5,1.0,272.0,61.31052899669902,0.47578510053823253,0.49388488785559437,cgc,8,F5T2,fall_residual,,1.0,time_window,ok,2
D,bad neurons removed; artefacts corrected; smoothed,True,5,0.8823529411764706,240.0,26.135735278168507,0.5957385628033921,0.5014608755336585,cgc,17,F5T2,fall_residual,,0.7777777777777777,leave_one_neuron,ok,2
D,bad neurons removed; artefacts corrected; smoothed,True,5,1.0,272.0,29.35909371259653,0.5907811482714629,0.49871372706432754,cgc,591,F5T2,fall_residual,,1.0,leave_one_transient,ok,2
D,bad neurons removed; artefacts corrected; smoothed,False,6,1.0,132.0,20.00418361571302,0.5345986443702213,0.47169932992046487,cgc,8,F6T1,full,,1.0,time_window,ok,1
D,bad neurons removed; artefacts corrected; smoothed,False,6,0.8333333333333335,110.0,4.793991299097988,0.513727537085906,0.5318162453238131,cgc,12,F6T1,full,,0.6923076923076924,leave_one_neuron,ok,1
D,bad neurons removed; artefacts corrected; smoothed,False,6,1.0,132.0,12.045112417203432,0.8646029708722069,0.485308000358256,cgc,8,F6T1,deconvolved,,1.0,time_window,ok,1
D,bad neurons removed; artefacts corrected; smoothed,False,6,0.8333333333333335,110.0,4.296650810136831,0.8320781445061295,0.523420497437295,cgc,12,F6T1,deconvolved,,0.6923076923076924,leave_one_neuron,ok,1
D,bad neurons removed; artefacts corrected; smoothed,True,6,0.7125,94.05,29.915482444940466,0.3555905072679197,0.5956352141249011,cgc,20,F6T1,rise,,0.9082192666115472,event_bootstrap,ok,1
D,bad neurons removed; artefacts corrected; smoothed,True,6,0.5653409090909092,74.625,31.723529513065728,0.7644146541578929,0.4645329714483833,cgc,8,F6T1,rise,,0.7907247645132868,time_window,ok,1
D,bad neurons removed; artefacts corrected; smoothed,True,6,0.6988636363636362,92.25,33.43071058917824,0.23184163459328389,0.5847507573289212,cgc,12,F6T1,rise,,0.6650928935991955,leave_one_neuron,ok,1
D,bad neurons removed; artefacts corrected; smoothed,True,6,0.8553266226276609,112.90311418685121,40.93043833256389,0.22928768515901227,0.5988683662088164,cgc,578,F6T1,rise,,0.9982914975030123,leave_one_transient,ok,1
D,bad neurons removed; artefacts corrected; smoothed,True,6,1.0,132.0,12.741481053042447,0.5694617782015436,0.4408600497017141,cgc,20,F6T1,fall,,1.0,event_bootstrap,ok,1
D,bad neurons removed; artefacts corrected; smoothed,True,6,1.0,132.0,30.65784952663679,0.4868550201221068,0.48577200588158564,cgc,8,F6T1,fall,,1.0,time_window,ok,1
D,bad neurons removed; artefacts corrected; smoothed,True,6,0.8333333333333335,110.0,9.319519372506171,0.5892389697554663,0.4482607594108658,cgc,12,F6T1,fall,,0.6923076923076924,leave_one_neuron,ok,1
D,bad neurons removed; artefacts corrected; smoothed,True,6,1.0,132.0,10.730457719657508,0.5943122482074056,0.44831517993087583,cgc,579,F6T1,fall,,1.0,leave_one_transient,ok,1
D,bad neurons removed; artefacts corrected; smoothed,True,6,1.0,132.0,13.773242662564567,0.46949805656783206,0.4988034136346296,cgc,20,F6T1,fall_residual,,1.0,event_bootstrap,ok,1
D,bad neurons removed; artefacts corrected; smoothed,True,6,1.0,132.0,34.6514752935507,0.4218883103022313,0.5086044349705207,cgc,8,F6T1,fall_residual,,1.0,time_window,ok,1
D,bad neurons removed; artefacts corrected; smoothed,True,6,0.8333333333333335,110.0,9.734319051468594,0.5011291302479549,0.49523524036107847,cgc,12,F6T1,fall_residual,,0.6923076923076924,leave_one_neuron,ok,1
D,bad neurons removed; artefacts corrected; smoothed,True,6,1.0,132.0,11.444483157006418,0.4973692399084419,0.488658353659223,cgc,577,F6T1,fall_residual,,1.0,leave_one_transient,ok,1
D,bad neurons removed; artefacts corrected; smoothed,False,6,1.0,110.0,15.721897734030211,0.5420100309782414,0.4926270181038224,cgc,8,F6T2,full,,1.0,time_window,ok,2
D,bad neurons removed; artefacts corrected; smoothed,False,6,0.8181818181818182,90.0,5.019866791631752,0.5659955774538097,0.4787030434194188,cgc,11,F6T2,full,,0.6666666666666664,leave_one_neuron,ok,2
D,bad neurons removed; artefacts corrected; smoothed,False,6,1.0,110.0,10.248480247410843,0.8553349368423306,0.4283515081881613,cgc,8,F6T2,deconvolved,,1.0,time_window,ok,2
D,bad neurons removed; artefacts corrected; smoothed,False,6,0.8181818181818182,90.0,3.8335684191534045,0.8658953756901109,0.4433381399347654,cgc,11,F6T2,deconvolved,,0.6666666666666664,leave_one_neuron,ok,2
D,bad neurons removed; artefacts corrected; smoothed,True,6,0.7290909090909091,80.2,29.11689889007016,0.33663912571958376,0.5403755398431672,cgc,20,F6T2,rise,,0.8524240697312839,event_bootstrap,ok,2
D,bad neurons removed; artefacts corrected; smoothed,True,6,0.5568181818181819,61.25,25.88754403462876,0.8191718487850319,0.5124414807742699,cgc,8,F6T2,rise,,0.8408060455131621,time_window,ok,2
D,bad neurons removed; artefacts corrected; smoothed,True,6,0.7247933884297519,79.72727272727273,30.365705119050748,0.2384979975189667,0.546791704866272,cgc,11,F6T2,rise,,0.6606421093212405,leave_one_neuron,ok,2
D,bad neurons removed; artefacts corrected; smoothed,True,6,0.8631852879944482,94.95038167938931,34.639358262156875,0.24359928705454398,0.5547983324822555,cgc,524,F6T2,rise,,0.998959212044316,leave_one_transient,ok,2
D,bad neurons removed; artefacts corrected; smoothed,True,6,1.0,110.0,11.17000698375862,0.4382388539328853,0.4786519368991648,cgc,20,F6T2,fall,,1.0,event_bootstrap,ok,2
D,bad neurons removed; artefacts corrected; smoothed,True,6,1.0,110.0,22.8849597790186,0.4858607868062115,0.4620076043652359,cgc,8,F6T2,fall,,1.0,time_window,ok,2
D,bad neurons removed; artefacts corrected; smoothed,True,6,0.8181818181818182,90.0,8.29222210028974,0.45179668092110653,0.4514965521632902,cgc,11,F6T2,fall,,0.6666666666666664,leave_one_neuron,ok,2
D,bad neurons removed; artefacts corrected; smoothed,True,6,1.0,110.0,9.851027625313272,0.4405504087096641,0.4519193832018075,cgc,520,F6T2,fall,,1.0,leave_one_transient,ok,2
D,bad neurons removed; artefacts corrected; smoothed,True,6,1.0,110.0,11.238602961740797,0.43044942973414513,0.4701511093087024,cgc,20,F6T2,fall_residual,,1.0,event_bootstrap,ok,2
D,bad neurons removed; artefacts corrected; smoothed,True,6,1.0,110.0,30.024041769623594,0.39514346155540897,0.47785712627793653,cgc,8,F6T2,fall_residual,,1.0,time_window,ok,2
D,bad neurons removed; artefacts corrected; smoothed,True,6,0.8181818181818182,90.0,7.871186898662549,0.44205843666670047,0.44471049869130536,cgc,11,F6T2,fall_residual,,0.6666666666666664,leave_one_neuron,ok,2
D,bad neurons removed; artefacts corrected; smoothed,True,6,1.0,110.0,9.501404851061373,0.4329715186399437,0.44550287414922235,cgc,521,F6T2,fall_residual,,1.0,leave_one_transient,ok,2
A,bad neurons and artefacts retained,False,1,1.0,462.0,55.84592401250324,0.5756477812324139,0.5040743651121004,cgc-star,8,F1T1,full,,1.0,time_window,ok,1
A,bad neurons and artefacts retained,False,1,0.9090909090909093,420.0,33.24218695604679,0.7325789148061667,0.4854825714700516,cgc-star,22,F1T1,full,,0.8260869565217387,leave_one_neuron,ok,1
A,bad neurons and artefacts retained,False,1,0.9659090909090909,446.25,47.08980890356692,0.7757041040204266,0.5186641537283282,cgc-star,8,F1T1,deconvolved,,0.9512987012987014,time_window,ok,1
A,bad neurons and artefacts retained,False,1,0.9090909090909093,420.0,18.692515179802736,0.8594396233336776,0.4826366577471489,cgc-star,22,F1T1,deconvolved,,0.8260869565217387,leave_one_neuron,ok,1
A,bad neurons and artefacts retained,True,1,0.979978354978355,452.75,178.5923513259457,0.26246976985714227,0.4958650343200478,cgc-star,20,F1T1,rise,,0.9813564760100313,event_bootstrap,ok,1
A,bad neurons and artefacts retained,True,1,0.8850108225108225,408.875,268.2286067743381,0.5579587462385855,0.4899619204954232,cgc-star,8,F1T1,rise,,0.8845441154446362,time_window,ok,1
A,bad neurons and artefacts retained,True,1,0.9048602912239277,418.04545454545456,117.46368855882606,0.224934537135045,0.47372246855716593,cgc-star,22,F1T1,rise,,0.8256469403244283,leave_one_neuron,ok,1
A,bad neurons and artefacts retained,True,1,0.9956637391982219,459.99664750957857,124.36813342532788,0.2282212811062643,0.47163113484496566,cgc-star,2088,F1T1,rise,,0.9999854379165873,leave_one_transient,ok,1
A,bad neurons and artefacts retained,True,1,1.0,462.0,42.536879576167294,0.5306329990860299,0.507175429814734,cgc-star,20,F1T1,fall,,1.0,event_bootstrap,ok,1
A,bad neurons and artefacts retained,True,1,1.0,462.0,147.63629993796334,0.37171273421110596,0.4946328639323211,cgc-star,8,F1T1,fall,,1.0,time_window,ok,1
A,bad neurons and artefacts retained,True,1,0.9090909090909093,420.0,32.085796026758004,0.581496337927163,0.5119194601542323,cgc-star,22,F1T1,fall,,0.8260869565217387,leave_one_neuron,ok,1
A,bad neurons and artefacts retained,True,1,1.0,462.0,34.472787225059434,0.5777158548912641,0.514093691427265,cgc-star,2087,F1T1,fall,,1.0,leave_one_transient,ok,1
A,bad neurons and artefacts retained,True,1,1.0,462.0,47.92380844582072,0.4877634313117413,0.5123330724034219,cgc-star,20,F1T1,fall_residual,,1.0,event_bootstrap,ok,1
A,bad neurons and artefacts retained,True,1,1.0,462.0,212.54270187580875,0.34266763452699167,0.49876731774289346,cgc-star,8,F1T1,fall_residual,,1.0,time_window,ok,1
A,bad neurons and artefacts retained,True,1,0.9090909090909093,420.0,34.22019247264516,0.5263396691579334,0.5207446541346417,cgc-star,22,F1T1,fall_residual,,0.8260869565217387,leave_one_neuron,ok,1
A,bad neurons and artefacts retained,True,1,1.0,462.0,36.94129730745395,0.5216595206724158,0.5209700694357561,cgc-star,2335,F1T1,fall_residual,,1.0,leave_one_transient,ok,1
A,bad neurons and artefacts retained,False,1,1.0,182.0,25.136145164540128,0.6570244866247315,0.47825979240356037,cgc-star,8,F1T2,full,,1.0,time_window,ok,2
A,bad neurons and artefacts retained,False,1,0.8571428571428573,156.0,14.916925073333996,0.8509260548793547,0.4940100101029051,cgc-star,14,F1T2,full,,0.7333333333333334,leave_one_neuron,ok,2
A,bad neurons and artefacts retained,False,1,0.9553571428571429,173.875,17.386574510829043,0.8202201207882314,0.490032304539187,cgc-star,8,F1T2,deconvolved,,0.930729984301413,time_window,ok,2
A,bad neurons and artefacts retained,False,1,0.8571428571428573,156.0,8.839551245371014,0.8731932585689446,0.4703860744350397,cgc-star,14,F1T2,deconvolved,,0.7333333333333334,leave_one_neuron,ok,2
A,bad neurons and artefacts retained,True,1,0.9989010989010989,181.8,56.72981737193842,0.34453988110066047,0.5056863346198363,cgc-star,20,F1T2,rise,,0.9978021978021978,event_bootstrap,ok,2
A,bad neurons and artefacts retained,True,1,0.9244505494505494,168.25,93.14584924576884,0.5113811444960012,0.4839465711046782,cgc-star,8,F1T2,rise,,0.887058476245749,time_window,ok,2
A,bad neurons and artefacts retained,True,1,0.8571428571428573,156.0,32.555812853247254,0.42764844194057217,0.5195584518076446,cgc-star,14,F1T2,rise,,0.7333333333333334,leave_one_neuron,ok,2
A,bad neurons and artefacts retained,True,1,1.0,182.0,37.545112803671145,0.4152285642438678,0.5213544109646476,cgc-star,1711,F1T2,rise,,1.0,leave_one_transient,ok,2
A,bad neurons and artefacts retained,True,1,1.0,182.0,19.069425367094876,0.6244559323855138,0.5115131239009995,cgc-star,20,F1T2,fall,,1.0,event_bootstrap,ok,2
A,bad neurons and artefacts retained,True,1,1.0,182.0,33.86937870681134,0.4863800194538406,0.49639837272633847,cgc-star,8,F1T2,fall,,1.0,time_window,ok,2
A,bad neurons and artefacts retained,True,1,0.8571428571428573,156.0,14.480349824789617,0.6855639862707497,0.5060018457213843,cgc-star,14,F1T2,fall,,0.7333333333333334,leave_one_neuron,ok,2
A,bad neurons and artefacts retained,True,1,1.0,182.0,16.169156801452495,0.6827052107243712,0.5048097964607516,cgc-star,1708,F1T2,fall,,1.0,leave_one_transient,ok,2
A,bad neurons and artefacts retained,True,1,1.0,182.0,19.594760683220265,0.596777700350876,0.4917689305003489,cgc-star,20,F1T2,fall_residual,,1.0,event_bootstrap,ok,2
A,bad neurons and artefacts retained,True,1,1.0,182.0,40.34423887364902,0.4308029579352364,0.5027811993558249,cgc-star,8,F1T2,fall_residual,,1.0,time_window,ok,2
A,bad neurons and artefacts retained,True,1,0.8571428571428573,156.0,14.375714988840418,0.6679717325345994,0.49076984495983333,cgc-star,14,F1T2,fall_residual,,0.7333333333333334,leave_one_neuron,ok,2
A,bad neurons and artefacts retained,True,1,1.0,182.0,16.05156786231531,0.665896355157613,0.48928237044489126,cgc-star,1739,F1T2,fall_residual,,1.0,leave_one_transient,ok,2
A,bad neurons and artefacts retained,False,3,1.0,182.0,25.78987967143733,0.6138888157389641,0.48697232063416873,cgc-star,8,F3T1,full,,1.0,time_window,ok,1
A,bad neurons and artefacts retained,False,3,0.8571428571428573,156.0,23.90120871114596,0.6833850693765235,0.49885479945185296,cgc-star,14,F3T1,full,,0.7333333333333334,leave_one_neuron,ok,1
A,bad neurons and artefacts retained,False,3,0.9478021978021978,172.5,19.421385985124154,0.7790192499546278,0.5036467296817676,cgc-star,8,F3T1,deconvolved,,0.9050235478806907,time_window,ok,1
A,bad neurons and artefacts retained,False,3,0.8571428571428573,156.0,12.279760048726928,0.8086624227742435,0.48504920444286287,cgc-star,14,F3T1,deconvolved,,0.7333333333333334,leave_one_neuron,ok,1
A,bad neurons and artefacts retained,True,3,1.0,182.0,63.321718721572516,0.33175524128954115,0.4952697616563402,cgc-star,20,F3T1,rise,,1.0,event_bootstrap,ok,1
A,bad neurons and artefacts retained,True,3,0.9429945054945055,171.625,94.68596784212936,0.521593774935399,0.46805863108979334,cgc-star,8,F3T1,rise,,0.9131140105104291,time_window,ok,1
A,bad neurons and artefacts retained,True,3,0.8571428571428573,156.0,33.65694728031528,0.48656127072189687,0.4942578627982379,cgc-star,14,F3T1,rise,,0.7333333333333334,leave_one_neuron,ok,1
A,bad neurons and artefacts retained,True,3,1.0,182.0,37.149813072755,0.4863237792401625,0.49320304458885544,cgc-star,1875,F3T1,rise,,1.0,leave_one_transient,ok,1
A,bad neurons and artefacts retained,True,3,1.0,182.0,25.2345891548787,0.5889752000393453,0.5071296624748683,cgc-star,20,F3T1,fall,,1.0,event_bootstrap,ok,1
A,bad neurons and artefacts retained,True,3,1.0,182.0,35.39254191830429,0.4780787018168453,0.46890437365691273,cgc-star,8,F3T1,fall,,1.0,time_window,ok,1
A,bad neurons and artefacts retained,True,3,0.8571428571428573,156.0,24.479003364902383,0.6056766564611266,0.5024775951343179,cgc-star,14,F3T1,fall,,0.7333333333333334,leave_one_neuron,ok,1
A,bad neurons and artefacts retained,True,3,1.0,182.0,26.941826284498386,0.5990689059302152,0.5049021779634899,cgc-star,1877,F3T1,fall,,1.0,leave_one_transient,ok,1
A,bad neurons and artefacts retained,True,3,1.0,182.0,25.80525668988985,0.5739864224881488,0.5042205806386252,cgc-star,20,F3T1,fall_residual,,1.0,event_bootstrap,ok,1
A,bad neurons and artefacts retained,True,3,1.0,182.0,43.56992690452967,0.42768255226421914,0.48278491710204624,cgc-star,8,F3T1,fall_residual,,1.0,time_window,ok,1
A,bad neurons and artefacts retained,True,3,0.8571428571428573,156.0,23.881334058300215,0.607611228303598,0.5213669819111625,cgc-star,14,F3T1,fall_residual,,0.7333333333333334,leave_one_neuron,ok,1
A,bad neurons and artefacts retained,True,3,1.0,182.0,26.325154851236988,0.6037636362817066,0.5262593203349974,cgc-star,1931,F3T1,fall_residual,,1.0,leave_one_transient,ok,1
A,bad neurons and artefacts retained,False,3,1.0,110.0,17.472265304909442,0.6738751500135298,0.4389102570253864,cgc-star,8,F3T2,full,,1.0,time_window,ok,2
A,bad neurons and artefacts retained,False,3,0.8181818181818182,90.0,14.730328836162458,0.7532360424577195,0.47095462236946856,cgc-star,11,F3T2,full,,0.6666666666666664,leave_one_neuron,ok,2
A,bad neurons and artefacts retained,False,3,1.0,110.0,13.322956945849079,0.7228514281169707,0.5226346337264062,cgc-star,8,F3T2,deconvolved,,1.0,time_window,ok,2
A,bad neurons and artefacts retained,False,3,0.8181818181818182,90.0,7.313405329810041,0.7931342201782037,0.46507463232911395,cgc-star,11,F3T2,deconvolved,,0.6666666666666664,leave_one_neuron,ok,2
A,bad neurons and artefacts retained,True,3,1.0,110.0,38.07607248841028,0.4056566205931945,0.44883396807324,cgc-star,20,F3T2,rise,,1.0,event_bootstrap,ok,2
A,bad neurons and artefacts retained,True,3,0.9840909090909091,108.25,62.33454588164328,0.5327277902417601,0.48522730620381505,cgc-star,8,F3T2,rise,,0.9681818181818181,time_window,ok,2
A,bad neurons and artefacts retained,True,3,0.8181818181818182,90.0,17.74008563476693,0.6717681800274616,0.4427501285359051,cgc-star,11,F3T2,rise,,0.6666666666666664,leave_one_neuron,ok,2
A,bad neurons and artefacts retained,True,3,1.0,110.0,20.902950206283514,0.6636656718645736,0.43508122794487186,cgc-star,1725,F3T2,rise,,1.0,leave_one_transient,ok,2
A,bad neurons and artefacts retained,True,3,1.0,110.0,17.7165898257812,0.6650732777231289,0.4856780517854243,cgc-star,20,F3T2,fall,,1.0,event_bootstrap,ok,2
A,bad neurons and artefacts retained,True,3,1.0,110.0,21.87202244403794,0.5450302763140416,0.4655171422786071,cgc-star,8,F3T2,fall,,1.0,time_window,ok,2
A,bad neurons and artefacts retained,True,3,0.8181818181818182,90.0,14.84569926595322,0.7170676167096063,0.4849704860618474,cgc-star,11,F3T2,fall,,0.6666666666666664,leave_one_neuron,ok,2
A,bad neurons and artefacts retained,True,3,1.0,110.0,17.048135913711853,0.71235548797649,0.4833874904719879,cgc-star,1730,F3T2,fall,,1.0,leave_one_transient,ok,2
A,bad neurons and artefacts retained,True,3,1.0,110.0,18.37436833766168,0.6177003648011047,0.49796971215557234,cgc-star,20,F3T2,fall_residual,,1.0,event_bootstrap,ok,2
A,bad neurons and artefacts retained,True,3,1.0,110.0,32.948991806255975,0.4727927842836851,0.46378727897883143,cgc-star,8,F3T2,fall_residual,,1.0,time_window,ok,2
A,bad neurons and artefacts retained,True,3,0.8181818181818182,90.0,14.961370224158228,0.675890753428504,0.4889931167009866,cgc-star,11,F3T2,fall_residual,,0.6666666666666664,leave_one_neuron,ok,2
A,bad neurons and artefacts retained,True,3,1.0,110.0,17.200667854622438,0.6734132322857903,0.48787899367059967,cgc-star,1883,F3T2,fall_residual,,1.0,leave_one_transient,ok,2
A,bad neurons and artefacts retained,False,4,1.0,72.0,13.649101735749928,0.738749091003388,0.4700437803541484,cgc-star,8,F4T1,full,,1.0,time_window,ok,1
A,bad neurons and artefacts retained,False,4,0.7777777777777778,56.0,13.550822149763597,0.7708028682998018,0.4993552932823684,cgc-star,9,F4T1,full,,0.6000000000000001,leave_one_neuron,ok,1
A,bad neurons and artefacts retained,False,4,1.0,72.0,12.726191621426628,0.8231445586020911,0.4286370240375672,cgc-star,8,F4T1,deconvolved,,1.0,time_window,ok,1
A,bad neurons and artefacts retained,False,4,0.7777777777777778,56.0,6.896966687065988,0.7203291409133447,0.5184932431817626,cgc-star,9,F4T1,deconvolved,,0.6000000000000001,leave_one_neuron,ok,1
A,bad neurons and artefacts retained,True,4,0.9972222222222221,71.8,32.198857190946924,0.4259201545033376,0.4891071705813215,cgc-star,20,F4T1,rise,,0.9945906432748538,event_bootstrap,ok,1
A,bad neurons and artefacts retained,True,4,0.8315972222222222,59.875,35.93932654298196,0.581099481600744,0.4827727374031138,cgc-star,8,F4T1,rise,,0.7855701973540326,time_window,ok,1
A,bad neurons and artefacts retained,True,4,0.7777777777777778,56.0,18.88758260002201,0.5697285945206018,0.4822928679065703,cgc-star,9,F4T1,rise,,0.6000000000000001,leave_one_neuron,ok,1
A,bad neurons and artefacts retained,True,4,1.0,72.0,22.97928712524099,0.551788446026745,0.4851070055607396,cgc-star,1104,F4T1,rise,,1.0,leave_one_transient,ok,1
A,bad neurons and artefacts retained,True,4,1.0,72.0,14.989749138382304,0.6560988014966236,0.47965993507918264,cgc-star,20,F4T1,fall,,1.0,event_bootstrap,ok,1
A,bad neurons and artefacts retained,True,4,1.0,72.0,12.961772078228279,0.5777691040213215,0.4852570452455031,cgc-star,8,F4T1,fall,,1.0,time_window,ok,1
A,bad neurons and artefacts retained,True,4,0.7777777777777778,56.0,12.764988059912342,0.6516078758372987,0.4834613155408485,cgc-star,9,F4T1,fall,,0.6000000000000001,leave_one_neuron,ok,1
A,bad neurons and artefacts retained,True,4,1.0,72.0,15.45118443605154,0.6503305955934116,0.48403806543523187,cgc-star,1108,F4T1,fall,,1.0,leave_one_transient,ok,1
A,bad neurons and artefacts retained,True,4,1.0,72.0,13.940510430196762,0.6322645174527588,0.5026861142268071,cgc-star,20,F4T1,fall_residual,,1.0,event_bootstrap,ok,1
A,bad neurons and artefacts retained,True,4,1.0,72.0,13.28777616184114,0.565537206909919,0.48873405949590176,cgc-star,8,F4T1,fall_residual,,1.0,time_window,ok,1
A,bad neurons and artefacts retained,True,4,0.7777777777777778,56.0,11.777516308122728,0.6339307622791311,0.5035223333843976,cgc-star,9,F4T1,fall_residual,,0.6000000000000001,leave_one_neuron,ok,1
A,bad neurons and artefacts retained,True,4,1.0,72.0,14.071204192140975,0.6382286825135066,0.5044713011907035,cgc-star,1153,F4T1,fall_residual,,1.0,leave_one_transient,ok,1
A,bad neurons and artefacts retained,False,5,1.0,210.0,27.716744616503036,0.5921802771740596,0.5143051926324316,cgc-star,8,F5T1,full,,1.0,time_window,ok,1
A,bad neurons and artefacts retained,False,5,0.8666666666666669,182.0,25.013583650862458,0.7148591363902715,0.5195458877568542,cgc-star,15,F5T1,full,,0.75,leave_one_neuron,ok,1
A,bad neurons and artefacts retained,False,5,0.9666666666666667,203.0,22.885339828138683,0.7195312016633635,0.5069739527742566,cgc-star,8,F5T1,deconvolved,,0.9428571428571428,time_window,ok,1
A,bad neurons and artefacts retained,False,5,0.8666666666666669,182.0,9.80952741652334,0.7791807695373173,0.4662476932263969,cgc-star,15,F5T1,deconvolved,,0.75,leave_one_neuron,ok,1
A,bad neurons and artefacts retained,True,5,1.0,210.0,70.2174811677327,0.34814869729562054,0.5195249374176713,cgc-star,20,F5T1,rise,,1.0,event_bootstrap,ok,1
A,bad neurons and artefacts retained,True,5,0.9666666666666667,203.0,115.37934988420454,0.5420513267421574,0.5184412391016715,cgc-star,8,F5T1,rise,,0.941716529325577,time_window,ok,1
A,bad neurons and artefacts retained,True,5,0.8666666666666669,182.0,33.5402598202734,0.5092966206196322,0.5273801725671842,cgc-star,15,F5T1,rise,,0.75,leave_one_neuron,ok,1
A,bad neurons and artefacts retained,True,5,1.0,210.0,37.058824171941566,0.5118201008781331,0.5316903367544975,cgc-star,2513,F5T1,rise,,1.0,leave_one_transient,ok,1
A,bad neurons and artefacts retained,True,5,1.0,210.0,25.98491775366704,0.6292865680560747,0.5035760592913305,cgc-star,20,F5T1,fall,,1.0,event_bootstrap,ok,1
A,bad neurons and artefacts retained,True,5,1.0,210.0,46.26775637155331,0.49951553804373433,0.4904293332141204,cgc-star,8,F5T1,fall,,1.0,time_window,ok,1
A,bad neurons and artefacts retained,True,5,0.8666666666666669,182.0,21.304269330680633,0.6577960743038068,0.5077133696129721,cgc-star,15,F5T1,fall,,0.75,leave_one_neuron,ok,1
A,bad neurons and artefacts retained,True,5,1.0,210.0,23.298340875022102,0.6602230155436691,0.5050647907797047,cgc-star,2519,F5T1,fall,,1.0,leave_one_transient,ok,1
A,bad neurons and artefacts retained,True,5,1.0,210.0,26.890218946661378,0.5848611543894651,0.5021972237314782,cgc-star,20,F5T1,fall_residual,,1.0,event_bootstrap,ok,1
A,bad neurons and artefacts retained,True,5,1.0,210.0,81.01509563702385,0.42221919189665424,0.5040573708213133,cgc-star,8,F5T1,fall_residual,,1.0,time_window,ok,1
A,bad neurons and artefacts retained,True,5,0.8666666666666669,182.0,20.040797217390796,0.6385970408729641,0.48956472060105466,cgc-star,15,F5T1,fall_residual,,0.75,leave_one_neuron,ok,1
A,bad neurons and artefacts retained,True,5,1.0,210.0,21.934366417406398,0.6420075662254079,0.4860598753842445,cgc-star,3013,F5T1,fall_residual,,1.0,leave_one_transient,ok,1
A,bad neurons and artefacts retained,False,5,1.0,342.0,42.083833674515645,0.5643464662561625,0.5324002140742421,cgc-star,8,F5T2,full,,1.0,time_window,ok,2
A,bad neurons and artefacts retained,False,5,0.8947368421052632,306.0,32.823473327963974,0.7073305110007772,0.5182155055406538,cgc-star,19,F5T2,full,,0.7999999999999999,leave_one_neuron,ok,2
A,bad neurons and artefacts retained,False,5,0.9473684210526316,324.0,37.638514957071344,0.7285823035511214,0.4803568032943393,cgc-star,8,F5T2,deconvolved,,0.9398496240601505,time_window,ok,2
A,bad neurons and artefacts retained,False,5,0.8947368421052632,306.0,16.51609757355759,0.7639043057917306,0.5003489021115061,cgc-star,19,F5T2,deconvolved,,0.7999999999999999,leave_one_neuron,ok,2
A,bad neurons and artefacts retained,True,5,1.0,342.0,119.79608048945352,0.33320852418873603,0.5092167360853217,cgc-star,20,F5T2,rise,,1.0,event_bootstrap,ok,2
A,bad neurons and artefacts retained,True,5,0.9864766081871345,337.375,180.79658064767543,0.497475364371855,0.493918639937027,cgc-star,8,F5T2,rise,,0.9812290831684765,time_window,ok,2
A,bad neurons and artefacts retained,True,5,0.8947368421052632,306.0,46.9260164219998,0.5084722328323085,0.5120653253800497,cgc-star,19,F5T2,rise,,0.7999999999999999,leave_one_neuron,ok,2
A,bad neurons and artefacts retained,True,5,1.0,342.0,52.13644749972059,0.4999016528183929,0.5122960622310274,cgc-star,3698,F5T2,rise,,1.0,leave_one_transient,ok,2
A,bad neurons and artefacts retained,True,5,1.0,342.0,40.83402305995545,0.5832037602639251,0.517436441802116,cgc-star,20,F5T2,fall,,1.0,event_bootstrap,ok,2
A,bad neurons and artefacts retained,True,5,1.0,342.0,113.11921789119316,0.47612599626954255,0.5063798273659419,cgc-star,8,F5T2,fall,,1.0,time_window,ok,2
A,bad neurons and artefacts retained,True,5,0.8947368421052632,306.0,32.6854197087933,0.6089926867592216,0.5255343876408116,cgc-star,19,F5T2,fall,,0.7999999999999999,leave_one_neuron,ok,2
A,bad neurons and artefacts retained,True,5,1.0,342.0,35.41494483485178,0.6066877456431626,0.5247387027271109,cgc-star,3692,F5T2,fall,,1.0,leave_one_transient,ok,2
A,bad neurons and artefacts retained,True,5,1.0,342.0,54.61774105945159,0.5424267328162978,0.4853552167733753,cgc-star,20,F5T2,fall_residual,,1.0,event_bootstrap,ok,2
A,bad neurons and artefacts retained,True,5,1.0,342.0,148.33090329907893,0.43653897813614606,0.5118407694181893,cgc-star,8,F5T2,fall_residual,,1.0,time_window,ok,2
A,bad neurons and artefacts retained,True,5,0.8947368421052632,306.0,34.887176505608906,0.5936882722398801,0.5197733647367744,cgc-star,19,F5T2,fall_residual,,0.7999999999999999,leave_one_neuron,ok,2
A,bad neurons and artefacts retained,True,5,1.0,342.0,38.19331766050982,0.5930448402801796,0.5123078640113669,cgc-star,3871,F5T2,fall_residual,,1.0,leave_one_transient,ok,2
A,bad neurons and artefacts retained,False,6,1.0,380.0,40.37495228450911,0.5306915132960436,0.4940098486809632,cgc-star,8,F6T1,full,,1.0,time_window,ok,1
A,bad neurons and artefacts retained,False,6,0.8999999999999998,342.0,29.471556647073506,0.5783242199754032,0.5096413724415398,cgc-star,20,F6T1,full,,0.8095238095238096,leave_one_neuron,ok,1
A,bad neurons and artefacts retained,False,6,1.0,380.0,36.92154623729757,0.5921656342503334,0.4958938153248913,cgc-star,8,F6T1,deconvolved,,1.0,time_window,ok,1
A,bad neurons and artefacts retained,False,6,0.8999999999999998,342.0,14.418800144976137,0.6313939359275275,0.48498395588880544,cgc-star,20,F6T1,deconvolved,,0.8095238095238096,leave_one_neuron,ok,1
A,bad neurons and artefacts retained,True,6,1.0,380.0,92.73129436805479,0.38739789036453837,0.4965483760626941,cgc-star,20,F6T1,rise,,1.0,event_bootstrap,ok,1
A,bad neurons and artefacts retained,True,6,0.987828947368421,375.375,210.68684514460932,0.5075912470943144,0.4946942756791485,cgc-star,8,F6T1,rise,,0.9803014263701131,time_window,ok,1
A,bad neurons and artefacts retained,True,6,0.8999999999999998,342.0,46.71991486522761,0.4478985408480254,0.49725802591671053,cgc-star,20,F6T1,rise,,0.8095238095238096,leave_one_neuron,ok,1
A,bad neurons and artefacts retained,True,6,1.0,380.0,51.21778739629682,0.4429947460130073,0.49486700578191345,cgc-star,4681,F6T1,rise,,1.0,leave_one_transient,ok,1
A,bad neurons and artefacts retained,True,6,1.0,380.0,45.76353484792999,0.509313466330188,0.50459352882417,cgc-star,20,F6T1,fall,,1.0,event_bootstrap,ok,1
A,bad neurons and artefacts retained,True,6,1.0,380.0,176.4713203155879,0.46821414436932207,0.5101782812079528,cgc-star,8,F6T1,fall,,1.0,time_window,ok,1
A,bad neurons and artefacts retained,True,6,0.8999999999999998,342.0,31.429856075923784,0.5287492631545505,0.49715277162885496,cgc-star,20,F6T1,fall,,0.8095238095238096,leave_one_neuron,ok,1
A,bad neurons and artefacts retained,True,6,1.0,380.0,34.06506480133903,0.5284794023468428,0.497554909939378,cgc-star,4687,F6T1,fall,,1.0,leave_one_transient,ok,1
A,bad neurons and artefacts retained,True,6,1.0,380.0,57.85491901649901,0.47629926092049174,0.5097818095302747,cgc-star,20,F6T1,fall_residual,,1.0,event_bootstrap,ok,1
A,bad neurons and artefacts retained,True,6,1.0,380.0,188.759376226854,0.4795135079478885,0.500357808172235,cgc-star,8,F6T1,fall_residual,,1.0,time_window,ok,1
A,bad neurons and artefacts retained,True,6,0.8999999999999998,342.0,32.58318773319633,0.49600760518239706,0.4847917482721037,cgc-star,20,F6T1,fall_residual,,0.8095238095238096,leave_one_neuron,ok,1
A,bad neurons and artefacts retained,True,6,1.0,380.0,35.40536107078956,0.4928357077739168,0.4804622190678663,cgc-star,4777,F6T1,fall_residual,,1.0,leave_one_transient,ok,1
A,bad neurons and artefacts retained,False,6,1.0,272.0,30.89744526222352,0.5661483368077302,0.5077768433161765,cgc-star,8,F6T2,full,,1.0,time_window,ok,2
A,bad neurons and artefacts retained,False,6,0.8823529411764706,240.0,25.015134819479997,0.6770139608034087,0.49774714413577026,cgc-star,17,F6T2,full,,0.7777777777777777,leave_one_neuron,ok,2
A,bad neurons and artefacts retained,False,6,1.0,272.0,25.726296825841203,0.6322903253042487,0.49371856130780245,cgc-star,8,F6T2,deconvolved,,1.0,time_window,ok,2
A,bad neurons and artefacts retained,False,6,0.8823529411764706,240.0,10.656536518809128,0.7280361324856948,0.4934184683251292,cgc-star,17,F6T2,deconvolved,,0.7777777777777777,leave_one_neuron,ok,2
A,bad neurons and artefacts retained,True,6,1.0,272.0,64.34274514455618,0.3792534617718396,0.49872683811369906,cgc-star,20,F6T2,rise,,1.0,event_bootstrap,ok,2
A,bad neurons and artefacts retained,True,6,0.9935661764705883,270.25,151.69460518447784,0.4964926499553541,0.4982153451904962,cgc-star,8,F6T2,rise,,0.9900034757956594,time_window,ok,2
A,bad neurons and artefacts retained,True,6,0.8823529411764706,240.0,32.22388677366094,0.531219174378753,0.4790781812421888,cgc-star,17,F6T2,rise,,0.7777777777777777,leave_one_neuron,ok,2
A,bad neurons and artefacts retained,True,6,1.0,272.0,35.217152557312765,0.5306209053365104,0.47850335565126073,cgc-star,3861,F6T2,rise,,1.0,leave_one_transient,ok,2
A,bad neurons and artefacts retained,True,6,1.0,272.0,33.87539728611025,0.5211660877390171,0.49524323598321845,cgc-star,20,F6T2,fall,,1.0,event_bootstrap,ok,2
A,bad neurons and artefacts retained,True,6,1.0,272.0,123.40968490121729,0.42946793714278997,0.510891520574931,cgc-star,8,F6T2,fall,,1.0,time_window,ok,2
A,bad neurons and artefacts retained,True,6,0.8823529411764706,240.0,24.542004445662513,0.5720678323409617,0.501360456744019,cgc-star,17,F6T2,fall,,0.7777777777777777,leave_one_neuron,ok,2
A,bad neurons and artefacts retained,True,6,1.0,272.0,27.018485510025652,0.5657025300141668,0.50216858592897,cgc-star,3862,F6T2,fall,,1.0,leave_one_transient,ok,2
A,bad neurons and artefacts retained,True,6,1.0,272.0,46.162186062381224,0.4542223117614393,0.5069352736586432,cgc-star,20,F6T2,fall_residual,,1.0,event_bootstrap,ok,2
A,bad neurons and artefacts retained,True,6,1.0,272.0,160.78552089416323,0.47697875205285867,0.5080914422657947,cgc-star,8,F6T2,fall_residual,,1.0,time_window,ok,2
A,bad neurons and artefacts retained,True,6,0.8823529411764706,240.0,26.39679269486039,0.5308704526271856,0.48723078033060974,cgc-star,17,F6T2,fall_residual,,0.7777777777777777,leave_one_neuron,ok,2
A,bad neurons and artefacts retained,True,6,1.0,272.0,29.34552613046311,0.5281169760906839,0.4919641743636305,cgc-star,4073,F6T2,fall_residual,,1.0,leave_one_transient,ok,2
B,bad neurons removed; artefacts retained,False,1,1.0,380.0,46.311068151488456,0.5927864785691151,0.4917639557409485,cgc-star,8,F1T1,full,,1.0,time_window,ok,1
B,bad neurons removed; artefacts retained,False,1,0.8999999999999998,342.0,30.215440284123865,0.7412686202842962,0.4863351347969188,cgc-star,20,F1T1,full,,0.8095238095238096,leave_one_neuron,ok,1
B,bad neurons removed; artefacts retained,False,1,1.0,380.0,39.68384599295189,0.8101030995586394,0.5215669850069569,cgc-star,8,F1T1,deconvolved,,1.0,time_window,ok,1
B,bad neurons removed; artefacts retained,False,1,0.8999999999999998,342.0,16.594599007010693,0.8730147278900571,0.4835268336566673,cgc-star,20,F1T1,deconvolved,,0.8095238095238096,leave_one_neuron,ok,1
B,bad neurons removed; artefacts retained,True,1,0.9752631578947369,370.6,145.81769155162485,0.21648605784144145,0.49237998437126,cgc-star,20,F1T1,rise,,0.9760131889059515,event_bootstrap,ok,1
B,bad neurons removed; artefacts retained,True,1,0.8608552631578947,327.125,215.00452508746747,0.5653774424641167,0.489122404197214,cgc-star,8,F1T1,rise,,0.8602583645166881,time_window,ok,1
B,bad neurons removed; artefacts retained,True,1,0.8947368421052632,340.0,106.87620349474896,0.21335179518306582,0.47965946150986716,cgc-star,20,F1T1,rise,,0.8086883353254515,leave_one_neuron,ok,1
B,bad neurons removed; artefacts retained,True,1,0.994722788279109,377.9946595460614,118.68425293216632,0.2053641759315029,0.4786307230569997,cgc-star,1498,F1T1,rise,,0.9999717813555821,leave_one_transient,ok,1
B,bad neurons removed; artefacts retained,True,1,1.0,380.0,35.90680627002308,0.5523505819311146,0.5009115963801356,cgc-star,20,F1T1,fall,,1.0,event_bootstrap,ok,1
B,bad neurons removed; artefacts retained,True,1,1.0,380.0,84.30131143667302,0.3823212146391247,0.4732491128953114,cgc-star,8,F1T1,fall,,1.0,time_window,ok,1
B,bad neurons removed; artefacts retained,True,1,0.8999999999999998,342.0,27.80826185078684,0.6001330761465347,0.5053775319088663,cgc-star,20,F1T1,fall,,0.8095238095238096,leave_one_neuron,ok,1
B,bad neurons removed; artefacts retained,True,1,1.0,380.0,30.055880183749572,0.5961792299637481,0.5065273022772413,cgc-star,1498,F1T1,fall,,1.0,leave_one_transient,ok,1
B,bad neurons removed; artefacts retained,True,1,1.0,380.0,40.16014962515775,0.4811540545126817,0.512547429214454,cgc-star,20,F1T1,fall_residual,,1.0,event_bootstrap,ok,1
B,bad neurons removed; artefacts retained,True,1,1.0,380.0,159.60964735904605,0.27272101981560803,0.46661623146220155,cgc-star,8,F1T1,fall_residual,,1.0,time_window,ok,1
B,bad neurons removed; artefacts retained,True,1,0.8999999999999998,342.0,29.32507039417593,0.5400890094056215,0.5162361375966777,cgc-star,20,F1T1,fall_residual,,0.8095238095238096,leave_one_neuron,ok,1
B,bad neurons removed; artefacts retained,True,1,1.0,380.0,31.80542461915827,0.5356371601150626,0.5156826204978403,cgc-star,1740,F1T1,fall_residual,,1.0,leave_one_transient,ok,1
B,bad neurons removed; artefacts retained,False,1,1.0,132.0,18.817771464579273,0.680774898829124,0.48580033227934605,cgc-star,8,F1T2,full,,1.0,time_window,ok,2
B,bad neurons removed; artefacts retained,False,1,0.8333333333333335,110.0,13.19664731086362,0.8812468647935919,0.4952954397798915,cgc-star,12,F1T2,full,,0.6923076923076924,leave_one_neuron,ok,2
B,bad neurons removed; artefacts retained,False,1,1.0,132.0,12.901740695040775,0.9362071748167333,0.48684882369369303,cgc-star,8,F1T2,deconvolved,,1.0,time_window,ok,2
B,bad neurons removed; artefacts retained,False,1,0.8333333333333335,110.0,7.229392247922949,0.950654382950506,0.49980967712327584,cgc-star,12,F1T2,deconvolved,,0.6923076923076924,leave_one_neuron,ok,2
B,bad neurons removed; artefacts retained,True,1,0.9981060606060606,131.75,49.109302919348146,0.292395663714527,0.49845251709212973,cgc-star,20,F1T2,rise,,0.9964513556618819,event_bootstrap,ok,2
B,bad neurons removed; artefacts retained,True,1,0.8958333333333334,118.25,63.8449399546284,0.47975436063203963,0.47326492979398416,cgc-star,8,F1T2,rise,,0.8535763442444309,time_window,ok,2
B,bad neurons removed; artefacts retained,True,1,0.8333333333333335,110.0,26.32074841000832,0.4411280037851111,0.4995716490665448,cgc-star,12,F1T2,rise,,0.6923076923076924,leave_one_neuron,ok,2
B,bad neurons removed; artefacts retained,True,1,1.0,132.0,35.04248888760658,0.3752940812196507,0.4996933005735829,cgc-star,1152,F1T2,rise,,1.0,leave_one_transient,ok,2
B,bad neurons removed; artefacts retained,True,1,1.0,132.0,13.849379724090422,0.6483365027477919,0.5039347707794848,cgc-star,20,F1T2,fall,,1.0,event_bootstrap,ok,2
B,bad neurons removed; artefacts retained,True,1,1.0,132.0,21.06212896873667,0.5077158433404086,0.4832612951093182,cgc-star,8,F1T2,fall,,1.0,time_window,ok,2
B,bad neurons removed; artefacts retained,True,1,0.8333333333333335,110.0,10.779844604920179,0.7056199974487831,0.5171681986422908,cgc-star,12,F1T2,fall,,0.6923076923076924,leave_one_neuron,ok,2
B,bad neurons removed; artefacts retained,True,1,1.0,132.0,12.091660519852072,0.6990963482781836,0.5169405321138991,cgc-star,1150,F1T2,fall,,1.0,leave_one_transient,ok,2
B,bad neurons removed; artefacts retained,True,1,1.0,132.0,14.441802175630112,0.6121497279916698,0.4985356262946833,cgc-star,20,F1T2,fall_residual,,1.0,event_bootstrap,ok,2
B,bad neurons removed; artefacts retained,True,1,1.0,132.0,25.12758196026285,0.45199920794092496,0.49819808336967353,cgc-star,8,F1T2,fall_residual,,1.0,time_window,ok,2
B,bad neurons removed; artefacts retained,True,1,0.8333333333333335,110.0,10.841025494307331,0.6773226319631004,0.5034043176366981,cgc-star,12,F1T2,fall_residual,,0.6923076923076924,leave_one_neuron,ok,2
B,bad neurons removed; artefacts retained,True,1,1.0,132.0,12.217474165980367,0.6700835330247152,0.5014503049442403,cgc-star,1172,F1T2,fall_residual,,1.0,leave_one_transient,ok,2
B,bad neurons removed; artefacts retained,False,3,1.0,182.0,25.78987967143733,0.6138888157389641,0.48697232063416873,cgc-star,8,F3T1,full,,1.0,time_window,ok,1
B,bad neurons removed; artefacts retained,False,3,0.8571428571428573,156.0,23.90120871114596,0.6833850693765235,0.49885479945185296,cgc-star,14,F3T1,full,,0.7333333333333334,leave_one_neuron,ok,1
B,bad neurons removed; artefacts retained,False,3,0.9478021978021978,172.5,19.421385985124154,0.7790192499546278,0.5036467296817676,cgc-star,8,F3T1,deconvolved,,0.9050235478806907,time_window,ok,1
B,bad neurons removed; artefacts retained,False,3,0.8571428571428573,156.0,12.279760048726928,0.8086624227742435,0.48504920444286287,cgc-star,14,F3T1,deconvolved,,0.7333333333333334,leave_one_neuron,ok,1
B,bad neurons removed; artefacts retained,True,3,1.0,182.0,60.51938752628712,0.339676436107203,0.4907983226888522,cgc-star,20,F3T1,rise,,1.0,event_bootstrap,ok,1
B,bad neurons removed; artefacts retained,True,3,0.9429945054945055,171.625,94.68596784212936,0.521593774935399,0.46805863108979334,cgc-star,8,F3T1,rise,,0.9131140105104291,time_window,ok,1
B,bad neurons removed; artefacts retained,True,3,0.8571428571428573,156.0,33.65694728031528,0.48656127072189687,0.4942578627982379,cgc-star,14,F3T1,rise,,0.7333333333333334,leave_one_neuron,ok,1
B,bad neurons removed; artefacts retained,True,3,1.0,182.0,37.149813072755,0.4863237792401625,0.49320304458885544,cgc-star,1875,F3T1,rise,,1.0,leave_one_transient,ok,1
B,bad neurons removed; artefacts retained,True,3,1.0,182.0,25.484464736659866,0.5834785337031974,0.5094747731731749,cgc-star,20,F3T1,fall,,1.0,event_bootstrap,ok,1
B,bad neurons removed; artefacts retained,True,3,1.0,182.0,35.39254191830429,0.4780787018168453,0.46890437365691273,cgc-star,8,F3T1,fall,,1.0,time_window,ok,1
B,bad neurons removed; artefacts retained,True,3,0.8571428571428573,156.0,24.479003364902383,0.6056766564611266,0.5024775951343179,cgc-star,14,F3T1,fall,,0.7333333333333334,leave_one_neuron,ok,1
B,bad neurons removed; artefacts retained,True,3,1.0,182.0,26.941826284498386,0.5990689059302152,0.5049021779634899,cgc-star,1877,F3T1,fall,,1.0,leave_one_transient,ok,1
B,bad neurons removed; artefacts retained,True,3,1.0,182.0,26.599556359929597,0.5752958289612508,0.5181585535886538,cgc-star,20,F3T1,fall_residual,,1.0,event_bootstrap,ok,1
B,bad neurons removed; artefacts retained,True,3,1.0,182.0,43.56992690452967,0.42768255226421914,0.48278491710204624,cgc-star,8,F3T1,fall_residual,,1.0,time_window,ok,1
B,bad neurons removed; artefacts retained,True,3,0.8571428571428573,156.0,23.881334058300215,0.607611228303598,0.5213669819111625,cgc-star,14,F3T1,fall_residual,,0.7333333333333334,leave_one_neuron,ok,1
B,bad neurons removed; artefacts retained,True,3,1.0,182.0,26.325154851236988,0.6037636362817066,0.5262593203349974,cgc-star,1931,F3T1,fall_residual,,1.0,leave_one_transient,ok,1
B,bad neurons removed; artefacts retained,False,3,1.0,110.0,17.472265304909442,0.6738751500135298,0.4389102570253864,cgc-star,8,F3T2,full,,1.0,time_window,ok,2
B,bad neurons removed; artefacts retained,False,3,0.8181818181818182,90.0,14.730328836162458,0.7532360424577195,0.47095462236946856,cgc-star,11,F3T2,full,,0.6666666666666664,leave_one_neuron,ok,2
B,bad neurons removed; artefacts retained,False,3,1.0,110.0,13.322956945849079,0.7228514281169707,0.5226346337264062,cgc-star,8,F3T2,deconvolved,,1.0,time_window,ok,2
B,bad neurons removed; artefacts retained,False,3,0.8181818181818182,90.0,7.313405329810041,0.7931342201782037,0.46507463232911395,cgc-star,11,F3T2,deconvolved,,0.6666666666666664,leave_one_neuron,ok,2
B,bad neurons removed; artefacts retained,True,3,1.0,110.0,37.52244887890466,0.4093610916474641,0.4528218473250744,cgc-star,20,F3T2,rise,,1.0,event_bootstrap,ok,2
B,bad neurons removed; artefacts retained,True,3,0.9840909090909091,108.25,62.33454588164328,0.5327277902417601,0.48522730620381505,cgc-star,8,F3T2,rise,,0.9681818181818181,time_window,ok,2
B,bad neurons removed; artefacts retained,True,3,0.8181818181818182,90.0,17.74008563476693,0.6717681800274616,0.4427501285359051,cgc-star,11,F3T2,rise,,0.6666666666666664,leave_one_neuron,ok,2
B,bad neurons removed; artefacts retained,True,3,1.0,110.0,20.902950206283514,0.6636656718645736,0.43508122794487186,cgc-star,1725,F3T2,rise,,1.0,leave_one_transient,ok,2
B,bad neurons removed; artefacts retained,True,3,1.0,110.0,17.538950838263386,0.6671577685510851,0.48568784183419594,cgc-star,20,F3T2,fall,,1.0,event_bootstrap,ok,2
B,bad neurons removed; artefacts retained,True,3,1.0,110.0,21.87202244403794,0.5450302763140416,0.4655171422786071,cgc-star,8,F3T2,fall,,1.0,time_window,ok,2
B,bad neurons removed; artefacts retained,True,3,0.8181818181818182,90.0,14.84569926595322,0.7170676167096063,0.4849704860618474,cgc-star,11,F3T2,fall,,0.6666666666666664,leave_one_neuron,ok,2
B,bad neurons removed; artefacts retained,True,3,1.0,110.0,17.048135913711853,0.71235548797649,0.4833874904719879,cgc-star,1730,F3T2,fall,,1.0,leave_one_transient,ok,2
B,bad neurons removed; artefacts retained,True,3,1.0,110.0,18.389809960078303,0.6157775988342594,0.4966687207028911,cgc-star,20,F3T2,fall_residual,,1.0,event_bootstrap,ok,2
B,bad neurons removed; artefacts retained,True,3,1.0,110.0,32.948991806255975,0.4727927842836851,0.46378727897883143,cgc-star,8,F3T2,fall_residual,,1.0,time_window,ok,2
B,bad neurons removed; artefacts retained,True,3,0.8181818181818182,90.0,14.961370224158228,0.675890753428504,0.4889931167009866,cgc-star,11,F3T2,fall_residual,,0.6666666666666664,leave_one_neuron,ok,2
B,bad neurons removed; artefacts retained,True,3,1.0,110.0,17.200667854622438,0.6734132322857903,0.48787899367059967,cgc-star,1883,F3T2,fall_residual,,1.0,leave_one_transient,ok,2
B,bad neurons removed; artefacts retained,False,4,1.0,72.0,13.649101735749928,0.738749091003388,0.4700437803541484,cgc-star,8,F4T1,full,,1.0,time_window,ok,1
B,bad neurons removed; artefacts retained,False,4,0.7777777777777778,56.0,13.550822149763597,0.7708028682998018,0.4993552932823684,cgc-star,9,F4T1,full,,0.6000000000000001,leave_one_neuron,ok,1
B,bad neurons removed; artefacts retained,False,4,1.0,72.0,12.726191621426628,0.8231445586020911,0.4286370240375672,cgc-star,8,F4T1,deconvolved,,1.0,time_window,ok,1
B,bad neurons removed; artefacts retained,False,4,0.7777777777777778,56.0,6.896966687065988,0.7203291409133447,0.5184932431817626,cgc-star,9,F4T1,deconvolved,,0.6000000000000001,leave_one_neuron,ok,1
B,bad neurons removed; artefacts retained,True,4,0.9965277777777779,71.75,32.58985655890286,0.4215737053970118,0.4781992839421088,cgc-star,20,F4T1,rise,,0.9932017543859648,event_bootstrap,ok,1
B,bad neurons removed; artefacts retained,True,4,0.8315972222222222,59.875,35.93932654298196,0.581099481600744,0.4827727374031138,cgc-star,8,F4T1,rise,,0.7855701973540326,time_window,ok,1
B,bad neurons removed; artefacts retained,True,4,0.7777777777777778,56.0,18.88758260002201,0.5697285945206018,0.4822928679065703,cgc-star,9,F4T1,rise,,0.6000000000000001,leave_one_neuron,ok,1
B,bad neurons removed; artefacts retained,True,4,1.0,72.0,22.97928712524099,0.551788446026745,0.4851070055607396,cgc-star,1104,F4T1,rise,,1.0,leave_one_transient,ok,1
B,bad neurons removed; artefacts retained,True,4,1.0,72.0,15.036699823833839,0.6530436432399551,0.4914915941985716,cgc-star,20,F4T1,fall,,1.0,event_bootstrap,ok,1
B,bad neurons removed; artefacts retained,True,4,1.0,72.0,12.961772078228279,0.5777691040213215,0.4852570452455031,cgc-star,8,F4T1,fall,,1.0,time_window,ok,1
B,bad neurons removed; artefacts retained,True,4,0.7777777777777778,56.0,12.764988059912342,0.6516078758372987,0.4834613155408485,cgc-star,9,F4T1,fall,,0.6000000000000001,leave_one_neuron,ok,1
B,bad neurons removed; artefacts retained,True,4,1.0,72.0,15.45118443605154,0.6503305955934116,0.48403806543523187,cgc-star,1108,F4T1,fall,,1.0,leave_one_transient,ok,1
B,bad neurons removed; artefacts retained,True,4,1.0,72.0,13.720601814885631,0.6469426294796586,0.4933359737915131,cgc-star,20,F4T1,fall_residual,,1.0,event_bootstrap,ok,1
B,bad neurons removed; artefacts retained,True,4,1.0,72.0,13.28777616184114,0.565537206909919,0.48873405949590176,cgc-star,8,F4T1,fall_residual,,1.0,time_window,ok,1
B,bad neurons removed; artefacts retained,True,4,0.7777777777777778,56.0,11.777516308122728,0.6339307622791311,0.5035223333843976,cgc-star,9,F4T1,fall_residual,,0.6000000000000001,leave_one_neuron,ok,1
B,bad neurons removed; artefacts retained,True,4,1.0,72.0,14.071204192140975,0.6382286825135066,0.5044713011907035,cgc-star,1153,F4T1,fall_residual,,1.0,leave_one_transient,ok,1
B,bad neurons removed; artefacts retained,False,5,1.0,156.0,21.39893576573123,0.5795543833573633,0.5178619470523476,cgc-star,8,F5T1,full,,1.0,time_window,ok,1
B,bad neurons removed; artefacts retained,False,5,0.8461538461538463,132.0,20.650123301331625,0.6771534466468828,0.5179479855778889,cgc-star,13,F5T1,full,,0.7142857142857144,leave_one_neuron,ok,1
B,bad neurons removed; artefacts retained,False,5,1.0,156.0,18.372580172797985,0.7443831083135855,0.5078295338935825,cgc-star,8,F5T1,deconvolved,,1.0,time_window,ok,1
B,bad neurons removed; artefacts retained,False,5,0.8461538461538463,132.0,8.139306474498511,0.7951425451632226,0.4594316638806296,cgc-star,13,F5T1,deconvolved,,0.7142857142857144,leave_one_neuron,ok,1
B,bad neurons removed; artefacts retained,True,5,1.0,156.0,56.264911045948985,0.3031955609119048,0.5155689900264072,cgc-star,20,F5T1,rise,,1.0,event_bootstrap,ok,1
B,bad neurons removed; artefacts retained,True,5,0.9519230769230769,148.5,84.07137565896174,0.5488771368217569,0.523633929574137,cgc-star,8,F5T1,rise,,0.9187751152832456,time_window,ok,1
B,bad neurons removed; artefacts retained,True,5,0.8461538461538463,132.0,24.77679677185967,0.5314366039537268,0.5198514727997737,cgc-star,13,F5T1,rise,,0.7142857142857144,leave_one_neuron,ok,1
B,bad neurons removed; artefacts retained,True,5,1.0,156.0,27.712863122966045,0.5260698762962323,0.5266636820623942,cgc-star,1808,F5T1,rise,,1.0,leave_one_transient,ok,1
B,bad neurons removed; artefacts retained,True,5,1.0,156.0,20.95562326530322,0.6236160068133565,0.5177100040657093,cgc-star,20,F5T1,fall,,1.0,event_bootstrap,ok,1
B,bad neurons removed; artefacts retained,True,5,1.0,156.0,27.38597681245595,0.49628936995108436,0.5102449632876889,cgc-star,8,F5T1,fall,,1.0,time_window,ok,1
B,bad neurons removed; artefacts retained,True,5,0.8461538461538463,132.0,17.570589544866486,0.659548543293915,0.5241922011603539,cgc-star,13,F5T1,fall,,0.7142857142857144,leave_one_neuron,ok,1
B,bad neurons removed; artefacts retained,True,5,1.0,156.0,19.47043675453475,0.6553533524469092,0.5229362525362903,cgc-star,1814,F5T1,fall,,1.0,leave_one_transient,ok,1
B,bad neurons removed; artefacts retained,True,5,1.0,156.0,20.822993059782405,0.5775277661205296,0.5198109186054355,cgc-star,20,F5T1,fall_residual,,1.0,event_bootstrap,ok,1
B,bad neurons removed; artefacts retained,True,5,1.0,156.0,47.68712893153952,0.3879680584263724,0.4891062951644552,cgc-star,8,F5T1,fall_residual,,1.0,time_window,ok,1
B,bad neurons removed; artefacts retained,True,5,0.8461538461538463,132.0,16.178646845237022,0.6384979637085321,0.513872350824264,cgc-star,13,F5T1,fall_residual,,0.7142857142857144,leave_one_neuron,ok,1
B,bad neurons removed; artefacts retained,True,5,1.0,156.0,17.91933667935565,0.6355696968471856,0.5124484564226666,cgc-star,2322,F5T1,fall_residual,,1.0,leave_one_transient,ok,1
B,bad neurons removed; artefacts retained,False,5,1.0,272.0,33.64797563766193,0.5819555097716025,0.524164777857197,cgc-star,8,F5T2,full,,1.0,time_window,ok,2
B,bad neurons removed; artefacts retained,False,5,0.8823529411764706,240.0,28.982349307008292,0.6991825617170607,0.5158523078532466,cgc-star,17,F5T2,full,,0.7777777777777777,leave_one_neuron,ok,2
B,bad neurons removed; artefacts retained,False,5,1.0,272.0,32.24236122517687,0.7646850884362826,0.46895998087311896,cgc-star,8,F5T2,deconvolved,,1.0,time_window,ok,2
B,bad neurons removed; artefacts retained,False,5,0.8823529411764706,240.0,14.249172716092474,0.7922807743128892,0.5020404038944142,cgc-star,17,F5T2,deconvolved,,0.7777777777777777,leave_one_neuron,ok,2
B,bad neurons removed; artefacts retained,True,5,0.9998161764705882,271.95,97.0712653618506,0.29542204678666906,0.5168189317074217,cgc-star,20,F5T2,rise,,0.9996323529411765,event_bootstrap,ok,2
B,bad neurons removed; artefacts retained,True,5,0.9825367647058824,267.25,145.83797062355177,0.49393268152064274,0.5008608911084741,cgc-star,8,F5T2,rise,,0.9746481648923527,time_window,ok,2
B,bad neurons removed; artefacts retained,True,5,0.8823529411764706,240.0,39.3245974151923,0.5079612704537585,0.5061774428243834,cgc-star,17,F5T2,rise,,0.7777777777777777,leave_one_neuron,ok,2
B,bad neurons removed; artefacts retained,True,5,1.0,272.0,45.19352146128838,0.4856362128788746,0.5050029669021766,cgc-star,2952,F5T2,rise,,1.0,leave_one_transient,ok,2
B,bad neurons removed; artefacts retained,True,5,1.0,272.0,31.615216916272555,0.5914505553627711,0.5103758243398289,cgc-star,20,F5T2,fall,,1.0,event_bootstrap,ok,2
B,bad neurons removed; artefacts retained,True,5,1.0,272.0,68.6940862579226,0.4733673244972815,0.49383206471753593,cgc-star,8,F5T2,fall,,1.0,time_window,ok,2
B,bad neurons removed; artefacts retained,True,5,0.8823529411764706,240.0,26.446606484658908,0.6179132530047917,0.5286065131667196,cgc-star,17,F5T2,fall,,0.7777777777777777,leave_one_neuron,ok,2
B,bad neurons removed; artefacts retained,True,5,1.0,272.0,28.80625943391484,0.6129743156343389,0.528290361885581,cgc-star,2947,F5T2,fall,,1.0,leave_one_transient,ok,2
B,bad neurons removed; artefacts retained,True,5,1.0,272.0,34.424512309985786,0.5462482299340407,0.501232724166022,cgc-star,20,F5T2,fall_residual,,1.0,event_bootstrap,ok,2
B,bad neurons removed; artefacts retained,True,5,1.0,272.0,108.05521536710589,0.40504449421985284,0.512999620194452,cgc-star,8,F5T2,fall_residual,,1.0,time_window,ok,2
B,bad neurons removed; artefacts retained,True,5,0.8823529411764706,240.0,27.203763851683583,0.5926410460290015,0.5053848250310495,cgc-star,17,F5T2,fall_residual,,0.7777777777777777,leave_one_neuron,ok,2
B,bad neurons removed; artefacts retained,True,5,1.0,272.0,29.728032550029255,0.5868740361095611,0.504026659585631,cgc-star,3300,F5T2,fall_residual,,1.0,leave_one_transient,ok,2
B,bad neurons removed; artefacts retained,False,6,1.0,132.0,17.593640253159485,0.6022273843108716,0.5054465412996163,cgc-star,8,F6T1,full,,1.0,time_window,ok,1
B,bad neurons removed; artefacts retained,False,6,0.8333333333333335,110.0,15.654972418860636,0.7006253877419618,0.517287612518928,cgc-star,12,F6T1,full,,0.6923076923076924,leave_one_neuron,ok,1
B,bad neurons removed; artefacts retained,False,6,1.0,132.0,11.887314034425714,0.7108573204650142,0.4505965881383518,cgc-star,8,F6T1,deconvolved,,1.0,time_window,ok,1
B,bad neurons removed; artefacts retained,False,6,0.8333333333333335,110.0,6.086575715518833,0.8026717242469313,0.454611203972443,cgc-star,12,F6T1,deconvolved,,0.6923076923076924,leave_one_neuron,ok,1
B,bad neurons removed; artefacts retained,True,6,1.0,132.0,37.89042561269543,0.3865913160391565,0.49939930435874735,cgc-star,20,F6T1,rise,,1.0,event_bootstrap,ok,1
B,bad neurons removed; artefacts retained,True,6,0.9678030303030303,127.75,70.39076351503357,0.49620787378596143,0.5388723751273898,cgc-star,8,F6T1,rise,,0.947671316414263,time_window,ok,1
B,bad neurons removed; artefacts retained,True,6,0.8333333333333335,110.0,21.584512071271217,0.526636503479842,0.5039816557711906,cgc-star,12,F6T1,rise,,0.6923076923076924,leave_one_neuron,ok,1
B,bad neurons removed; artefacts retained,True,6,1.0,132.0,24.983117799343557,0.5111570781492984,0.5015257899321933,cgc-star,1973,F6T1,rise,,1.0,leave_one_transient,ok,1
B,bad neurons removed; artefacts retained,True,6,1.0,132.0,17.579780258347114,0.5934992209694104,0.5044507916165338,cgc-star,20,F6T1,fall,,1.0,event_bootstrap,ok,1
B,bad neurons removed; artefacts retained,True,6,1.0,132.0,29.16363155376825,0.4514174640662212,0.5109473472598818,cgc-star,8,F6T1,fall,,1.0,time_window,ok,1
B,bad neurons removed; artefacts retained,True,6,0.8333333333333335,110.0,14.418994190242714,0.6328785260667019,0.5075588960301844,cgc-star,12,F6T1,fall,,0.6923076923076924,leave_one_neuron,ok,1
B,bad neurons removed; artefacts retained,True,6,1.0,132.0,16.099934648231017,0.6362829798818924,0.5093449486851732,cgc-star,1979,F6T1,fall,,1.0,leave_one_transient,ok,1
B,bad neurons removed; artefacts retained,True,6,1.0,132.0,19.610545114600296,0.5769721658182373,0.49302772820202917,cgc-star,20,F6T1,fall_residual,,1.0,event_bootstrap,ok,1
B,bad neurons removed; artefacts retained,True,6,1.0,132.0,45.48261386708749,0.396323732390646,0.5050943259142847,cgc-star,8,F6T1,fall_residual,,1.0,time_window,ok,1
B,bad neurons removed; artefacts retained,True,6,0.8333333333333335,110.0,14.784657373506798,0.6319090421202911,0.49405500786773066,cgc-star,12,F6T1,fall_residual,,0.6923076923076924,leave_one_neuron,ok,1
B,bad neurons removed; artefacts retained,True,6,1.0,132.0,16.584933215782115,0.6374158995320572,0.49514201798241025,cgc-star,2176,F6T1,fall_residual,,1.0,leave_one_transient,ok,1
B,bad neurons removed; artefacts retained,False,6,1.0,110.0,14.537415752137381,0.5957894115316256,0.4992224191007495,cgc-star,8,F6T2,full,,1.0,time_window,ok,2
B,bad neurons removed; artefacts retained,False,6,0.8181818181818182,90.0,15.397682827306586,0.6925922559422367,0.5004845293292649,cgc-star,11,F6T2,full,,0.6666666666666664,leave_one_neuron,ok,2
B,bad neurons removed; artefacts retained,False,6,1.0,110.0,10.347334133342253,0.7055382950761603,0.48844124295158486,cgc-star,8,F6T2,deconvolved,,1.0,time_window,ok,2
B,bad neurons removed; artefacts retained,False,6,0.8181818181818182,90.0,4.526626785181914,0.7836656093527808,0.47809119184279647,cgc-star,11,F6T2,deconvolved,,0.6666666666666664,leave_one_neuron,ok,2
B,bad neurons removed; artefacts retained,True,6,1.0,110.0,29.151226023415017,0.42414637211193956,0.4750325148543754,cgc-star,20,F6T2,rise,,1.0,event_bootstrap,ok,2
B,bad neurons removed; artefacts retained,True,6,0.9875,108.625,58.78427184236612,0.4875452867311693,0.5355970861536858,cgc-star,8,F6T2,rise,,0.9788477707163877,time_window,ok,2
B,bad neurons removed; artefacts retained,True,6,0.8181818181818182,90.0,16.102511601837932,0.6371487661630836,0.4769905769713336,cgc-star,11,F6T2,rise,,0.6666666666666664,leave_one_neuron,ok,2
B,bad neurons removed; artefacts retained,True,6,1.0,110.0,18.82224411499344,0.6255715558784117,0.4688880101524141,cgc-star,2030,F6T2,rise,,1.0,leave_one_transient,ok,2
B,bad neurons removed; artefacts retained,True,6,1.0,110.0,16.19793912460618,0.6093589900883553,0.5007742175788498,cgc-star,20,F6T2,fall,,1.0,event_bootstrap,ok,2
B,bad neurons removed; artefacts retained,True,6,1.0,110.0,24.636992234041383,0.45664735980967125,0.5106887530698286,cgc-star,8,F6T2,fall,,1.0,time_window,ok,2
B,bad neurons removed; artefacts retained,True,6,0.8181818181818182,90.0,13.070624743972331,0.6555594868257856,0.499051526493702,cgc-star,11,F6T2,fall,,0.6666666666666664,leave_one_neuron,ok,2
B,bad neurons removed; artefacts retained,True,6,1.0,110.0,14.87648124682983,0.6449891365091184,0.4995423828354455,cgc-star,2032,F6T2,fall,,1.0,leave_one_transient,ok,2
B,bad neurons removed; artefacts retained,True,6,1.0,110.0,18.425239554041024,0.522539130748396,0.4625829676444356,cgc-star,20,F6T2,fall_residual,,1.0,event_bootstrap,ok,2
B,bad neurons removed; artefacts retained,True,6,1.0,110.0,51.86412717633446,0.35701921623308497,0.4772675775874026,cgc-star,8,F6T2,fall_residual,,1.0,time_window,ok,2
B,bad neurons removed; artefacts retained,True,6,0.8181818181818182,90.0,13.454667258603386,0.5962590563445773,0.4594407143274721,cgc-star,11,F6T2,fall_residual,,0.6666666666666664,leave_one_neuron,ok,2
B,bad neurons removed; artefacts retained,True,6,1.0,110.0,15.437470419404875,0.582916612371046,0.4568810850207331,cgc-star,2319,F6T2,fall_residual,,1.0,leave_one_transient,ok,2
C,bad neurons removed; artefacts corrected,False,1,1.0,380.0,46.311068151488456,0.5927864785691151,0.4917639557409485,cgc-star,8,F1T1,full,,1.0,time_window,ok,1
C,bad neurons removed; artefacts corrected,False,1,0.8999999999999998,342.0,30.215440284123865,0.7412686202842962,0.4863351347969188,cgc-star,20,F1T1,full,,0.8095238095238096,leave_one_neuron,ok,1
C,bad neurons removed; artefacts corrected,False,1,1.0,380.0,39.68384599295189,0.8101030995586394,0.5215669850069569,cgc-star,8,F1T1,deconvolved,,1.0,time_window,ok,1
C,bad neurons removed; artefacts corrected,False,1,0.8999999999999998,342.0,16.594599007010693,0.8730147278900571,0.4835268336566673,cgc-star,20,F1T1,deconvolved,,0.8095238095238096,leave_one_neuron,ok,1
C,bad neurons removed; artefacts corrected,True,1,0.9763157894736845,371.0,146.3954665781443,0.2156536418506374,0.48818796929065644,cgc-star,20,F1T1,rise,,0.9782512785661887,event_bootstrap,ok,1
C,bad neurons removed; artefacts corrected,True,1,0.8608552631578947,327.125,215.00452508746747,0.5653774424641167,0.489122404197214,cgc-star,8,F1T1,rise,,0.8602583645166881,time_window,ok,1
C,bad neurons removed; artefacts corrected,True,1,0.8947368421052632,340.0,106.87620349474896,0.21335179518306582,0.47965946150986716,cgc-star,20,F1T1,rise,,0.8086883353254515,leave_one_neuron,ok,1
C,bad neurons removed; artefacts corrected,True,1,0.994722788279109,377.9946595460614,118.68425293216632,0.2053641759315029,0.4786307230569997,cgc-star,1498,F1T1,rise,,0.9999717813555821,leave_one_transient,ok,1
C,bad neurons removed; artefacts corrected,True,1,1.0,380.0,35.70228702633204,0.5474794542323826,0.49819808841081226,cgc-star,20,F1T1,fall,,1.0,event_bootstrap,ok,1
C,bad neurons removed; artefacts corrected,True,1,1.0,380.0,84.30131143667302,0.3823212146391247,0.4732491128953114,cgc-star,8,F1T1,fall,,1.0,time_window,ok,1
C,bad neurons removed; artefacts corrected,True,1,0.8999999999999998,342.0,27.80826185078684,0.6001330761465347,0.5053775319088663,cgc-star,20,F1T1,fall,,0.8095238095238096,leave_one_neuron,ok,1
C,bad neurons removed; artefacts corrected,True,1,1.0,380.0,30.055880183749572,0.5961792299637481,0.5065273022772413,cgc-star,1498,F1T1,fall,,1.0,leave_one_transient,ok,1
C,bad neurons removed; artefacts corrected,True,1,1.0,380.0,39.61954340506041,0.49087775425744046,0.5097282023888827,cgc-star,20,F1T1,fall_residual,,1.0,event_bootstrap,ok,1
C,bad neurons removed; artefacts corrected,True,1,1.0,380.0,159.60964735904605,0.27272101981560803,0.46661623146220155,cgc-star,8,F1T1,fall_residual,,1.0,time_window,ok,1
C,bad neurons removed; artefacts corrected,True,1,0.8999999999999998,342.0,29.32507039417593,0.5400890094056215,0.5162361375966777,cgc-star,20,F1T1,fall_residual,,0.8095238095238096,leave_one_neuron,ok,1
C,bad neurons removed; artefacts corrected,True,1,1.0,380.0,31.80542461915827,0.5356371601150626,0.5156826204978403,cgc-star,1740,F1T1,fall_residual,,1.0,leave_one_transient,ok,1
C,bad neurons removed; artefacts corrected,False,1,1.0,132.0,18.817771464579273,0.680774898829124,0.48580033227934605,cgc-star,8,F1T2,full,,1.0,time_window,ok,2
C,bad neurons removed; artefacts corrected,False,1,0.8333333333333335,110.0,13.19664731086362,0.8812468647935919,0.4952954397798915,cgc-star,12,F1T2,full,,0.6923076923076924,leave_one_neuron,ok,2
C,bad neurons removed; artefacts corrected,False,1,1.0,132.0,12.901740695040775,0.9362071748167333,0.48684882369369303,cgc-star,8,F1T2,deconvolved,,1.0,time_window,ok,2
C,bad neurons removed; artefacts corrected,False,1,0.8333333333333335,110.0,7.229392247922949,0.950654382950506,0.49980967712327584,cgc-star,12,F1T2,deconvolved,,0.6923076923076924,leave_one_neuron,ok,2
C,bad neurons removed; artefacts corrected,True,1,0.9962121212121211,131.5,47.87403463139344,0.3033523022398073,0.502446489010875,cgc-star,20,F1T2,rise,,0.9927420042124743,event_bootstrap,ok,2
C,bad neurons removed; artefacts corrected,True,1,0.8958333333333334,118.25,63.8449399546284,0.47975436063203963,0.47326492979398416,cgc-star,8,F1T2,rise,,0.8535763442444309,time_window,ok,2
C,bad neurons removed; artefacts corrected,True,1,0.8333333333333335,110.0,26.32074841000832,0.4411280037851111,0.4995716490665448,cgc-star,12,F1T2,rise,,0.6923076923076924,leave_one_neuron,ok,2
C,bad neurons removed; artefacts corrected,True,1,1.0,132.0,35.04248888760658,0.3752940812196507,0.4996933005735829,cgc-star,1152,F1T2,rise,,1.0,leave_one_transient,ok,2
C,bad neurons removed; artefacts corrected,True,1,1.0,132.0,14.246228812032053,0.6379634330382424,0.5079540514971851,cgc-star,20,F1T2,fall,,1.0,event_bootstrap,ok,2
C,bad neurons removed; artefacts corrected,True,1,1.0,132.0,21.06212896873667,0.5077158433404086,0.4832612951093182,cgc-star,8,F1T2,fall,,1.0,time_window,ok,2
C,bad neurons removed; artefacts corrected,True,1,0.8333333333333335,110.0,10.779844604920179,0.7056199974487831,0.5171681986422908,cgc-star,12,F1T2,fall,,0.6923076923076924,leave_one_neuron,ok,2
C,bad neurons removed; artefacts corrected,True,1,1.0,132.0,12.091660519852072,0.6990963482781836,0.5169405321138991,cgc-star,1150,F1T2,fall,,1.0,leave_one_transient,ok,2
C,bad neurons removed; artefacts corrected,True,1,1.0,132.0,14.477161605312233,0.6039293417401331,0.49445318084219264,cgc-star,20,F1T2,fall_residual,,1.0,event_bootstrap,ok,2
C,bad neurons removed; artefacts corrected,True,1,1.0,132.0,25.12758196026285,0.45199920794092496,0.49819808336967353,cgc-star,8,F1T2,fall_residual,,1.0,time_window,ok,2
C,bad neurons removed; artefacts corrected,True,1,0.8333333333333335,110.0,10.841025494307331,0.6773226319631004,0.5034043176366981,cgc-star,12,F1T2,fall_residual,,0.6923076923076924,leave_one_neuron,ok,2
C,bad neurons removed; artefacts corrected,True,1,1.0,132.0,12.217474165980367,0.6700835330247152,0.5014503049442403,cgc-star,1172,F1T2,fall_residual,,1.0,leave_one_transient,ok,2
C,bad neurons removed; artefacts corrected,False,3,1.0,182.0,25.538345954768197,0.6217086651102797,0.487077805578588,cgc-star,8,F3T1,full,,1.0,time_window,ok,1
C,bad neurons removed; artefacts corrected,False,3,0.8571428571428573,156.0,22.898195910485907,0.7288350447547176,0.4985413175721539,cgc-star,14,F3T1,full,,0.7333333333333334,leave_one_neuron,ok,1
C,bad neurons removed; artefacts corrected,False,3,0.9478021978021978,172.5,19.148401951962125,0.7811723108728903,0.5049455879265641,cgc-star,8,F3T1,deconvolved,,0.9050235478806907,time_window,ok,1
C,bad neurons removed; artefacts corrected,False,3,0.8571428571428573,156.0,10.726840572307955,0.8692013298377941,0.48255820848018266,cgc-star,14,F3T1,deconvolved,,0.7333333333333334,leave_one_neuron,ok,1
C,bad neurons removed; artefacts corrected,True,3,1.0,182.0,62.1769386816351,0.33609567712895805,0.4996933305623785,cgc-star,20,F3T1,rise,,1.0,event_bootstrap,ok,1
C,bad neurons removed; artefacts corrected,True,3,0.9429945054945055,171.625,94.78241946673685,0.521780205060555,0.4674178553757382,cgc-star,8,F3T1,rise,,0.9131140105104291,time_window,ok,1
C,bad neurons removed; artefacts corrected,True,3,0.8571428571428573,156.0,33.66665573391288,0.4863177949035626,0.4943790949104752,cgc-star,14,F3T1,rise,,0.7333333333333334,leave_one_neuron,ok,1
C,bad neurons removed; artefacts corrected,True,3,1.0,182.0,37.15782259259381,0.48603692330308595,0.4934099086815762,cgc-star,1862,F3T1,rise,,1.0,leave_one_transient,ok,1
C,bad neurons removed; artefacts corrected,True,3,1.0,182.0,23.67257067991916,0.5870921185155529,0.49724756453909846,cgc-star,20,F3T1,fall,,1.0,event_bootstrap,ok,1
C,bad neurons removed; artefacts corrected,True,3,1.0,182.0,34.947816467132505,0.47679469103946304,0.46476952961899476,cgc-star,8,F3T1,fall,,1.0,time_window,ok,1
C,bad neurons removed; artefacts corrected,True,3,0.8571428571428573,156.0,18.85571276839962,0.615781485452311,0.4956054777916848,cgc-star,14,F3T1,fall,,0.7333333333333334,leave_one_neuron,ok,1
C,bad neurons removed; artefacts corrected,True,3,1.0,182.0,21.149382412469357,0.6076489034225614,0.49814919224099263,cgc-star,1864,F3T1,fall,,1.0,leave_one_transient,ok,1
C,bad neurons removed; artefacts corrected,True,3,1.0,182.0,23.769977384158796,0.5642428010458016,0.5135619056658336,cgc-star,20,F3T1,fall_residual,,1.0,event_bootstrap,ok,1
C,bad neurons removed; artefacts corrected,True,3,1.0,182.0,42.673975881036554,0.42909288381847877,0.47869677812569883,cgc-star,8,F3T1,fall_residual,,1.0,time_window,ok,1
C,bad neurons removed; artefacts corrected,True,3,0.8571428571428573,156.0,18.146620555736853,0.5994420563720931,0.5170323199066805,cgc-star,14,F3T1,fall_residual,,0.7333333333333334,leave_one_neuron,ok,1
C,bad neurons removed; artefacts corrected,True,3,1.0,182.0,20.253413828845517,0.5929375111315983,0.5207777823747466,cgc-star,1918,F3T1,fall_residual,,1.0,leave_one_transient,ok,1
C,bad neurons removed; artefacts corrected,False,3,1.0,110.0,17.318514319901148,0.6743445307040261,0.438528168037979,cgc-star,8,F3T2,full,,1.0,time_window,ok,2
C,bad neurons removed; artefacts corrected,False,3,0.8181818181818182,90.0,15.336412783686923,0.742738259926795,0.47006718816897936,cgc-star,11,F3T2,full,,0.6666666666666664,leave_one_neuron,ok,2
C,bad neurons removed; artefacts corrected,False,3,1.0,110.0,13.12311617297605,0.7264041922722351,0.5198939428309891,cgc-star,8,F3T2,deconvolved,,1.0,time_window,ok,2
C,bad neurons removed; artefacts corrected,False,3,0.8181818181818182,90.0,7.331586877956241,0.783376852821155,0.4549952437316264,cgc-star,11,F3T2,deconvolved,,0.6666666666666664,leave_one_neuron,ok,2
C,bad neurons removed; artefacts corrected,True,3,1.0,110.0,37.98038869778556,0.4167459638830756,0.4441208237211408,cgc-star,20,F3T2,rise,,1.0,event_bootstrap,ok,2
C,bad neurons removed; artefacts corrected,True,3,0.9840909090909091,108.25,62.692339414568984,0.5293302630083649,0.4905461047638377,cgc-star,8,F3T2,rise,,0.9681818181818181,time_window,ok,2
C,bad neurons removed; artefacts corrected,True,3,0.8181818181818182,90.0,17.81271384903152,0.6688489433939648,0.4424386099365554,cgc-star,11,F3T2,rise,,0.6666666666666664,leave_one_neuron,ok,2
C,bad neurons removed; artefacts corrected,True,3,1.0,110.0,21.065087121545734,0.6582258083159349,0.43485118746772927,cgc-star,1725,F3T2,rise,,1.0,leave_one_transient,ok,2
C,bad neurons removed; artefacts corrected,True,3,1.0,110.0,17.31425003912309,0.6536170561813818,0.49653807971003205,cgc-star,20,F3T2,fall,,1.0,event_bootstrap,ok,2
C,bad neurons removed; artefacts corrected,True,3,1.0,110.0,21.867905889913104,0.5436960723000669,0.4667938652472449,cgc-star,8,F3T2,fall,,1.0,time_window,ok,2
C,bad neurons removed; artefacts corrected,True,3,0.8181818181818182,90.0,13.834615208817672,0.6829104353136812,0.4902665114880108,cgc-star,11,F3T2,fall,,0.6666666666666664,leave_one_neuron,ok,2
C,bad neurons removed; artefacts corrected,True,3,1.0,110.0,16.05567835217703,0.6778857271966336,0.48879233702299146,cgc-star,1730,F3T2,fall,,1.0,leave_one_transient,ok,2
C,bad neurons removed; artefacts corrected,True,3,1.0,110.0,18.036231002904064,0.5878253798773104,0.4996398840018677,cgc-star,20,F3T2,fall_residual,,1.0,event_bootstrap,ok,2
C,bad neurons removed; artefacts corrected,True,3,1.0,110.0,32.440961208913734,0.4705771538531211,0.47546795796484337,cgc-star,8,F3T2,fall_residual,,1.0,time_window,ok,2
C,bad neurons removed; artefacts corrected,True,3,0.8181818181818182,90.0,13.914298097420227,0.6392137020572156,0.5009427573455022,cgc-star,11,F3T2,fall_residual,,0.6666666666666664,leave_one_neuron,ok,2
C,bad neurons removed; artefacts corrected,True,3,1.0,110.0,16.264993092940724,0.6380228089833936,0.5009072072860905,cgc-star,1883,F3T2,fall_residual,,1.0,leave_one_transient,ok,2
C,bad neurons removed; artefacts corrected,False,4,1.0,72.0,13.649101735749928,0.738749091003388,0.4700437803541484,cgc-star,8,F4T1,full,,1.0,time_window,ok,1
C,bad neurons removed; artefacts corrected,False,4,0.7777777777777778,56.0,13.550822149763597,0.7708028682998018,0.4993552932823684,cgc-star,9,F4T1,full,,0.6000000000000001,leave_one_neuron,ok,1
C,bad neurons removed; artefacts corrected,False,4,1.0,72.0,12.726191621426628,0.8231445586020911,0.4286370240375672,cgc-star,8,F4T1,deconvolved,,1.0,time_window,ok,1
C,bad neurons removed; artefacts corrected,False,4,0.7777777777777778,56.0,6.896966687065988,0.7203291409133447,0.5184932431817626,cgc-star,9,F4T1,deconvolved,,0.6000000000000001,leave_one_neuron,ok,1
C,bad neurons removed; artefacts corrected,True,4,0.9958333333333332,71.7,31.836636886906206,0.4301896419374147,0.4923408430774566,cgc-star,20,F4T1,rise,,0.9922483732806193,event_bootstrap,ok,1
C,bad neurons removed; artefacts corrected,True,4,0.8315972222222222,59.875,35.93932654298196,0.581099481600744,0.4827727374031138,cgc-star,8,F4T1,rise,,0.7855701973540326,time_window,ok,1
C,bad neurons removed; artefacts corrected,True,4,0.7777777777777778,56.0,18.88758260002201,0.5697285945206018,0.4822928679065703,cgc-star,9,F4T1,rise,,0.6000000000000001,leave_one_neuron,ok,1
C,bad neurons removed; artefacts corrected,True,4,1.0,72.0,22.97928712524099,0.551788446026745,0.4851070055607396,cgc-star,1104,F4T1,rise,,1.0,leave_one_transient,ok,1
C,bad neurons removed; artefacts corrected,True,4,1.0,72.0,14.984394371715888,0.65368268865851,0.47518964678199554,cgc-star,20,F4T1,fall,,1.0,event_bootstrap,ok,1
C,bad neurons removed; artefacts corrected,True,4,1.0,72.0,12.961772078228279,0.5777691040213215,0.4852570452455031,cgc-star,8,F4T1,fall,,1.0,time_window,ok,1
C,bad neurons removed; artefacts corrected,True,4,0.7777777777777778,56.0,12.764988059912342,0.6516078758372987,0.4834613155408485,cgc-star,9,F4T1,fall,,0.6000000000000001,leave_one_neuron,ok,1
C,bad neurons removed; artefacts corrected,True,4,1.0,72.0,15.45118443605154,0.6503305955934116,0.48403806543523187,cgc-star,1108,F4T1,fall,,1.0,leave_one_transient,ok,1
C,bad neurons removed; artefacts corrected,True,4,1.0,72.0,13.4304234074634,0.6416179649893307,0.49475458758595636,cgc-star,20,F4T1,fall_residual,,1.0,event_bootstrap,ok,1
C,bad neurons removed; artefacts corrected,True,4,1.0,72.0,13.28777616184114,0.565537206909919,0.48873405949590176,cgc-star,8,F4T1,fall_residual,,1.0,time_window,ok,1
C,bad neurons removed; artefacts corrected,True,4,0.7777777777777778,56.0,11.777516308122728,0.6339307622791311,0.5035223333843976,cgc-star,9,F4T1,fall_residual,,0.6000000000000001,leave_one_neuron,ok,1
C,bad neurons removed; artefacts corrected,True,4,1.0,72.0,14.071204192140975,0.6382286825135066,0.5044713011907035,cgc-star,1153,F4T1,fall_residual,,1.0,leave_one_transient,ok,1
C,bad neurons removed; artefacts corrected,False,5,1.0,156.0,21.39893576573123,0.5795543833573633,0.5178619470523476,cgc-star,8,F5T1,full,,1.0,time_window,ok,1
C,bad neurons removed; artefacts corrected,False,5,0.8461538461538463,132.0,20.650123301331625,0.6771534466468828,0.5179479855778889,cgc-star,13,F5T1,full,,0.7142857142857144,leave_one_neuron,ok,1
C,bad neurons removed; artefacts corrected,False,5,1.0,156.0,18.372580172797985,0.7443831083135855,0.5078295338935825,cgc-star,8,F5T1,deconvolved,,1.0,time_window,ok,1
C,bad neurons removed; artefacts corrected,False,5,0.8461538461538463,132.0,8.139306474498511,0.7951425451632226,0.4594316638806296,cgc-star,13,F5T1,deconvolved,,0.7142857142857144,leave_one_neuron,ok,1
C,bad neurons removed; artefacts corrected,True,5,1.0,156.0,56.67096092828975,0.30472479268804953,0.5231974319594253,cgc-star,20,F5T1,rise,,1.0,event_bootstrap,ok,1
C,bad neurons removed; artefacts corrected,True,5,0.9519230769230769,148.5,84.07137565896174,0.5488771368217569,0.523633929574137,cgc-star,8,F5T1,rise,,0.9187751152832456,time_window,ok,1
C,bad neurons removed; artefacts corrected,True,5,0.8461538461538463,132.0,24.77679677185967,0.5314366039537268,0.5198514727997737,cgc-star,13,F5T1,rise,,0.7142857142857144,leave_one_neuron,ok,1
C,bad neurons removed; artefacts corrected,True,5,1.0,156.0,27.712863122966045,0.5260698762962323,0.5266636820623942,cgc-star,1808,F5T1,rise,,1.0,leave_one_transient,ok,1
C,bad neurons removed; artefacts corrected,True,5,1.0,156.0,20.715739265493035,0.6245712335588173,0.5159323873364149,cgc-star,20,F5T1,fall,,1.0,event_bootstrap,ok,1
C,bad neurons removed; artefacts corrected,True,5,1.0,156.0,27.38597681245595,0.49628936995108436,0.5102449632876889,cgc-star,8,F5T1,fall,,1.0,time_window,ok,1
C,bad neurons removed; artefacts corrected,True,5,0.8461538461538463,132.0,17.570589544866486,0.659548543293915,0.5241922011603539,cgc-star,13,F5T1,fall,,0.7142857142857144,leave_one_neuron,ok,1
C,bad neurons removed; artefacts corrected,True,5,1.0,156.0,19.47043675453475,0.6553533524469092,0.5229362525362903,cgc-star,1814,F5T1,fall,,1.0,leave_one_transient,ok,1
C,bad neurons removed; artefacts corrected,True,5,1.0,156.0,20.78180313532806,0.5801196345553237,0.5060616381953543,cgc-star,20,F5T1,fall_residual,,1.0,event_bootstrap,ok,1
C,bad neurons removed; artefacts corrected,True,5,1.0,156.0,47.68712893153952,0.3879680584263724,0.4891062951644552,cgc-star,8,F5T1,fall_residual,,1.0,time_window,ok,1
C,bad neurons removed; artefacts corrected,True,5,0.8461538461538463,132.0,16.178646845237022,0.6384979637085321,0.513872350824264,cgc-star,13,F5T1,fall_residual,,0.7142857142857144,leave_one_neuron,ok,1
C,bad neurons removed; artefacts corrected,True,5,1.0,156.0,17.91933667935565,0.6355696968471856,0.5124484564226666,cgc-star,2322,F5T1,fall_residual,,1.0,leave_one_transient,ok,1
C,bad neurons removed; artefacts corrected,False,5,1.0,272.0,33.5154209938741,0.580987628960383,0.5242137155652162,cgc-star,8,F5T2,full,,1.0,time_window,ok,2
C,bad neurons removed; artefacts corrected,False,5,0.8823529411764706,240.0,27.42190904837637,0.7034502165528542,0.5189323334697121,cgc-star,17,F5T2,full,,0.7777777777777777,leave_one_neuron,ok,2
C,bad neurons removed; artefacts corrected,False,5,1.0,272.0,31.99263022520871,0.7731467186844305,0.46771662078902987,cgc-star,8,F5T2,deconvolved,,1.0,time_window,ok,2
C,bad neurons removed; artefacts corrected,False,5,0.8823529411764706,240.0,13.318798707221191,0.8154185160108821,0.494142685474966,cgc-star,17,F5T2,deconvolved,,0.7777777777777777,leave_one_neuron,ok,2
C,bad neurons removed; artefacts corrected,True,5,1.0,272.0,94.09659940177022,0.29460934963024304,0.5237348682467824,cgc-star,20,F5T2,rise,,1.0,event_bootstrap,ok,2
C,bad neurons removed; artefacts corrected,True,5,0.9811580882352942,266.875,145.5100580289651,0.4960541631850329,0.4977218591496002,cgc-star,8,F5T2,rise,,0.9739761708532442,time_window,ok,2
C,bad neurons removed; artefacts corrected,True,5,0.8823529411764706,240.0,39.482371283463245,0.5063581730067389,0.5061046740844678,cgc-star,17,F5T2,rise,,0.7777777777777777,leave_one_neuron,ok,2
C,bad neurons removed; artefacts corrected,True,5,1.0,272.0,46.04093973289592,0.47757421460358224,0.5049583573070278,cgc-star,2943,F5T2,rise,,1.0,leave_one_transient,ok,2
C,bad neurons removed; artefacts corrected,True,5,1.0,272.0,31.599063655500196,0.5855448400904654,0.5128743521740656,cgc-star,20,F5T2,fall,,1.0,event_bootstrap,ok,2
C,bad neurons removed; artefacts corrected,True,5,1.0,272.0,68.71671108966446,0.4738154260619075,0.49595683570400145,cgc-star,8,F5T2,fall,,1.0,time_window,ok,2
C,bad neurons removed; artefacts corrected,True,5,0.8823529411764706,240.0,25.07536482550387,0.6290312066879441,0.5096232459707586,cgc-star,17,F5T2,fall,,0.7777777777777777,leave_one_neuron,ok,2
C,bad neurons removed; artefacts corrected,True,5,1.0,272.0,27.38031431003104,0.6227090389365456,0.5089754592410551,cgc-star,2938,F5T2,fall,,1.0,leave_one_transient,ok,2
C,bad neurons removed; artefacts corrected,True,5,1.0,272.0,33.59746876789666,0.5351637786861061,0.49462706487718133,cgc-star,20,F5T2,fall_residual,,1.0,event_bootstrap,ok,2
C,bad neurons removed; artefacts corrected,True,5,1.0,272.0,108.10088157511012,0.4063458573473848,0.509540924230059,cgc-star,8,F5T2,fall_residual,,1.0,time_window,ok,2
C,bad neurons removed; artefacts corrected,True,5,0.8823529411764706,240.0,25.292831793423883,0.5959947080631729,0.4927761264167349,cgc-star,17,F5T2,fall_residual,,0.7777777777777777,leave_one_neuron,ok,2
C,bad neurons removed; artefacts corrected,True,5,1.0,272.0,27.769202960772102,0.5894594646771213,0.4918346962919871,cgc-star,3291,F5T2,fall_residual,,1.0,leave_one_transient,ok,2
C,bad neurons removed; artefacts corrected,False,6,1.0,132.0,17.51862389655427,0.6055509948534334,0.5048263953802183,cgc-star,8,F6T1,full,,1.0,time_window,ok,1
C,bad neurons removed; artefacts corrected,False,6,0.8333333333333335,110.0,15.56220092032649,0.6949497671296715,0.5184632962144989,cgc-star,12,F6T1,full,,0.6923076923076924,leave_one_neuron,ok,1
C,bad neurons removed; artefacts corrected,False,6,1.0,132.0,11.873253830081277,0.7165923166905244,0.45437315554994545,cgc-star,8,F6T1,deconvolved,,1.0,time_window,ok,1
C,bad neurons removed; artefacts corrected,False,6,0.8333333333333335,110.0,6.010017109704616,0.8077314111381823,0.45139358825260967,cgc-star,12,F6T1,deconvolved,,0.6923076923076924,leave_one_neuron,ok,1
C,bad neurons removed; artefacts corrected,True,6,1.0,132.0,37.959272542921376,0.3902477200701726,0.5018103014092186,cgc-star,20,F6T1,rise,,1.0,event_bootstrap,ok,1
C,bad neurons removed; artefacts corrected,True,6,0.9678030303030303,127.75,70.24979953059875,0.4947960863187276,0.5403266307844734,cgc-star,8,F6T1,rise,,0.947671316414263,time_window,ok,1
C,bad neurons removed; artefacts corrected,True,6,0.8333333333333335,110.0,21.575784471104246,0.5266007508855609,0.5037688871933442,cgc-star,12,F6T1,rise,,0.6923076923076924,leave_one_neuron,ok,1
C,bad neurons removed; artefacts corrected,True,6,1.0,132.0,24.97066480532599,0.511135758084994,0.5013064649141217,cgc-star,1965,F6T1,rise,,1.0,leave_one_transient,ok,1
C,bad neurons removed; artefacts corrected,True,6,1.0,132.0,17.28589214312645,0.5818292525053872,0.5067218520727045,cgc-star,20,F6T1,fall,,1.0,event_bootstrap,ok,1
C,bad neurons removed; artefacts corrected,True,6,1.0,132.0,29.125820429518228,0.45119101337361156,0.5153749977310214,cgc-star,8,F6T1,fall,,1.0,time_window,ok,1
C,bad neurons removed; artefacts corrected,True,6,0.8333333333333335,110.0,13.507897805680587,0.6205521420837184,0.5083728369587747,cgc-star,12,F6T1,fall,,0.6923076923076924,leave_one_neuron,ok,1
C,bad neurons removed; artefacts corrected,True,6,1.0,132.0,15.165339356089907,0.62210819020289,0.5112764790766806,cgc-star,1971,F6T1,fall,,1.0,leave_one_transient,ok,1
C,bad neurons removed; artefacts corrected,True,6,1.0,132.0,18.555700062330008,0.5529534549674606,0.49200290879095954,cgc-star,20,F6T1,fall_residual,,1.0,event_bootstrap,ok,1
C,bad neurons removed; artefacts corrected,True,6,1.0,132.0,46.22488172092248,0.3902002346616624,0.5034445481859682,cgc-star,8,F6T1,fall_residual,,1.0,time_window,ok,1
C,bad neurons removed; artefacts corrected,True,6,0.8333333333333335,110.0,13.619963388403015,0.5925217949273445,0.4911488491008071,cgc-star,12,F6T1,fall_residual,,0.6923076923076924,leave_one_neuron,ok,1
C,bad neurons removed; artefacts corrected,True,6,1.0,132.0,15.381505592209075,0.591977887263203,0.49170113578073016,cgc-star,2172,F6T1,fall_residual,,1.0,leave_one_transient,ok,1
C,bad neurons removed; artefacts corrected,False,6,1.0,110.0,14.537415752137381,0.5957894115316256,0.4992224191007495,cgc-star,8,F6T2,full,,1.0,time_window,ok,2
C,bad neurons removed; artefacts corrected,False,6,0.8181818181818182,90.0,15.397682827306586,0.6925922559422367,0.5004845293292649,cgc-star,11,F6T2,full,,0.6666666666666664,leave_one_neuron,ok,2
C,bad neurons removed; artefacts corrected,False,6,1.0,110.0,10.347334133342253,0.7055382950761603,0.48844124295158486,cgc-star,8,F6T2,deconvolved,,1.0,time_window,ok,2
C,bad neurons removed; artefacts corrected,False,6,0.8181818181818182,90.0,4.526626785181914,0.7836656093527808,0.47809119184279647,cgc-star,11,F6T2,deconvolved,,0.6666666666666664,leave_one_neuron,ok,2
C,bad neurons removed; artefacts corrected,True,6,1.0,110.0,29.57929036531055,0.43220965753992535,0.4702029649998498,cgc-star,20,F6T2,rise,,1.0,event_bootstrap,ok,2
C,bad neurons removed; artefacts corrected,True,6,0.9875,108.625,58.78427184236612,0.4875452867311693,0.5355970861536858,cgc-star,8,F6T2,rise,,0.9788477707163877,time_window,ok,2
C,bad neurons removed; artefacts corrected,True,6,0.8181818181818182,90.0,16.102511601837932,0.6371487661630836,0.4769905769713336,cgc-star,11,F6T2,rise,,0.6666666666666664,leave_one_neuron,ok,2
C,bad neurons removed; artefacts corrected,True,6,1.0,110.0,18.82224411499344,0.6255715558784117,0.4688880101524141,cgc-star,2030,F6T2,rise,,1.0,leave_one_transient,ok,2
C,bad neurons removed; artefacts corrected,True,6,1.0,110.0,15.882184121083725,0.6224354430950206,0.4987701103035679,cgc-star,20,F6T2,fall,,1.0,event_bootstrap,ok,2
C,bad neurons removed; artefacts corrected,True,6,1.0,110.0,24.636992234041383,0.45664735980967125,0.5106887530698286,cgc-star,8,F6T2,fall,,1.0,time_window,ok,2
C,bad neurons removed; artefacts corrected,True,6,0.8181818181818182,90.0,13.070624743972331,0.6555594868257856,0.499051526493702,cgc-star,11,F6T2,fall,,0.6666666666666664,leave_one_neuron,ok,2
C,bad neurons removed; artefacts corrected,True,6,1.0,110.0,14.87648124682983,0.6449891365091184,0.4995423828354455,cgc-star,2032,F6T2,fall,,1.0,leave_one_transient,ok,2
C,bad neurons removed; artefacts corrected,True,6,1.0,110.0,18.12164908600908,0.5331645709123989,0.4663895433545444,cgc-star,20,F6T2,fall_residual,,1.0,event_bootstrap,ok,2
C,bad neurons removed; artefacts corrected,True,6,1.0,110.0,51.86412717633446,0.35701921623308497,0.4772675775874026,cgc-star,8,F6T2,fall_residual,,1.0,time_window,ok,2
C,bad neurons removed; artefacts corrected,True,6,0.8181818181818182,90.0,13.454667258603386,0.5962590563445773,0.4594407143274721,cgc-star,11,F6T2,fall_residual,,0.6666666666666664,leave_one_neuron,ok,2
C,bad neurons removed; artefacts corrected,True,6,1.0,110.0,15.437470419404875,0.582916612371046,0.4568810850207331,cgc-star,2319,F6T2,fall_residual,,1.0,leave_one_transient,ok,2
D,bad neurons removed; artefacts corrected; smoothed,False,1,1.0,380.0,63.066282569111955,0.6197873860773997,0.49025778885372295,cgc-star,8,F1T1,full,,1.0,time_window,ok,1
D,bad neurons removed; artefacts corrected; smoothed,False,1,0.8999999999999998,342.0,31.12465389625042,0.8238573623198061,0.4927335582667796,cgc-star,20,F1T1,full,,0.8095238095238096,leave_one_neuron,ok,1
D,bad neurons removed; artefacts corrected; smoothed,False,1,1.0,380.0,45.92208243096097,0.8384351231450914,0.5126683736082003,cgc-star,8,F1T1,deconvolved,,1.0,time_window,ok,1
D,bad neurons removed; artefacts corrected; smoothed,False,1,0.8999999999999998,342.0,20.54626293279361,0.9102457027504223,0.4590408123885642,cgc-star,20,F1T1,deconvolved,,0.8095238095238096,leave_one_neuron,ok,1
D,bad neurons removed; artefacts corrected; smoothed,True,1,0.7138157894736843,271.25,96.19300085092128,0.3645545948550029,0.48697016522505976,cgc-star,20,F1T1,rise,,0.85819916027602,event_bootstrap,ok,1
D,bad neurons removed; artefacts corrected; smoothed,True,1,0.5680921052631578,215.875,133.0453118329691,0.8642011081186671,0.49777307812507543,cgc-star,8,F1T1,rise,,0.8580703993523208,time_window,ok,1
D,bad neurons removed; artefacts corrected; smoothed,True,1,0.7643421052631579,290.45,100.59080515309886,0.2585620618766871,0.4903805182027958,cgc-star,20,F1T1,rise,,0.791170575882655,leave_one_neuron,ok,1
D,bad neurons removed; artefacts corrected; smoothed,True,1,0.8443467158462192,320.85175202156336,108.693758005735,0.2618656707978751,0.4882108409579683,cgc-star,742,F1T1,rise,,0.9990780183634368,leave_one_transient,ok,1
D,bad neurons removed; artefacts corrected; smoothed,True,1,1.0,380.0,38.15449557207123,0.6182464053686361,0.4898117493024968,cgc-star,20,F1T1,fall,,1.0,event_bootstrap,ok,1
D,bad neurons removed; artefacts corrected; smoothed,True,1,1.0,380.0,101.26416967669726,0.4435959297861868,0.5062081503098157,cgc-star,8,F1T1,fall,,1.0,time_window,ok,1
D,bad neurons removed; artefacts corrected; smoothed,True,1,0.8999999999999998,342.0,28.773837003691945,0.6853915200208738,0.475318186067724,cgc-star,20,F1T1,fall,,0.8095238095238096,leave_one_neuron,ok,1
D,bad neurons removed; artefacts corrected; smoothed,True,1,1.0,380.0,31.33860510696889,0.6813089594067732,0.4771895932243627,cgc-star,742,F1T1,fall,,1.0,leave_one_transient,ok,1
D,bad neurons removed; artefacts corrected; smoothed,True,1,1.0,380.0,42.70181440857802,0.551367649303345,0.48251136223108426,cgc-star,20,F1T1,fall_residual,,1.0,event_bootstrap,ok,1
D,bad neurons removed; artefacts corrected; smoothed,True,1,1.0,380.0,160.67471146983596,0.31527326114838045,0.496969251258931,cgc-star,8,F1T1,fall_residual,,1.0,time_window,ok,1
D,bad neurons removed; artefacts corrected; smoothed,True,1,0.8999999999999998,342.0,31.349609803690782,0.6393316514410359,0.4793477081779945,cgc-star,20,F1T1,fall_residual,,0.8095238095238096,leave_one_neuron,ok,1
D,bad neurons removed; artefacts corrected; smoothed,True,1,1.0,380.0,34.16584208184309,0.6331642050262261,0.4818386238932628,cgc-star,753,F1T1,fall_residual,,1.0,leave_one_transient,ok,1
D,bad neurons removed; artefacts corrected; smoothed,False,1,1.0,132.0,24.770555201056116,0.7025352995974117,0.48913854767492826,cgc-star,8,F1T2,full,,1.0,time_window,ok,2
D,bad neurons removed; artefacts corrected; smoothed,False,1,0.8333333333333335,110.0,14.595877309313318,0.8780661112912815,0.49723385366427225,cgc-star,12,F1T2,full,,0.6923076923076924,leave_one_neuron,ok,2
D,bad neurons removed; artefacts corrected; smoothed,False,1,1.0,132.0,15.595723799804126,0.9308389279888799,0.5097833774780338,cgc-star,8,F1T2,deconvolved,,1.0,time_window,ok,2
D,bad neurons removed; artefacts corrected; smoothed,False,1,0.8333333333333335,110.0,11.070372635679448,0.9159000143608326,0.4984599105040828,cgc-star,12,F1T2,deconvolved,,0.6923076923076924,leave_one_neuron,ok,2
D,bad neurons removed; artefacts corrected; smoothed,True,1,0.6469696969696969,85.4,31.711110142312783,0.4833723859715085,0.5242271077638413,cgc-star,20,F1T2,rise,,0.8610047669929615,event_bootstrap,ok,2
D,bad neurons removed; artefacts corrected; smoothed,True,1,0.5113636363636364,67.5,34.58521230686184,0.9130797348961611,0.49667681490021764,cgc-star,8,F1T2,rise,,0.8737652589932506,time_window,ok,2
D,bad neurons removed; artefacts corrected; smoothed,True,1,0.6256313131313131,82.58333333333333,29.615417452088206,0.4121201808176558,0.5279326336401222,cgc-star,12,F1T2,rise,,0.6734873257040526,leave_one_neuron,ok,2
D,bad neurons removed; artefacts corrected; smoothed,True,1,0.7641512928798995,100.8679706601467,37.03431702261362,0.3754941740764785,0.530755886228751,cgc-star,409,F1T2,rise,,0.9973965669974161,leave_one_transient,ok,2
D,bad neurons removed; artefacts corrected; smoothed,True,1,1.0,132.0,15.995009875560878,0.745207128874628,0.505325882719409,cgc-star,20,F1T2,fall,,1.0,event_bootstrap,ok,2
D,bad neurons removed; artefacts corrected; smoothed,True,1,1.0,132.0,29.3330424733963,0.5794173441105046,0.4728498308855387,cgc-star,8,F1T2,fall,,1.0,time_window,ok,2
D,bad neurons removed; artefacts corrected; smoothed,True,1,0.8333333333333335,110.0,12.03967181075298,0.8040220374888256,0.5022236886497707,cgc-star,12,F1T2,fall,,0.6923076923076924,leave_one_neuron,ok,2
D,bad neurons removed; artefacts corrected; smoothed,True,1,1.0,132.0,13.75810356405282,0.7928348334967542,0.5022437571826243,cgc-star,411,F1T2,fall,,1.0,leave_one_transient,ok,2
D,bad neurons removed; artefacts corrected; smoothed,True,1,1.0,132.0,17.74466236847829,0.7004272626177304,0.4978975823731173,cgc-star,20,F1T2,fall_residual,,1.0,event_bootstrap,ok,2
D,bad neurons removed; artefacts corrected; smoothed,True,1,1.0,132.0,32.05166495021532,0.5266128373657941,0.47403715974440935,cgc-star,8,F1T2,fall_residual,,1.0,time_window,ok,2
D,bad neurons removed; artefacts corrected; smoothed,True,1,0.8333333333333335,110.0,13.659063949823897,0.7520921455250532,0.49854857782337697,cgc-star,12,F1T2,fall_residual,,0.6923076923076924,leave_one_neuron,ok,2
D,bad neurons removed; artefacts corrected; smoothed,True,1,1.0,132.0,15.674308501992519,0.741503932400839,0.49551547634075344,cgc-star,403,F1T2,fall_residual,,1.0,leave_one_transient,ok,2
D,bad neurons removed; artefacts corrected; smoothed,False,3,1.0,182.0,32.659304844037386,0.6652358806628038,0.49810432214935724,cgc-star,8,F3T1,full,,1.0,time_window,ok,1
D,bad neurons removed; artefacts corrected; smoothed,False,3,0.8571428571428573,156.0,21.342622966960384,0.8477587590911558,0.49395806831275696,cgc-star,14,F3T1,full,,0.7333333333333334,leave_one_neuron,ok,1
D,bad neurons removed; artefacts corrected; smoothed,False,3,0.929945054945055,169.25,20.26152927209026,0.8490429474565935,0.5210968170705821,cgc-star,8,F3T1,deconvolved,,0.8712595323349739,time_window,ok,1
D,bad neurons removed; artefacts corrected; smoothed,False,3,0.8571428571428573,156.0,12.887958243699105,0.8621124378022397,0.5150353119454603,cgc-star,14,F3T1,deconvolved,,0.7333333333333334,leave_one_neuron,ok,1
D,bad neurons removed; artefacts corrected; smoothed,True,3,0.9076923076923075,165.2,68.57129809185497,0.32326197079474017,0.49318230566598575,cgc-star,20,F3T1,rise,,0.9137056896611853,event_bootstrap,ok,1
D,bad neurons removed; artefacts corrected; smoothed,True,3,0.6469780219780219,117.75,63.41467668219481,0.6850483285390466,0.4717758717467425,cgc-star,8,F3T1,rise,,0.7378633185035653,time_window,ok,1
D,bad neurons removed; artefacts corrected; smoothed,True,3,0.8473312401883832,154.21428571428572,52.821320870487405,0.33741791222936907,0.502766950084763,cgc-star,14,F3T1,rise,,0.7276368135804859,leave_one_neuron,ok,1
D,bad neurons removed; artefacts corrected; smoothed,True,3,0.983258352385869,178.95302013422818,59.40646806896518,0.33452690701537047,0.5039071358517851,cgc-star,596,F3T1,rise,,0.9994764656096987,leave_one_transient,ok,1
D,bad neurons removed; artefacts corrected; smoothed,True,3,1.0,182.0,26.90135939904905,0.7225793968004837,0.48558077040067416,cgc-star,20,F3T1,fall,,1.0,event_bootstrap,ok,1
D,bad neurons removed; artefacts corrected; smoothed,True,3,1.0,182.0,43.5682331997431,0.5225207971937228,0.48792323299871343,cgc-star,8,F3T1,fall,,1.0,time_window,ok,1
D,bad neurons removed; artefacts corrected; smoothed,True,3,0.8571428571428573,156.0,21.90736726409993,0.7773669910264077,0.4863390988716865,cgc-star,14,F3T1,fall,,0.7333333333333334,leave_one_neuron,ok,1
D,bad neurons removed; artefacts corrected; smoothed,True,3,1.0,182.0,24.85669233591024,0.7760714766105419,0.48405222069670295,cgc-star,591,F3T1,fall,,1.0,leave_one_transient,ok,1
D,bad neurons removed; artefacts corrected; smoothed,True,3,1.0,182.0,27.08702241838492,0.6805257612688844,0.4876101858219979,cgc-star,20,F3T1,fall_residual,,1.0,event_bootstrap,ok,1
D,bad neurons removed; artefacts corrected; smoothed,True,3,1.0,182.0,46.41121702810541,0.4972177825067461,0.4871826183266006,cgc-star,8,F3T1,fall_residual,,1.0,time_window,ok,1
D,bad neurons removed; artefacts corrected; smoothed,True,3,0.8571428571428573,156.0,21.54698110706413,0.7264834939543865,0.4876804595553021,cgc-star,14,F3T1,fall_residual,,0.7333333333333334,leave_one_neuron,ok,1
D,bad neurons removed; artefacts corrected; smoothed,True,3,1.0,182.0,24.487768866903963,0.7215775066826083,0.4845313968232787,cgc-star,590,F3T1,fall_residual,,1.0,leave_one_transient,ok,1
D,bad neurons removed; artefacts corrected; smoothed,False,3,1.0,110.0,23.361527898635252,0.7516988411997982,0.4808608251981792,cgc-star,8,F3T2,full,,1.0,time_window,ok,2
D,bad neurons removed; artefacts corrected; smoothed,False,3,0.8181818181818182,90.0,14.045367304646057,0.886563830357515,0.4768041028242622,cgc-star,11,F3T2,full,,0.6666666666666664,leave_one_neuron,ok,2
D,bad neurons removed; artefacts corrected; smoothed,False,3,1.0,110.0,14.43773442769348,0.8845600681495642,0.5040859780138862,cgc-star,8,F3T2,deconvolved,,1.0,time_window,ok,2
D,bad neurons removed; artefacts corrected; smoothed,False,3,0.8181818181818182,90.0,9.791953991303346,0.9559286980588318,0.45229083431845024,cgc-star,11,F3T2,deconvolved,,0.6666666666666664,leave_one_neuron,ok,2
D,bad neurons removed; artefacts corrected; smoothed,True,3,0.9577272727272726,105.35,49.04238377149407,0.34160759232800253,0.46031334042358535,cgc-star,20,F3T2,rise,,0.9566245506516132,event_bootstrap,ok,2
D,bad neurons removed; artefacts corrected; smoothed,True,3,0.6772727272727272,74.5,45.53121274665668,0.7016381195693904,0.520059377019108,cgc-star,8,F3T2,rise,,0.7105034090303265,time_window,ok,2
D,bad neurons removed; artefacts corrected; smoothed,True,3,0.8181818181818182,90.0,35.44087983145712,0.3791787080119471,0.4546233791172909,cgc-star,11,F3T2,rise,,0.6666666666666664,leave_one_neuron,ok,2
D,bad neurons removed; artefacts corrected; smoothed,True,3,0.9993993993993995,109.93393393393393,43.82706591095554,0.3558841026335552,0.4452689371998385,cgc-star,333,F3T2,rise,,0.9988049452417629,leave_one_transient,ok,2
D,bad neurons removed; artefacts corrected; smoothed,True,3,1.0,110.0,16.795186367471498,0.7688153544547338,0.48144593727403234,cgc-star,20,F3T2,fall,,1.0,event_bootstrap,ok,2
D,bad neurons removed; artefacts corrected; smoothed,True,3,1.0,110.0,25.12805237624317,0.5928970210638322,0.47991046897951306,cgc-star,8,F3T2,fall,,1.0,time_window,ok,2
D,bad neurons removed; artefacts corrected; smoothed,True,3,0.8181818181818182,90.0,12.910904967061986,0.8197210829537682,0.4889204063029869,cgc-star,11,F3T2,fall,,0.6666666666666664,leave_one_neuron,ok,2
D,bad neurons removed; artefacts corrected; smoothed,True,3,1.0,110.0,14.908199207854343,0.8158508959726548,0.48802037466033565,cgc-star,330,F3T2,fall,,1.0,leave_one_transient,ok,2
D,bad neurons removed; artefacts corrected; smoothed,True,3,1.0,110.0,18.760157020412837,0.7268783857364758,0.49634704919313544,cgc-star,20,F3T2,fall_residual,,1.0,event_bootstrap,ok,2
D,bad neurons removed; artefacts corrected; smoothed,True,3,0.9761363636363637,107.375,33.76659943235182,0.5386778568454347,0.5055984250728773,cgc-star,8,F3T2,fall_residual,,0.9528654831407126,time_window,ok,2
D,bad neurons removed; artefacts corrected; smoothed,True,3,0.8181818181818182,90.0,13.757620869067006,0.7976079418206261,0.4955828591935727,cgc-star,11,F3T2,fall_residual,,0.6666666666666664,leave_one_neuron,ok,2
D,bad neurons removed; artefacts corrected; smoothed,True,3,1.0,110.0,16.076900637007768,0.7990346529339399,0.49907984635623204,cgc-star,336,F3T2,fall_residual,,1.0,leave_one_transient,ok,2
D,bad neurons removed; artefacts corrected; smoothed,False,4,1.0,72.0,16.74833463380413,0.8079890077551768,0.47327175760284523,cgc-star,8,F4T1,full,,1.0,time_window,ok,1
D,bad neurons removed; artefacts corrected; smoothed,False,4,0.7777777777777778,56.0,11.3583893103534,0.9249379359710219,0.4941978008373846,cgc-star,9,F4T1,full,,0.6000000000000001,leave_one_neuron,ok,1
D,bad neurons removed; artefacts corrected; smoothed,False,4,1.0,72.0,12.566453528347486,0.9607584424802589,0.4959532776521093,cgc-star,8,F4T1,deconvolved,,1.0,time_window,ok,1
D,bad neurons removed; artefacts corrected; smoothed,False,4,0.7777777777777778,56.0,8.407341362670754,0.9088264700915217,0.5059071919896186,cgc-star,9,F4T1,deconvolved,,0.6000000000000001,leave_one_neuron,ok,1
D,bad neurons removed; artefacts corrected; smoothed,True,4,0.6965277777777776,50.15,25.957735377215847,0.5481040664726708,0.47878092318822585,cgc-star,20,F4T1,rise,,0.8466718860261734,event_bootstrap,ok,1
D,bad neurons removed; artefacts corrected; smoothed,True,4,0.4913194444444444,35.375,20.390766202104167,0.9158440214671755,0.5050658342377204,cgc-star,8,F4T1,rise,,0.8555772799917267,time_window,ok,1
D,bad neurons removed; artefacts corrected; smoothed,True,4,0.6527777777777778,47.0,25.67296300154533,0.44588384006806564,0.47366171543919894,cgc-star,9,F4T1,rise,,0.5828119572719346,leave_one_neuron,ok,1
D,bad neurons removed; artefacts corrected; smoothed,True,4,0.8569819819819818,61.7027027027027,34.086515394666016,0.3944008389380257,0.46668909295084443,cgc-star,148,F4T1,rise,,0.990530453908434,leave_one_transient,ok,1
D,bad neurons removed; artefacts corrected; smoothed,True,4,1.0,72.0,14.286093254260853,0.6379635323496626,0.484316496504061,cgc-star,20,F4T1,fall,,1.0,event_bootstrap,ok,1
D,bad neurons removed; artefacts corrected; smoothed,True,4,1.0,72.0,15.486194071771457,0.6765278844410407,0.47741243553968904,cgc-star,8,F4T1,fall,,1.0,time_window,ok,1
D,bad neurons removed; artefacts corrected; smoothed,True,4,0.7777777777777778,56.0,11.053052766536744,0.6750463983607814,0.48803948188582147,cgc-star,9,F4T1,fall,,0.6000000000000001,leave_one_neuron,ok,1
D,bad neurons removed; artefacts corrected; smoothed,True,4,1.0,72.0,13.613148223338156,0.653909147151085,0.4883476709245374,cgc-star,142,F4T1,fall,,1.0,leave_one_transient,ok,1
D,bad neurons removed; artefacts corrected; smoothed,True,4,1.0,72.0,14.426664862459356,0.6018791777278475,0.49585375990352876,cgc-star,20,F4T1,fall_residual,,1.0,event_bootstrap,ok,1
D,bad neurons removed; artefacts corrected; smoothed,True,4,1.0,72.0,15.828009722031117,0.6532494410813598,0.49086980500182037,cgc-star,8,F4T1,fall_residual,,1.0,time_window,ok,1
D,bad neurons removed; artefacts corrected; smoothed,True,4,0.7777777777777778,56.0,11.02555786834433,0.6266414588794204,0.49715457439617683,cgc-star,9,F4T1,fall_residual,,0.6000000000000001,leave_one_neuron,ok,1
D,bad neurons removed; artefacts corrected; smoothed,True,4,1.0,72.0,13.552604931378795,0.6020687480765291,0.4964543717326742,cgc-star,147,F4T1,fall_residual,,1.0,leave_one_transient,ok,1
D,bad neurons removed; artefacts corrected; smoothed,False,5,1.0,156.0,28.032638331098923,0.7308073974367734,0.5126171818497001,cgc-star,8,F5T1,full,,1.0,time_window,ok,1
D,bad neurons removed; artefacts corrected; smoothed,False,5,0.8461538461538463,132.0,18.305032156361246,0.8584198064911723,0.5096217708727215,cgc-star,13,F5T1,full,,0.7142857142857144,leave_one_neuron,ok,1
D,bad neurons removed; artefacts corrected; smoothed,False,5,1.0,156.0,20.4864353316412,0.8770463905586783,0.49612173709290225,cgc-star,8,F5T1,deconvolved,,1.0,time_window,ok,1
D,bad neurons removed; artefacts corrected; smoothed,False,5,0.8461538461538463,132.0,10.893329801598169,0.9258815043074157,0.5095432790384534,cgc-star,13,F5T1,deconvolved,,0.7142857142857144,leave_one_neuron,ok,1
D,bad neurons removed; artefacts corrected; smoothed,True,5,0.6160256410256411,96.1,34.147565346604914,0.5422960973294568,0.5199109696032557,cgc-star,20,F5T1,rise,,0.8272443875071217,event_bootstrap,ok,1
D,bad neurons removed; artefacts corrected; smoothed,True,5,0.5296474358974359,82.625,46.84119112247532,0.8946902498412772,0.5126581065084332,cgc-star,8,F5T1,rise,,0.867376041367731,time_window,ok,1
D,bad neurons removed; artefacts corrected; smoothed,True,5,0.6987179487179488,109.0,47.59369123150935,0.3087219353375967,0.5260449920287301,cgc-star,13,F5T1,rise,,0.6761325730762091,leave_one_neuron,ok,1
D,bad neurons removed; artefacts corrected; smoothed,True,5,0.8190770390996637,127.77601809954751,53.985163013317184,0.3012263533207045,0.5272514562464817,cgc-star,442,F5T1,rise,,0.9965130957346742,leave_one_transient,ok,1
D,bad neurons removed; artefacts corrected; smoothed,True,5,1.0,156.0,21.327439979803366,0.7243165597456941,0.49232561407506054,cgc-star,20,F5T1,fall,,1.0,event_bootstrap,ok,1
D,bad neurons removed; artefacts corrected; smoothed,True,5,1.0,156.0,33.21871568567076,0.5812293287255768,0.5067356158536132,cgc-star,8,F5T1,fall,,1.0,time_window,ok,1
D,bad neurons removed; artefacts corrected; smoothed,True,5,0.8461538461538463,132.0,17.207477731475578,0.7771009297797906,0.49435600733439267,cgc-star,13,F5T1,fall,,0.7142857142857144,leave_one_neuron,ok,1
D,bad neurons removed; artefacts corrected; smoothed,True,5,1.0,156.0,19.38973203903937,0.7633064776837409,0.4941852467773104,cgc-star,441,F5T1,fall,,1.0,leave_one_transient,ok,1
D,bad neurons removed; artefacts corrected; smoothed,True,5,1.0,156.0,21.422468727636595,0.6979398453057324,0.48873456835699763,cgc-star,20,F5T1,fall_residual,,1.0,event_bootstrap,ok,1
D,bad neurons removed; artefacts corrected; smoothed,True,5,1.0,156.0,38.63694210854459,0.5131479941711862,0.5150694902401979,cgc-star,8,F5T1,fall_residual,,1.0,time_window,ok,1
D,bad neurons removed; artefacts corrected; smoothed,True,5,0.8461538461538463,132.0,17.3558669279965,0.7374848617330052,0.4866078397723506,cgc-star,13,F5T1,fall_residual,,0.7142857142857144,leave_one_neuron,ok,1
D,bad neurons removed; artefacts corrected; smoothed,True,5,1.0,156.0,19.66326910012894,0.7292202241497108,0.4863735444564883,cgc-star,471,F5T1,fall_residual,,1.0,leave_one_transient,ok,1
D,bad neurons removed; artefacts corrected; smoothed,False,5,1.0,272.0,47.19812945664284,0.6785101770700734,0.5090913945350162,cgc-star,8,F5T2,full,,1.0,time_window,ok,2
D,bad neurons removed; artefacts corrected; smoothed,False,5,0.8823529411764706,240.0,25.902532728323596,0.8423005968664046,0.5131393102763491,cgc-star,17,F5T2,full,,0.7777777777777777,leave_one_neuron,ok,2
D,bad neurons removed; artefacts corrected; smoothed,False,5,1.0,272.0,39.013722507732126,0.9307052108663199,0.5253277129116736,cgc-star,8,F5T2,deconvolved,,1.0,time_window,ok,2
D,bad neurons removed; artefacts corrected; smoothed,False,5,0.8823529411764706,240.0,16.991053209595766,0.9009345755964123,0.5472198037417505,cgc-star,17,F5T2,deconvolved,,0.7777777777777777,leave_one_neuron,ok,2
D,bad neurons removed; artefacts corrected; smoothed,True,5,0.8538602941176471,232.25,91.99314674124813,0.31613656200295587,0.5179037670519638,cgc-star,20,F5T2,rise,,0.9100108975657875,event_bootstrap,ok,2
D,bad neurons removed; artefacts corrected; smoothed,True,5,0.5556066176470589,151.125,76.93896412427789,0.872978061466833,0.4961105345511976,cgc-star,8,F5T2,rise,,0.8023331711387707,time_window,ok,2
D,bad neurons removed; artefacts corrected; smoothed,True,5,0.8068771626297577,219.47058823529412,79.61459272528512,0.2644284829519736,0.5303193126514352,cgc-star,17,F5T2,rise,,0.7764521038222543,leave_one_neuron,ok,2
D,bad neurons removed; artefacts corrected; smoothed,True,5,0.915222411278561,248.9404958677686,87.23557299546302,0.258975747321815,0.5305020978706346,cgc-star,605,F5T2,rise,,0.999523015747801,leave_one_transient,ok,2
D,bad neurons removed; artefacts corrected; smoothed,True,5,1.0,272.0,31.89219589968216,0.6844776533104239,0.4991959636239226,cgc-star,20,F5T2,fall,,1.0,event_bootstrap,ok,2
D,bad neurons removed; artefacts corrected; smoothed,True,5,1.0,272.0,58.9001137090623,0.5235908164725261,0.4951357968432827,cgc-star,8,F5T2,fall,,1.0,time_window,ok,2
D,bad neurons removed; artefacts corrected; smoothed,True,5,0.8823529411764706,240.0,25.86706372719611,0.7331980891722638,0.4992638403620816,cgc-star,17,F5T2,fall,,0.7777777777777777,leave_one_neuron,ok,2
D,bad neurons removed; artefacts corrected; smoothed,True,5,1.0,272.0,28.463080524110214,0.7242102734165284,0.49891388110382656,cgc-star,597,F5T2,fall,,1.0,leave_one_transient,ok,2
D,bad neurons removed; artefacts corrected; smoothed,True,5,1.0,272.0,34.287528687025905,0.6468330495758665,0.4902034864392224,cgc-star,20,F5T2,fall_residual,,1.0,event_bootstrap,ok,2
D,bad neurons removed; artefacts corrected; smoothed,True,5,1.0,272.0,74.53078380558632,0.4529422622128939,0.49292056947022517,cgc-star,8,F5T2,fall_residual,,1.0,time_window,ok,2
D,bad neurons removed; artefacts corrected; smoothed,True,5,0.8823529411764706,240.0,27.27089181192156,0.699150071131002,0.4874664040296863,cgc-star,17,F5T2,fall_residual,,0.7777777777777777,leave_one_neuron,ok,2
D,bad neurons removed; artefacts corrected; smoothed,True,5,1.0,272.0,29.951883945885353,0.6919044809099117,0.48573349730596693,cgc-star,591,F5T2,fall_residual,,1.0,leave_one_transient,ok,2
D,bad neurons removed; artefacts corrected; smoothed,False,6,1.0,132.0,23.026038816905267,0.7148621223731815,0.4865617201312837,cgc-star,8,F6T1,full,,1.0,time_window,ok,1
D,bad neurons removed; artefacts corrected; smoothed,False,6,0.8333333333333335,110.0,16.59013573870943,0.8722198786694038,0.5082867128465773,cgc-star,12,F6T1,full,,0.6923076923076924,leave_one_neuron,ok,1
D,bad neurons removed; artefacts corrected; smoothed,False,6,1.0,132.0,13.245074562868503,0.8741693970631197,0.48557958636760434,cgc-star,8,F6T1,deconvolved,,1.0,time_window,ok,1
D,bad neurons removed; artefacts corrected; smoothed,False,6,0.8333333333333335,110.0,9.425369083525029,0.9283983777005892,0.513247893729096,cgc-star,12,F6T1,deconvolved,,0.6923076923076924,leave_one_neuron,ok,1
D,bad neurons removed; artefacts corrected; smoothed,True,6,0.7022727272727274,92.7,34.12924203188296,0.47042283783136635,0.5082749914593753,cgc-star,20,F6T1,rise,,0.9076022874514266,event_bootstrap,ok,1
D,bad neurons removed; artefacts corrected; smoothed,True,6,0.5568181818181819,73.5,30.751645407915596,0.7851646448930238,0.5182171699564432,cgc-star,8,F6T1,rise,,0.8031287923546618,time_window,ok,1
D,bad neurons removed; artefacts corrected; smoothed,True,6,0.6957070707070706,91.83333333333333,41.62072018539339,0.33095868709105497,0.5017772406018609,cgc-star,12,F6T1,rise,,0.6631477586864102,leave_one_neuron,ok,1
D,bad neurons removed; artefacts corrected; smoothed,True,6,0.8326517772884554,109.91003460207612,46.367206373270854,0.3338721019762745,0.5034154783866549,cgc-star,578,F6T1,rise,,0.9983705184482392,leave_one_transient,ok,1
D,bad neurons removed; artefacts corrected; smoothed,True,6,1.0,132.0,20.527394679543313,0.6923137878338065,0.5017130421518612,cgc-star,20,F6T1,fall,,1.0,event_bootstrap,ok,1
D,bad neurons removed; artefacts corrected; smoothed,True,6,1.0,132.0,33.446278045279016,0.5442584719302627,0.4869297740220939,cgc-star,8,F6T1,fall,,1.0,time_window,ok,1
D,bad neurons removed; artefacts corrected; smoothed,True,6,0.8333333333333335,110.0,16.722082223139893,0.7237235969648123,0.5075403212421797,cgc-star,12,F6T1,fall,,0.6923076923076924,leave_one_neuron,ok,1
D,bad neurons removed; artefacts corrected; smoothed,True,6,1.0,132.0,19.119898367753105,0.7248870233795338,0.5092655420590925,cgc-star,579,F6T1,fall,,1.0,leave_one_transient,ok,1
D,bad neurons removed; artefacts corrected; smoothed,True,6,1.0,132.0,21.817971679073793,0.6454264254759631,0.5092421084357518,cgc-star,20,F6T1,fall_residual,,1.0,event_bootstrap,ok,1
D,bad neurons removed; artefacts corrected; smoothed,True,6,1.0,132.0,43.14243843841024,0.46770779587390965,0.4939967518563733,cgc-star,8,F6T1,fall_residual,,1.0,time_window,ok,1
D,bad neurons removed; artefacts corrected; smoothed,True,6,0.8333333333333335,110.0,16.97421228533928,0.7025023311319645,0.5076558577406967,cgc-star,12,F6T1,fall_residual,,0.6923076923076924,leave_one_neuron,ok,1
D,bad neurons removed; artefacts corrected; smoothed,True,6,1.0,132.0,19.43681699737141,0.703775979467926,0.5088997192619913,cgc-star,577,F6T1,fall_residual,,1.0,leave_one_transient,ok,1
D,bad neurons removed; artefacts corrected; smoothed,False,6,1.0,110.0,19.625662209930663,0.7343776035350651,0.4957164831139687,cgc-star,8,F6T2,full,,1.0,time_window,ok,2
D,bad neurons removed; artefacts corrected; smoothed,False,6,0.8181818181818182,90.0,12.341574706553326,0.8872195765128589,0.5027420083102531,cgc-star,11,F6T2,full,,0.6666666666666664,leave_one_neuron,ok,2
D,bad neurons removed; artefacts corrected; smoothed,False,6,1.0,110.0,12.815105660860166,0.8774811962754493,0.4770683501395191,cgc-star,8,F6T2,deconvolved,,1.0,time_window,ok,2
D,bad neurons removed; artefacts corrected; smoothed,False,6,0.8181818181818182,90.0,9.13176382183217,0.9366922178875602,0.49355176599242406,cgc-star,11,F6T2,deconvolved,,0.6666666666666664,leave_one_neuron,ok,2
D,bad neurons removed; artefacts corrected; smoothed,True,6,0.7322727272727272,80.55,33.44566924334065,0.409618963684619,0.5122945874185412,cgc-star,20,F6T2,rise,,0.8225455180474748,event_bootstrap,ok,2
D,bad neurons removed; artefacts corrected; smoothed,True,6,0.5647727272727272,62.125,30.34372251035037,0.8148567024606861,0.5370763974906564,cgc-star,8,F6T2,rise,,0.831472676306384,time_window,ok,2
D,bad neurons removed; artefacts corrected; smoothed,True,6,0.7214876033057851,79.36363636363636,33.24620504271932,0.3398452129901015,0.5104574073598594,cgc-star,11,F6T2,rise,,0.6565470494417863,leave_one_neuron,ok,2
D,bad neurons removed; artefacts corrected; smoothed,True,6,0.8812630117973631,96.93893129770993,38.77417448752491,0.33029299538029006,0.5139452213692792,cgc-star,524,F6T2,rise,,0.9982804801641444,leave_one_transient,ok,2
D,bad neurons removed; artefacts corrected; smoothed,True,6,1.0,110.0,15.650982360109783,0.7340486936846837,0.5114588208464629,cgc-star,20,F6T2,fall,,1.0,event_bootstrap,ok,2
D,bad neurons removed; artefacts corrected; smoothed,True,6,1.0,110.0,26.39034044835575,0.5385095811369704,0.49950101985612294,cgc-star,8,F6T2,fall,,1.0,time_window,ok,2
D,bad neurons removed; artefacts corrected; smoothed,True,6,0.8181818181818182,90.0,12.083608467898019,0.7896407389055107,0.5085259045283567,cgc-star,11,F6T2,fall,,0.6666666666666664,leave_one_neuron,ok,2
D,bad neurons removed; artefacts corrected; smoothed,True,6,1.0,110.0,14.224378116018851,0.7793261408777401,0.5093025183920588,cgc-star,520,F6T2,fall,,1.0,leave_one_transient,ok,2
D,bad neurons removed; artefacts corrected; smoothed,True,6,1.0,110.0,16.88360405886131,0.6981574468195934,0.514294122611396,cgc-star,20,F6T2,fall_residual,,1.0,event_bootstrap,ok,2
D,bad neurons removed; artefacts corrected; smoothed,True,6,1.0,110.0,37.559477176537655,0.4175321534316101,0.5023811099215536,cgc-star,8,F6T2,fall_residual,,1.0,time_window,ok,2
D,bad neurons removed; artefacts corrected; smoothed,True,6,0.8181818181818182,90.0,12.419002807333756,0.7990163487419618,0.5078652611890621,cgc-star,11,F6T2,fall_residual,,0.6666666666666664,leave_one_neuron,ok,2
D,bad neurons removed; artefacts corrected; smoothed,True,6,1.0,110.0,14.745016689102778,0.7889734479077883,0.5084249637242806,cgc-star,521,F6T2,fall_residual,,1.0,leave_one_transient,ok,2
