case,method,representation,null_type,metric,n_observed,n_null,observed_mean,null_mean,observed_minus_null_mean,p_null_ge_observed_mean,evidence_strength,manuscript_use
A,cgc,deconvolved,cross_recording,w_ic,9,9,0.7631915544617178,0.6101036813305428,0.153087873131175,0.2,descriptive_observed_above_null,empirical observed-versus-null evidence after user-run artifact generation
A,cgc,deconvolved,cross_recording,w_rc,9,9,0.5037443414441999,0.5158096144663143,-0.012065273022114464,0.8,observed_not_above_null,empirical observed-versus-null evidence after user-run artifact generation
A,cgc,deconvolved,cross_recording,edge_density,9,9,1.0,1.0,0.0,1.0,observed_not_above_null,empirical observed-versus-null evidence after user-run artifact generation
A,cgc,deconvolved,cross_recording,retained_edges,9,9,245.77777777777777,245.77777777777777,0.0,0.5,observed_not_above_null,empirical observed-versus-null evidence after user-run artifact generation
A,cgc,deconvolved,cross_recording,total_weight,9,9,11.597497355339222,25.790341751895724,-14.192844396556502,0.7,observed_not_above_null,empirical observed-versus-null evidence after user-run artifact generation
A,cgc,deconvolved,cyclic_shift,w_ic,9,180,0.7631915544617178,0.5173783750420924,0.24581317941962544,0.0055248618784530384,nominal_observed_above_null,empirical observed-versus-null evidence after user-run artifact generation
A,cgc,deconvolved,cyclic_shift,w_rc,9,180,0.5037443414441999,0.4990589342704794,0.004685407173720457,0.48066298342541436,descriptive_observed_above_null,empirical observed-versus-null evidence after user-run artifact generation
A,cgc,deconvolved,cyclic_shift,edge_density,9,180,1.0,1.0,0.0,1.0,observed_not_above_null,empirical observed-versus-null evidence after user-run artifact generation
A,cgc,deconvolved,cyclic_shift,retained_edges,9,180,245.77777777777777,245.77777777777777,0.0,0.44751381215469616,observed_not_above_null,empirical observed-versus-null evidence after user-run artifact generation
A,cgc,deconvolved,cyclic_shift,total_weight,9,180,11.597497355339222,8.071500713147817,3.525996642191405,0.22099447513812154,descriptive_observed_above_null,empirical observed-versus-null evidence after user-run artifact generation
A,cgc,deconvolved,reverse_time,w_ic,9,9,0.7631915544617178,0.7682941391382911,-0.0051025846765733185,0.7,observed_not_above_null,empirical observed-versus-null evidence after user-run artifact generation
A,cgc,deconvolved,reverse_time,w_rc,9,9,0.5037443414441999,0.5128981124311518,-0.009153770986951915,0.8,observed_not_above_null,empirical observed-versus-null evidence after user-run artifact generation
A,cgc,deconvolved,reverse_time,edge_density,9,9,1.0,1.0,0.0,1.0,observed_not_above_null,empirical observed-versus-null evidence after user-run artifact generation
A,cgc,deconvolved,reverse_time,retained_edges,9,9,245.77777777777777,245.77777777777777,0.0,0.5,observed_not_above_null,empirical observed-versus-null evidence after user-run artifact generation
A,cgc,deconvolved,reverse_time,total_weight,9,9,11.597497355339222,11.608614146015402,-0.011116790676179988,0.5,observed_not_above_null,empirical observed-versus-null evidence after user-run artifact generation
A,cgc,fall,cross_recording,w_ic,9,9,0.5379140438433948,0.5190159327639552,0.018898111079439617,0.3,descriptive_observed_above_null,empirical observed-versus-null evidence after user-run artifact generation
A,cgc,fall,cross_recording,w_rc,9,9,0.4945449086589801,0.4531874798400504,0.041357428818929676,0.5,descriptive_observed_above_null,empirical observed-versus-null evidence after user-run artifact generation
A,cgc,fall,cross_recording,edge_density,9,9,1.0,1.0,0.0,1.0,observed_not_above_null,empirical observed-versus-null evidence after user-run artifact generation
A,cgc,fall,cross_recording,retained_edges,9,9,245.77777777777777,245.77777777777777,0.0,0.5,observed_not_above_null,empirical observed-versus-null evidence after user-run artifact generation
A,cgc,fall,cross_recording,total_weight,9,9,14.57936809531785,11.559058648661036,3.020309446656814,0.4,descriptive_observed_above_null,empirical observed-versus-null evidence after user-run artifact generation
A,cgc,fall,cyclic_shift,w_ic,9,180,0.5379140438433948,0.5088784834514877,0.029035560391907134,0.143646408839779,descriptive_observed_above_null,empirical observed-versus-null evidence after user-run artifact generation
A,cgc,fall,cyclic_shift,w_rc,9,180,0.4945449086589801,0.496838257291481,-0.0022933486325009134,0.5248618784530387,observed_not_above_null,empirical observed-versus-null evidence after user-run artifact generation
A,cgc,fall,cyclic_shift,edge_density,9,180,1.0,1.0,0.0,1.0,observed_not_above_null,empirical observed-versus-null evidence after user-run artifact generation
A,cgc,fall,cyclic_shift,retained_edges,9,180,245.77777777777777,245.77777777777777,0.0,0.44751381215469616,observed_not_above_null,empirical observed-versus-null evidence after user-run artifact generation
A,cgc,fall,cyclic_shift,total_weight,9,180,14.57936809531785,11.562367298607715,3.0170007967101355,0.3370165745856354,descriptive_observed_above_null,empirical observed-versus-null evidence after user-run artifact generation
A,cgc,fall,event_jitter,w_ic,9,180,0.5379140438433948,0.5460607155727017,-0.008146671729306942,0.47513812154696133,observed_not_above_null,empirical observed-versus-null evidence after user-run artifact generation
A,cgc,fall,event_jitter,w_rc,9,180,0.4945449086589801,0.49441316034398813,0.00013174831499196404,0.5414364640883977,descriptive_observed_above_null,empirical observed-versus-null evidence after user-run artifact generation
A,cgc,fall,event_jitter,edge_density,9,180,1.0,1.0,0.0,1.0,observed_not_above_null,empirical observed-versus-null evidence after user-run artifact generation
A,cgc,fall,event_jitter,retained_edges,9,180,245.77777777777777,245.77777777777777,0.0,0.44751381215469616,observed_not_above_null,empirical observed-versus-null evidence after user-run artifact generation
A,cgc,fall,event_jitter,total_weight,9,180,14.57936809531785,20.78053984199718,-6.201171746679329,0.6464088397790055,observed_not_above_null,empirical observed-versus-null evidence after user-run artifact generation
A,cgc,fall,phase_permutation,w_ic,9,180,0.5379140438433948,0.5559111758607529,-0.017997132017358086,0.6298342541436464,observed_not_above_null,empirical observed-versus-null evidence after user-run artifact generation
A,cgc,fall,phase_permutation,w_rc,9,180,0.4945449086589801,0.5148250374872412,-0.02028012882826108,0.6961325966850829,observed_not_above_null,empirical observed-versus-null evidence after user-run artifact generation
A,cgc,fall,phase_permutation,edge_density,9,180,1.0,0.9998917748917749,0.00010822510822505738,0.9668508287292817,descriptive_observed_above_null,empirical observed-versus-null evidence after user-run artifact generation
A,cgc,fall,phase_permutation,retained_edges,9,180,245.77777777777777,245.7277777777778,0.04999999999998295,0.44751381215469616,descriptive_observed_above_null,empirical observed-versus-null evidence after user-run artifact generation
A,cgc,fall,phase_permutation,total_weight,9,180,14.57936809531785,26.34302406918846,-11.763655973870609,0.7845303867403315,observed_not_above_null,empirical observed-versus-null evidence after user-run artifact generation
A,cgc,fall,reverse_time,w_ic,9,9,0.5379140438433948,0.5570358384164195,-0.019121794573024653,0.6,observed_not_above_null,empirical observed-versus-null evidence after user-run artifact generation
A,cgc,fall,reverse_time,w_rc,9,9,0.4945449086589801,0.48473880494506655,0.00980610371391355,0.7,descriptive_observed_above_null,empirical observed-versus-null evidence after user-run artifact generation
A,cgc,fall,reverse_time,edge_density,9,9,1.0,1.0,0.0,1.0,observed_not_above_null,empirical observed-versus-null evidence after user-run artifact generation
A,cgc,fall,reverse_time,retained_edges,9,9,245.77777777777777,245.77777777777777,0.0,0.5,observed_not_above_null,empirical observed-versus-null evidence after user-run artifact generation
A,cgc,fall,reverse_time,total_weight,9,9,14.57936809531785,22.568050591614213,-7.988682496296363,0.7,observed_not_above_null,empirical observed-versus-null evidence after user-run artifact generation
A,cgc,fall_residual,cross_recording,w_ic,9,9,0.5097024983546753,0.4942768162676649,0.015425682087010395,0.5,descriptive_observed_above_null,empirical observed-versus-null evidence after user-run artifact generation
A,cgc,fall_residual,cross_recording,w_rc,9,9,0.47278639256706767,0.43109468851720845,0.041691704049859224,0.6,descriptive_observed_above_null,empirical observed-versus-null evidence after user-run artifact generation
A,cgc,fall_residual,cross_recording,edge_density,9,9,1.0,1.0,0.0,1.0,observed_not_above_null,empirical observed-versus-null evidence after user-run artifact generation
A,cgc,fall_residual,cross_recording,retained_edges,9,9,245.77777777777777,245.77777777777777,0.0,0.5,observed_not_above_null,empirical observed-versus-null evidence after user-run artifact generation
A,cgc,fall_residual,cross_recording,total_weight,9,9,15.048074296135102,11.396068027463713,3.652006268671389,0.4,descriptive_observed_above_null,empirical observed-versus-null evidence after user-run artifact generation
A,cgc,fall_residual,cyclic_shift,w_ic,9,180,0.5097024983546753,0.51162307246025,-0.0019205741055746683,0.5303867403314917,observed_not_above_null,empirical observed-versus-null evidence after user-run artifact generation
A,cgc,fall_residual,cyclic_shift,w_rc,9,180,0.47278639256706767,0.5009353472930685,-0.028148954726000874,0.7734806629834254,observed_not_above_null,empirical observed-versus-null evidence after user-run artifact generation
A,cgc,fall_residual,cyclic_shift,edge_density,9,180,1.0,1.0,0.0,1.0,observed_not_above_null,empirical observed-versus-null evidence after user-run artifact generation
A,cgc,fall_residual,cyclic_shift,retained_edges,9,180,245.77777777777777,245.77777777777777,0.0,0.44751381215469616,observed_not_above_null,empirical observed-versus-null evidence after user-run artifact generation
A,cgc,fall_residual,cyclic_shift,total_weight,9,180,15.048074296135102,12.938019605480871,2.1100546906542306,0.4419889502762431,descriptive_observed_above_null,empirical observed-versus-null evidence after user-run artifact generation
A,cgc,fall_residual,event_jitter,w_ic,9,180,0.5097024983546753,0.48485716395635575,0.02484533439831954,0.19889502762430938,descriptive_observed_above_null,empirical observed-versus-null evidence after user-run artifact generation
A,cgc,fall_residual,event_jitter,w_rc,9,180,0.47278639256706767,0.4980950076295103,-0.02530861506244264,0.6740331491712708,observed_not_above_null,empirical observed-versus-null evidence after user-run artifact generation
A,cgc,fall_residual,event_jitter,edge_density,9,180,1.0,1.0,0.0,1.0,observed_not_above_null,empirical observed-versus-null evidence after user-run artifact generation
A,cgc,fall_residual,event_jitter,retained_edges,9,180,245.77777777777777,245.77777777777777,0.0,0.44751381215469616,observed_not_above_null,empirical observed-versus-null evidence after user-run artifact generation
A,cgc,fall_residual,event_jitter,total_weight,9,180,15.048074296135102,22.007265397603703,-6.959191101468601,0.6629834254143646,observed_not_above_null,empirical observed-versus-null evidence after user-run artifact generation
A,cgc,fall_residual,phase_permutation,w_ic,9,180,0.5097024983546753,0.5517145412804385,-0.042012042925763216,0.6961325966850829,observed_not_above_null,empirical observed-versus-null evidence after user-run artifact generation
A,cgc,fall_residual,phase_permutation,w_rc,9,180,0.47278639256706767,0.5005429422564469,-0.02775654968937924,0.6298342541436464,observed_not_above_null,empirical observed-versus-null evidence after user-run artifact generation
A,cgc,fall_residual,phase_permutation,edge_density,9,180,1.0,0.9998917748917749,0.00010822510822505738,0.9613259668508287,descriptive_observed_above_null,empirical observed-versus-null evidence after user-run artifact generation
A,cgc,fall_residual,phase_permutation,retained_edges,9,180,245.77777777777777,245.7277777777778,0.04999999999998295,0.44751381215469616,descriptive_observed_above_null,empirical observed-versus-null evidence after user-run artifact generation
A,cgc,fall_residual,phase_permutation,total_weight,9,180,15.048074296135102,26.340209378849824,-11.292135082714722,0.7624309392265194,observed_not_above_null,empirical observed-versus-null evidence after user-run artifact generation
A,cgc,fall_residual,reverse_time,w_ic,9,9,0.5097024983546753,0.537576212611994,-0.02787371425731866,0.8,observed_not_above_null,empirical observed-versus-null evidence after user-run artifact generation
A,cgc,fall_residual,reverse_time,w_rc,9,9,0.47278639256706767,0.498021265202386,-0.025234872635318317,0.6,observed_not_above_null,empirical observed-versus-null evidence after user-run artifact generation
A,cgc,fall_residual,reverse_time,edge_density,9,9,1.0,1.0,0.0,1.0,observed_not_above_null,empirical observed-versus-null evidence after user-run artifact generation
A,cgc,fall_residual,reverse_time,retained_edges,9,9,245.77777777777777,245.77777777777777,0.0,0.5,observed_not_above_null,empirical observed-versus-null evidence after user-run artifact generation
A,cgc,fall_residual,reverse_time,total_weight,9,9,15.048074296135102,24.506537121055114,-9.458462824920012,0.7,observed_not_above_null,empirical observed-versus-null evidence after user-run artifact generation
A,cgc,full,cross_recording,w_ic,9,9,0.6205782379985134,0.5482581503617779,0.07232008763673548,0.2,descriptive_observed_above_null,empirical observed-versus-null evidence after user-run artifact generation
A,cgc,full,cross_recording,w_rc,9,9,0.4926367259118798,0.5069744855377186,-0.01433775962583883,0.7,observed_not_above_null,empirical observed-versus-null evidence after user-run artifact generation
A,cgc,full,cross_recording,edge_density,9,9,1.0,1.0,0.0,1.0,observed_not_above_null,empirical observed-versus-null evidence after user-run artifact generation
A,cgc,full,cross_recording,retained_edges,9,9,245.77777777777777,245.77777777777777,0.0,0.5,observed_not_above_null,empirical observed-versus-null evidence after user-run artifact generation
A,cgc,full,cross_recording,total_weight,9,9,13.488825882105196,27.829244333030715,-14.340418450925519,0.6,observed_not_above_null,empirical observed-versus-null evidence after user-run artifact generation
A,cgc,full,cyclic_shift,w_ic,9,180,0.6205782379985134,0.5195525977573668,0.10102564024114657,0.06629834254143646,descriptive_observed_above_null,empirical observed-versus-null evidence after user-run artifact generation
A,cgc,full,cyclic_shift,w_rc,9,180,0.4926367259118798,0.49320403110677014,-0.000567305194890344,0.5359116022099447,observed_not_above_null,empirical observed-versus-null evidence after user-run artifact generation
A,cgc,full,cyclic_shift,edge_density,9,180,1.0,1.0,0.0,1.0,observed_not_above_null,empirical observed-versus-null evidence after user-run artifact generation
A,cgc,full,cyclic_shift,retained_edges,9,180,245.77777777777777,245.77777777777777,0.0,0.44751381215469616,observed_not_above_null,empirical observed-versus-null evidence after user-run artifact generation
A,cgc,full,cyclic_shift,total_weight,9,180,13.488825882105196,11.406793888750418,2.0820319933547786,0.2541436464088398,descriptive_observed_above_null,empirical observed-versus-null evidence after user-run artifact generation
A,cgc,full,reverse_time,w_ic,9,9,0.6205782379985134,0.6339820306053005,-0.013403792606787035,0.5,observed_not_above_null,empirical observed-versus-null evidence after user-run artifact generation
A,cgc,full,reverse_time,w_rc,9,9,0.4926367259118798,0.5193068289835986,-0.026670103071718798,0.7,observed_not_above_null,empirical observed-versus-null evidence after user-run artifact generation
A,cgc,full,reverse_time,edge_density,9,9,1.0,1.0,0.0,1.0,observed_not_above_null,empirical observed-versus-null evidence after user-run artifact generation
A,cgc,full,reverse_time,retained_edges,9,9,245.77777777777777,245.77777777777777,0.0,0.5,observed_not_above_null,empirical observed-versus-null evidence after user-run artifact generation
A,cgc,full,reverse_time,total_weight,9,9,13.488825882105196,13.418635964008395,0.07018991809680131,0.5,descriptive_observed_above_null,empirical observed-versus-null evidence after user-run artifact generation
A,cgc,rise,cross_recording,w_ic,9,9,0.49283166074685664,0.48108273550494446,0.011748925241912178,0.6,descriptive_observed_above_null,empirical observed-versus-null evidence after user-run artifact generation
A,cgc,rise,cross_recording,w_rc,9,9,0.5468635543059054,0.48232742825261876,0.06453612605328662,0.4,descriptive_observed_above_null,empirical observed-versus-null evidence after user-run artifact generation
A,cgc,rise,cross_recording,edge_density,9,9,0.9995189995189995,0.9994152046783626,0.00010379484063682831,0.9,descriptive_observed_above_null,empirical observed-versus-null evidence after user-run artifact generation
A,cgc,rise,cross_recording,retained_edges,9,9,245.55555555555554,245.55555555555554,0.0,0.5,observed_not_above_null,empirical observed-versus-null evidence after user-run artifact generation
A,cgc,rise,cross_recording,total_weight,9,9,40.01469165944812,31.352249726033126,8.662441933414993,0.3,descriptive_observed_above_null,empirical observed-versus-null evidence after user-run artifact generation
A,cgc,rise,cyclic_shift,w_ic,9,180,0.49283166074685664,0.5072090687956904,-0.01437740804883375,0.6961325966850829,observed_not_above_null,empirical observed-versus-null evidence after user-run artifact generation
A,cgc,rise,cyclic_shift,w_rc,9,180,0.5468635543059054,0.49874997325655623,0.04811358104934915,0.10497237569060773,descriptive_observed_above_null,empirical observed-versus-null evidence after user-run artifact generation
A,cgc,rise,cyclic_shift,edge_density,9,180,0.9995189995189995,1.0,-0.0004810004810005264,1.0,observed_not_above_null,empirical observed-versus-null evidence after user-run artifact generation
A,cgc,rise,cyclic_shift,retained_edges,9,180,245.55555555555554,245.77777777777777,-0.22222222222222854,0.44751381215469616,observed_not_above_null,empirical observed-versus-null evidence after user-run artifact generation
A,cgc,rise,cyclic_shift,total_weight,9,180,40.01469165944812,24.877918831958695,15.136772827489423,0.11602209944751381,descriptive_observed_above_null,empirical observed-versus-null evidence after user-run artifact generation
A,cgc,rise,event_jitter,w_ic,9,180,0.49283166074685664,0.48344427498903625,0.009387385757820388,0.4861878453038674,descriptive_observed_above_null,empirical observed-versus-null evidence after user-run artifact generation
A,cgc,rise,event_jitter,w_rc,9,180,0.5468635543059054,0.5280444009246944,0.018819153381210985,0.3425414364640884,descriptive_observed_above_null,empirical observed-versus-null evidence after user-run artifact generation
A,cgc,rise,event_jitter,edge_density,9,180,0.9995189995189995,0.9996993746993748,-0.00018037518037528066,0.9226519337016574,observed_not_above_null,empirical observed-versus-null evidence after user-run artifact generation
A,cgc,rise,event_jitter,retained_edges,9,180,245.55555555555554,245.63888888888889,-0.08333333333334281,0.44751381215469616,observed_not_above_null,empirical observed-versus-null evidence after user-run artifact generation
A,cgc,rise,event_jitter,total_weight,9,180,40.01469165944812,45.74863903255205,-5.7339473731039305,0.44751381215469616,observed_not_above_null,empirical observed-versus-null evidence after user-run artifact generation
A,cgc,rise,phase_permutation,w_ic,9,180,0.49283166074685664,0.5546652570622455,-0.06183359631538882,0.7790055248618785,observed_not_above_null,empirical observed-versus-null evidence after user-run artifact generation
A,cgc,rise,phase_permutation,w_rc,9,180,0.5468635543059054,0.5113169652562166,0.03554658904968877,0.287292817679558,descriptive_observed_above_null,empirical observed-versus-null evidence after user-run artifact generation
A,cgc,rise,phase_permutation,edge_density,9,180,0.9995189995189995,0.9998797498797499,-0.0003607503607504503,0.9613259668508287,observed_not_above_null,empirical observed-versus-null evidence after user-run artifact generation
A,cgc,rise,phase_permutation,retained_edges,9,180,245.55555555555554,245.72222222222223,-0.16666666666668561,0.44751381215469616,observed_not_above_null,empirical observed-versus-null evidence after user-run artifact generation
A,cgc,rise,phase_permutation,total_weight,9,180,40.01469165944812,26.131297262658375,13.883394396789743,0.12154696132596685,descriptive_observed_above_null,empirical observed-versus-null evidence after user-run artifact generation
A,cgc,rise,reverse_time,w_ic,9,9,0.49283166074685664,0.5199510454747817,-0.027119384727925022,0.7,observed_not_above_null,empirical observed-versus-null evidence after user-run artifact generation
A,cgc,rise,reverse_time,w_rc,9,9,0.5468635543059054,0.5223802230103706,0.024483331295534816,0.3,descriptive_observed_above_null,empirical observed-versus-null evidence after user-run artifact generation
A,cgc,rise,reverse_time,edge_density,9,9,0.9995189995189995,0.9992784992784993,0.00024050024050015217,0.9,descriptive_observed_above_null,empirical observed-versus-null evidence after user-run artifact generation
A,cgc,rise,reverse_time,retained_edges,9,9,245.55555555555554,245.44444444444446,0.11111111111108585,0.5,descriptive_observed_above_null,empirical observed-versus-null evidence after user-run artifact generation
A,cgc,rise,reverse_time,total_weight,9,9,40.01469165944812,45.34368597661037,-5.328994317162248,0.4,observed_not_above_null,empirical observed-versus-null evidence after user-run artifact generation
A,cgc-star,deconvolved,cross_recording,w_ic,9,9,0.770211386696333,0.5751690104155919,0.19504237628074117,0.2,descriptive_observed_above_null,empirical observed-versus-null evidence after user-run artifact generation
A,cgc-star,deconvolved,cross_recording,w_rc,9,9,0.48663375913590634,0.4770647844265031,0.009568974709403266,0.6,descriptive_observed_above_null,empirical observed-versus-null evidence after user-run artifact generation
A,cgc-star,deconvolved,cross_recording,edge_density,9,9,1.0,1.0,0.0,1.0,observed_not_above_null,empirical observed-versus-null evidence after user-run artifact generation
A,cgc-star,deconvolved,cross_recording,retained_edges,9,9,245.77777777777777,245.77777777777777,0.0,0.5,observed_not_above_null,empirical observed-versus-null evidence after user-run artifact generation
A,cgc-star,deconvolved,cross_recording,total_weight,9,9,13.023916264452403,27.327410439760232,-14.30349417530783,0.7,observed_not_above_null,empirical observed-versus-null evidence after user-run artifact generation
A,cgc-star,deconvolved,cyclic_shift,w_ic,9,180,0.770211386696333,0.5139236410115747,0.2562877456847583,0.0055248618784530384,nominal_observed_above_null,empirical observed-versus-null evidence after user-run artifact generation
A,cgc-star,deconvolved,cyclic_shift,w_rc,9,180,0.48663375913590634,0.5030533937248459,-0.01641963458893958,0.6850828729281768,observed_not_above_null,empirical observed-versus-null evidence after user-run artifact generation
A,cgc-star,deconvolved,cyclic_shift,edge_density,9,180,1.0,1.0,0.0,1.0,observed_not_above_null,empirical observed-versus-null evidence after user-run artifact generation
A,cgc-star,deconvolved,cyclic_shift,retained_edges,9,180,245.77777777777777,245.77777777777777,0.0,0.44751381215469616,observed_not_above_null,empirical observed-versus-null evidence after user-run artifact generation
A,cgc-star,deconvolved,cyclic_shift,total_weight,9,180,13.023916264452403,7.535692030566794,5.488224233885609,0.11602209944751381,descriptive_observed_above_null,empirical observed-versus-null evidence after user-run artifact generation
A,cgc-star,deconvolved,reverse_time,w_ic,9,9,0.770211386696333,0.770211386696333,0.0,0.6,observed_not_above_null,empirical observed-versus-null evidence after user-run artifact generation
A,cgc-star,deconvolved,reverse_time,w_rc,9,9,0.48663375913590634,0.5133662408640937,-0.02673248172818732,0.9,observed_not_above_null,empirical observed-versus-null evidence after user-run artifact generation
A,cgc-star,deconvolved,reverse_time,edge_density,9,9,1.0,1.0,0.0,1.0,observed_not_above_null,empirical observed-versus-null evidence after user-run artifact generation
A,cgc-star,deconvolved,reverse_time,retained_edges,9,9,245.77777777777777,245.77777777777777,0.0,0.5,observed_not_above_null,empirical observed-versus-null evidence after user-run artifact generation
A,cgc-star,deconvolved,reverse_time,total_weight,9,9,13.023916264452403,13.023916264452401,1.7763568394002505e-15,0.5,descriptive_observed_above_null,empirical observed-versus-null evidence after user-run artifact generation
A,cgc-star,fall,cross_recording,w_ic,9,9,0.620387418731392,0.5168536993229413,0.10353371940845069,0.1,descriptive_observed_above_null,empirical observed-versus-null evidence after user-run artifact generation
A,cgc-star,fall,cross_recording,w_rc,9,9,0.5023115368757418,0.5185279605588156,-0.016216423683073744,0.8,observed_not_above_null,empirical observed-versus-null evidence after user-run artifact generation
A,cgc-star,fall,cross_recording,edge_density,9,9,1.0,1.0,0.0,1.0,observed_not_above_null,empirical observed-versus-null evidence after user-run artifact generation
A,cgc-star,fall,cross_recording,retained_edges,9,9,245.77777777777777,245.77777777777777,0.0,0.5,observed_not_above_null,empirical observed-versus-null evidence after user-run artifact generation
A,cgc-star,fall,cross_recording,total_weight,9,9,25.5414383580158,41.00930009034775,-15.46786173233195,0.6,observed_not_above_null,empirical observed-versus-null evidence after user-run artifact generation
A,cgc-star,fall,cyclic_shift,w_ic,9,180,0.620387418731392,0.503294403262286,0.117093015469106,0.0055248618784530384,nominal_observed_above_null,empirical observed-versus-null evidence after user-run artifact generation
A,cgc-star,fall,cyclic_shift,w_rc,9,180,0.5023115368757418,0.5023179790310721,-6.4421553302995704e-06,0.5027624309392266,observed_not_above_null,empirical observed-versus-null evidence after user-run artifact generation
A,cgc-star,fall,cyclic_shift,edge_density,9,180,1.0,1.0,0.0,1.0,observed_not_above_null,empirical observed-versus-null evidence after user-run artifact generation
A,cgc-star,fall,cyclic_shift,retained_edges,9,180,245.77777777777777,245.77777777777777,0.0,0.44751381215469616,observed_not_above_null,empirical observed-versus-null evidence after user-run artifact generation
A,cgc-star,fall,cyclic_shift,total_weight,9,180,25.5414383580158,11.386325535028393,14.155112822987407,0.0055248618784530384,nominal_observed_above_null,empirical observed-versus-null evidence after user-run artifact generation
A,cgc-star,fall,event_jitter,w_ic,9,180,0.620387418731392,0.6357081639462747,-0.015320745214882692,0.5966850828729282,observed_not_above_null,empirical observed-versus-null evidence after user-run artifact generation
A,cgc-star,fall,event_jitter,w_rc,9,180,0.5023115368757418,0.49748512394368843,0.004826412932053381,0.430939226519337,descriptive_observed_above_null,empirical observed-versus-null evidence after user-run artifact generation
A,cgc-star,fall,event_jitter,edge_density,9,180,1.0,1.0,0.0,1.0,observed_not_above_null,empirical observed-versus-null evidence after user-run artifact generation
A,cgc-star,fall,event_jitter,retained_edges,9,180,245.77777777777777,245.77777777777777,0.0,0.44751381215469616,observed_not_above_null,empirical observed-versus-null evidence after user-run artifact generation
A,cgc-star,fall,event_jitter,total_weight,9,180,25.5414383580158,28.470654498963345,-2.9292161409475455,0.6685082872928176,observed_not_above_null,empirical observed-versus-null evidence after user-run artifact generation
A,cgc-star,fall,phase_permutation,w_ic,9,180,0.620387418731392,0.6111990128889702,0.009188405842421865,0.4696132596685083,descriptive_observed_above_null,empirical observed-versus-null evidence after user-run artifact generation
A,cgc-star,fall,phase_permutation,w_rc,9,180,0.5023115368757418,0.5106726133394618,-0.008361076463719974,0.6243093922651933,observed_not_above_null,empirical observed-versus-null evidence after user-run artifact generation
A,cgc-star,fall,phase_permutation,edge_density,9,180,1.0,0.9999037999037999,9.620009620014969e-05,0.9723756906077348,descriptive_observed_above_null,empirical observed-versus-null evidence after user-run artifact generation
A,cgc-star,fall,phase_permutation,retained_edges,9,180,245.77777777777777,245.73333333333332,0.04444444444445139,0.44751381215469616,descriptive_observed_above_null,empirical observed-versus-null evidence after user-run artifact generation
A,cgc-star,fall,phase_permutation,total_weight,9,180,25.5414383580158,33.75015233746124,-8.208713979445438,0.6685082872928176,observed_not_above_null,empirical observed-versus-null evidence after user-run artifact generation
A,cgc-star,fall,reverse_time,w_ic,9,9,0.620387418731392,0.620387418731392,0.0,0.5,observed_not_above_null,empirical observed-versus-null evidence after user-run artifact generation
A,cgc-star,fall,reverse_time,w_rc,9,9,0.5023115368757418,0.4976884631242582,0.004623073751483631,0.4,descriptive_observed_above_null,empirical observed-versus-null evidence after user-run artifact generation
A,cgc-star,fall,reverse_time,edge_density,9,9,1.0,1.0,0.0,1.0,observed_not_above_null,empirical observed-versus-null evidence after user-run artifact generation
A,cgc-star,fall,reverse_time,retained_edges,9,9,245.77777777777777,245.77777777777777,0.0,0.5,observed_not_above_null,empirical observed-versus-null evidence after user-run artifact generation
A,cgc-star,fall,reverse_time,total_weight,9,9,25.5414383580158,25.541438358015803,-3.552713678800501e-15,0.6,observed_not_above_null,empirical observed-versus-null evidence after user-run artifact generation
A,cgc-star,fall_residual,cross_recording,w_ic,9,9,0.5954835340237715,0.5093268511148419,0.08615668290892964,0.2,descriptive_observed_above_null,empirical observed-versus-null evidence after user-run artifact generation
A,cgc-star,fall_residual,cross_recording,w_rc,9,9,0.4999631328731646,0.49371239219856494,0.006250740674599631,0.6,descriptive_observed_above_null,empirical observed-versus-null evidence after user-run artifact generation
A,cgc-star,fall_residual,cross_recording,edge_density,9,9,1.0,1.0,0.0,1.0,observed_not_above_null,empirical observed-versus-null evidence after user-run artifact generation
A,cgc-star,fall_residual,cross_recording,retained_edges,9,9,245.77777777777777,245.77777777777777,0.0,0.5,observed_not_above_null,empirical observed-versus-null evidence after user-run artifact generation
A,cgc-star,fall_residual,cross_recording,total_weight,9,9,26.16296617810622,39.66944148312047,-13.506475305014252,0.6,observed_not_above_null,empirical observed-versus-null evidence after user-run artifact generation
A,cgc-star,fall_residual,cyclic_shift,w_ic,9,180,0.5954835340237715,0.5076229523396112,0.08786058168416033,0.03867403314917127,nominal_observed_above_null,empirical observed-versus-null evidence after user-run artifact generation
A,cgc-star,fall_residual,cyclic_shift,w_rc,9,180,0.4999631328731646,0.5045749299606664,-0.004611797087501868,0.5414364640883977,observed_not_above_null,empirical observed-versus-null evidence after user-run artifact generation
A,cgc-star,fall_residual,cyclic_shift,edge_density,9,180,1.0,1.0,0.0,1.0,observed_not_above_null,empirical observed-versus-null evidence after user-run artifact generation
A,cgc-star,fall_residual,cyclic_shift,retained_edges,9,180,245.77777777777777,245.77777777777777,0.0,0.44751381215469616,observed_not_above_null,empirical observed-versus-null evidence after user-run artifact generation
A,cgc-star,fall_residual,cyclic_shift,total_weight,9,180,26.16296617810622,12.572199051060757,13.590767127045464,0.0055248618784530384,nominal_observed_above_null,empirical observed-versus-null evidence after user-run artifact generation
A,cgc-star,fall_residual,event_jitter,w_ic,9,180,0.5954835340237715,0.6097620929947134,-0.01427855897094188,0.574585635359116,observed_not_above_null,empirical observed-versus-null evidence after user-run artifact generation
A,cgc-star,fall_residual,event_jitter,w_rc,9,180,0.4999631328731646,0.5044022874964427,-0.0044391546232780965,0.6298342541436464,observed_not_above_null,empirical observed-versus-null evidence after user-run artifact generation
A,cgc-star,fall_residual,event_jitter,edge_density,9,180,1.0,1.0,0.0,1.0,observed_not_above_null,empirical observed-versus-null evidence after user-run artifact generation
A,cgc-star,fall_residual,event_jitter,retained_edges,9,180,245.77777777777777,245.77777777777777,0.0,0.44751381215469616,observed_not_above_null,empirical observed-versus-null evidence after user-run artifact generation
A,cgc-star,fall_residual,event_jitter,total_weight,9,180,26.16296617810622,29.972695773236616,-3.8097295951303956,0.6685082872928176,observed_not_above_null,empirical observed-versus-null evidence after user-run artifact generation
A,cgc-star,fall_residual,phase_permutation,w_ic,9,180,0.5954835340237715,0.6055359726370336,-0.010052438613262105,0.5524861878453039,observed_not_above_null,empirical observed-versus-null evidence after user-run artifact generation
A,cgc-star,fall_residual,phase_permutation,w_rc,9,180,0.4999631328731646,0.499650949734865,0.0003121831382995599,0.5248618784530387,descriptive_observed_above_null,empirical observed-versus-null evidence after user-run artifact generation
A,cgc-star,fall_residual,phase_permutation,edge_density,9,180,1.0,0.9999037999037999,9.620009620014969e-05,0.9668508287292817,descriptive_observed_above_null,empirical observed-versus-null evidence after user-run artifact generation
A,cgc-star,fall_residual,phase_permutation,retained_edges,9,180,245.77777777777777,245.73333333333332,0.04444444444445139,0.44751381215469616,descriptive_observed_above_null,empirical observed-versus-null evidence after user-run artifact generation
A,cgc-star,fall_residual,phase_permutation,total_weight,9,180,26.16296617810622,35.00497042199731,-8.842004243891086,0.6850828729281768,observed_not_above_null,empirical observed-versus-null evidence after user-run artifact generation
A,cgc-star,fall_residual,reverse_time,w_ic,9,9,0.5954835340237715,0.5947160769871799,0.0007674570365916455,0.6,descriptive_observed_above_null,empirical observed-versus-null evidence after user-run artifact generation
A,cgc-star,fall_residual,reverse_time,w_rc,9,9,0.4999631328731646,0.499776106056821,0.00018702681634358287,0.6,descriptive_observed_above_null,empirical observed-versus-null evidence after user-run artifact generation
A,cgc-star,fall_residual,reverse_time,edge_density,9,9,1.0,1.0,0.0,1.0,observed_not_above_null,empirical observed-versus-null evidence after user-run artifact generation
A,cgc-star,fall_residual,reverse_time,retained_edges,9,9,245.77777777777777,245.77777777777777,0.0,0.5,observed_not_above_null,empirical observed-versus-null evidence after user-run artifact generation
A,cgc-star,fall_residual,reverse_time,total_weight,9,9,26.16296617810622,26.093801555834055,0.06916462227216513,0.6,descriptive_observed_above_null,empirical observed-versus-null evidence after user-run artifact generation
A,cgc-star,full,cross_recording,w_ic,9,9,0.7161270967021409,0.5641919554294347,0.15193514127270624,0.1,descriptive_observed_above_null,empirical observed-versus-null evidence after user-run artifact generation
A,cgc-star,full,cross_recording,w_rc,9,9,0.4982804641225607,0.4833419496286751,0.014938514493885613,0.4,descriptive_observed_above_null,empirical observed-versus-null evidence after user-run artifact generation
A,cgc-star,full,cross_recording,edge_density,9,9,1.0,1.0,0.0,1.0,observed_not_above_null,empirical observed-versus-null evidence after user-run artifact generation
A,cgc-star,full,cross_recording,retained_edges,9,9,245.77777777777777,245.77777777777777,0.0,0.5,observed_not_above_null,empirical observed-versus-null evidence after user-run artifact generation
A,cgc-star,full,cross_recording,total_weight,9,9,25.960204340710167,40.581101335464574,-14.620896994754407,0.6,observed_not_above_null,empirical observed-versus-null evidence after user-run artifact generation
A,cgc-star,full,cyclic_shift,w_ic,9,180,0.7161270967021409,0.5187638396563303,0.1973632570458106,0.0055248618784530384,nominal_observed_above_null,empirical observed-versus-null evidence after user-run artifact generation
A,cgc-star,full,cyclic_shift,w_rc,9,180,0.4982804641225607,0.5006278872526996,-0.0023474231301388593,0.4861878453038674,observed_not_above_null,empirical observed-versus-null evidence after user-run artifact generation
A,cgc-star,full,cyclic_shift,edge_density,9,180,1.0,1.0,0.0,1.0,observed_not_above_null,empirical observed-versus-null evidence after user-run artifact generation
A,cgc-star,full,cyclic_shift,retained_edges,9,180,245.77777777777777,245.77777777777777,0.0,0.44751381215469616,observed_not_above_null,empirical observed-versus-null evidence after user-run artifact generation
A,cgc-star,full,cyclic_shift,total_weight,9,180,25.960204340710167,10.44652834339584,15.513675997314326,0.0055248618784530384,nominal_observed_above_null,empirical observed-versus-null evidence after user-run artifact generation
A,cgc-star,full,reverse_time,w_ic,9,9,0.7161270967021409,0.716127096702141,-1.1102230246251565e-16,0.5,observed_not_above_null,empirical observed-versus-null evidence after user-run artifact generation
A,cgc-star,full,reverse_time,w_rc,9,9,0.4982804641225607,0.5017195358774393,-0.00343907175487862,0.7,observed_not_above_null,empirical observed-versus-null evidence after user-run artifact generation
A,cgc-star,full,reverse_time,edge_density,9,9,1.0,1.0,0.0,1.0,observed_not_above_null,empirical observed-versus-null evidence after user-run artifact generation
A,cgc-star,full,reverse_time,retained_edges,9,9,245.77777777777777,245.77777777777777,0.0,0.5,observed_not_above_null,empirical observed-versus-null evidence after user-run artifact generation
A,cgc-star,full,reverse_time,total_weight,9,9,25.960204340710167,25.960204340710167,0.0,0.7,observed_not_above_null,empirical observed-versus-null evidence after user-run artifact generation
A,cgc-star,rise,cross_recording,w_ic,9,9,0.4814008598673143,0.48700070854066674,-0.005599848673352448,0.7,observed_not_above_null,empirical observed-versus-null evidence after user-run artifact generation
A,cgc-star,rise,cross_recording,w_rc,9,9,0.491534513214327,0.489570449772609,0.0019640634417180114,0.5,descriptive_observed_above_null,empirical observed-versus-null evidence after user-run artifact generation
A,cgc-star,rise,cross_recording,edge_density,9,9,0.9995189995189995,0.9994152046783626,0.00010379484063682831,0.9,descriptive_observed_above_null,empirical observed-versus-null evidence after user-run artifact generation
A,cgc-star,rise,cross_recording,retained_edges,9,9,245.55555555555554,245.55555555555554,0.0,0.5,observed_not_above_null,empirical observed-versus-null evidence after user-run artifact generation
A,cgc-star,rise,cross_recording,total_weight,9,9,46.473204500933335,58.00630724440565,-11.533102743472313,0.5,observed_not_above_null,empirical observed-versus-null evidence after user-run artifact generation
A,cgc-star,rise,cyclic_shift,w_ic,9,180,0.4814008598673143,0.5068541830405757,-0.025453323173261433,0.7679558011049724,observed_not_above_null,empirical observed-versus-null evidence after user-run artifact generation
A,cgc-star,rise,cyclic_shift,w_rc,9,180,0.491534513214327,0.5007624513903368,-0.009227938176009809,0.56353591160221,observed_not_above_null,empirical observed-versus-null evidence after user-run artifact generation
A,cgc-star,rise,cyclic_shift,edge_density,9,180,0.9995189995189995,1.0,-0.0004810004810005264,1.0,observed_not_above_null,empirical observed-versus-null evidence after user-run artifact generation
A,cgc-star,rise,cyclic_shift,retained_edges,9,180,245.55555555555554,245.77777777777777,-0.22222222222222854,0.44751381215469616,observed_not_above_null,empirical observed-versus-null evidence after user-run artifact generation
A,cgc-star,rise,cyclic_shift,total_weight,9,180,46.473204500933335,26.64585984972479,19.827344651208545,0.11602209944751381,descriptive_observed_above_null,empirical observed-versus-null evidence after user-run artifact generation
A,cgc-star,rise,event_jitter,w_ic,9,180,0.4814008598673143,0.45913225808317626,0.02226860178413803,0.430939226519337,descriptive_observed_above_null,empirical observed-versus-null evidence after user-run artifact generation
A,cgc-star,rise,event_jitter,w_rc,9,180,0.491534513214327,0.4959728873304628,-0.00443837411613579,0.585635359116022,observed_not_above_null,empirical observed-versus-null evidence after user-run artifact generation
A,cgc-star,rise,event_jitter,edge_density,9,180,0.9995189995189995,0.9996632996632997,-0.00014430014430022453,0.9060773480662984,observed_not_above_null,empirical observed-versus-null evidence after user-run artifact generation
A,cgc-star,rise,event_jitter,retained_edges,9,180,245.55555555555554,245.62222222222223,-0.0666666666666913,0.44751381215469616,observed_not_above_null,empirical observed-versus-null evidence after user-run artifact generation
A,cgc-star,rise,event_jitter,total_weight,9,180,46.473204500933335,54.91904829263766,-8.445843791704327,0.4143646408839779,observed_not_above_null,empirical observed-versus-null evidence after user-run artifact generation
A,cgc-star,rise,phase_permutation,w_ic,9,180,0.4814008598673143,0.6029343231713497,-0.12153346330403536,0.9558011049723757,observed_not_above_null,empirical observed-versus-null evidence after user-run artifact generation
A,cgc-star,rise,phase_permutation,w_rc,9,180,0.491534513214327,0.5097665364479169,-0.01823202323358991,0.7237569060773481,observed_not_above_null,empirical observed-versus-null evidence after user-run artifact generation
A,cgc-star,rise,phase_permutation,edge_density,9,180,0.9995189995189995,0.9998196248196248,-0.00030062530062535675,0.9392265193370166,observed_not_above_null,empirical observed-versus-null evidence after user-run artifact generation
A,cgc-star,rise,phase_permutation,retained_edges,9,180,245.55555555555554,245.69444444444446,-0.13888888888891415,0.44751381215469616,observed_not_above_null,empirical observed-versus-null evidence after user-run artifact generation
A,cgc-star,rise,phase_permutation,total_weight,9,180,46.473204500933335,34.13682451844715,12.336379982486186,0.13259668508287292,descriptive_observed_above_null,empirical observed-versus-null evidence after user-run artifact generation
A,cgc-star,rise,reverse_time,w_ic,9,9,0.4814008598673143,0.4814454795517823,-4.4619684468005794e-05,0.6,observed_not_above_null,empirical observed-versus-null evidence after user-run artifact generation
A,cgc-star,rise,reverse_time,w_rc,9,9,0.491534513214327,0.5084654867856728,-0.01693097357134582,0.7,observed_not_above_null,empirical observed-versus-null evidence after user-run artifact generation
A,cgc-star,rise,reverse_time,edge_density,9,9,0.9995189995189995,0.9995189995189995,0.0,0.9,observed_not_above_null,empirical observed-versus-null evidence after user-run artifact generation
A,cgc-star,rise,reverse_time,retained_edges,9,9,245.55555555555554,245.55555555555554,0.0,0.5,observed_not_above_null,empirical observed-versus-null evidence after user-run artifact generation
A,cgc-star,rise,reverse_time,total_weight,9,9,46.473204500933335,46.983480675889204,-0.5102761749558695,0.4,observed_not_above_null,empirical observed-versus-null evidence after user-run artifact generation
B,cgc,deconvolved,cross_recording,w_ic,9,9,0.8049385332493695,0.6095424183343213,0.19539611491504816,0.1,descriptive_observed_above_null,empirical observed-versus-null evidence after user-run artifact generation
B,cgc,deconvolved,cross_recording,w_rc,9,9,0.4963775448750785,0.5088418374237941,-0.012464292548715561,0.6,observed_not_above_null,empirical observed-versus-null evidence after user-run artifact generation
B,cgc,deconvolved,cross_recording,edge_density,9,9,1.0,1.0,0.0,1.0,observed_not_above_null,empirical observed-versus-null evidence after user-run artifact generation
B,cgc,deconvolved,cross_recording,retained_edges,9,9,171.77777777777777,171.77777777777777,0.0,0.4,observed_not_above_null,empirical observed-versus-null evidence after user-run artifact generation
B,cgc,deconvolved,cross_recording,total_weight,9,9,8.976350260350717,21.367919731719567,-12.39156947136885,0.6,observed_not_above_null,empirical observed-versus-null evidence after user-run artifact generation
B,cgc,deconvolved,cyclic_shift,w_ic,9,180,0.8049385332493695,0.514565403919498,0.29037312932987147,0.0055248618784530384,nominal_observed_above_null,empirical observed-versus-null evidence after user-run artifact generation
B,cgc,deconvolved,cyclic_shift,w_rc,9,180,0.4963775448750785,0.49793100986184824,-0.0015534649867697259,0.5303867403314917,observed_not_above_null,empirical observed-versus-null evidence after user-run artifact generation
B,cgc,deconvolved,cyclic_shift,edge_density,9,180,1.0,1.0,0.0,1.0,observed_not_above_null,empirical observed-versus-null evidence after user-run artifact generation
B,cgc,deconvolved,cyclic_shift,retained_edges,9,180,171.77777777777777,171.77777777777777,0.0,0.3370165745856354,observed_not_above_null,empirical observed-versus-null evidence after user-run artifact generation
B,cgc,deconvolved,cyclic_shift,total_weight,9,180,8.976350260350717,5.897487531852789,3.0788627284979277,0.12154696132596685,descriptive_observed_above_null,empirical observed-versus-null evidence after user-run artifact generation
B,cgc,deconvolved,reverse_time,w_ic,9,9,0.8049385332493695,0.8089614666817879,-0.004022933432418441,0.4,observed_not_above_null,empirical observed-versus-null evidence after user-run artifact generation
B,cgc,deconvolved,reverse_time,w_rc,9,9,0.4963775448750785,0.515429065327386,-0.019051520452307458,0.7,observed_not_above_null,empirical observed-versus-null evidence after user-run artifact generation
B,cgc,deconvolved,reverse_time,edge_density,9,9,1.0,1.0,0.0,1.0,observed_not_above_null,empirical observed-versus-null evidence after user-run artifact generation
B,cgc,deconvolved,reverse_time,retained_edges,9,9,171.77777777777777,171.77777777777777,0.0,0.4,observed_not_above_null,empirical observed-versus-null evidence after user-run artifact generation
B,cgc,deconvolved,reverse_time,total_weight,9,9,8.976350260350717,9.030048147204088,-0.053697886853370846,0.4,observed_not_above_null,empirical observed-versus-null evidence after user-run artifact generation
B,cgc,fall,cross_recording,w_ic,9,9,0.5614755929692148,0.5177315772943646,0.0437440156748502,0.3,descriptive_observed_above_null,empirical observed-versus-null evidence after user-run artifact generation
B,cgc,fall,cross_recording,w_rc,9,9,0.4933263731540256,0.4592930191251944,0.03403335402883123,0.5,descriptive_observed_above_null,empirical observed-versus-null evidence after user-run artifact generation
B,cgc,fall,cross_recording,edge_density,9,9,1.0,1.0,0.0,1.0,observed_not_above_null,empirical observed-versus-null evidence after user-run artifact generation
B,cgc,fall,cross_recording,retained_edges,9,9,171.77777777777777,171.77777777777777,0.0,0.4,observed_not_above_null,empirical observed-versus-null evidence after user-run artifact generation
B,cgc,fall,cross_recording,total_weight,9,9,10.030679084722092,6.97808726483505,3.0525918198870414,0.3,descriptive_observed_above_null,empirical observed-versus-null evidence after user-run artifact generation
B,cgc,fall,cyclic_shift,w_ic,9,180,0.5614755929692148,0.5107105684442151,0.05076502452499965,0.09392265193370165,descriptive_observed_above_null,empirical observed-versus-null evidence after user-run artifact generation
B,cgc,fall,cyclic_shift,w_rc,9,180,0.4933263731540256,0.48635293634562327,0.006973436808402345,0.47513812154696133,descriptive_observed_above_null,empirical observed-versus-null evidence after user-run artifact generation
B,cgc,fall,cyclic_shift,edge_density,9,180,1.0,1.0,0.0,1.0,observed_not_above_null,empirical observed-versus-null evidence after user-run artifact generation
B,cgc,fall,cyclic_shift,retained_edges,9,180,171.77777777777777,171.77777777777777,0.0,0.3370165745856354,observed_not_above_null,empirical observed-versus-null evidence after user-run artifact generation
B,cgc,fall,cyclic_shift,total_weight,9,180,10.030679084722092,7.684300529835564,2.3463785548865275,0.2265193370165746,descriptive_observed_above_null,empirical observed-versus-null evidence after user-run artifact generation
B,cgc,fall,event_jitter,w_ic,9,180,0.5614755929692148,0.5449845039214493,0.016491089047765528,0.430939226519337,descriptive_observed_above_null,empirical observed-versus-null evidence after user-run artifact generation
B,cgc,fall,event_jitter,w_rc,9,180,0.4933263731540256,0.5082791212199242,-0.014952748065898636,0.6132596685082873,observed_not_above_null,empirical observed-versus-null evidence after user-run artifact generation
B,cgc,fall,event_jitter,edge_density,9,180,1.0,1.0,0.0,1.0,observed_not_above_null,empirical observed-versus-null evidence after user-run artifact generation
B,cgc,fall,event_jitter,retained_edges,9,180,171.77777777777777,171.77777777777777,0.0,0.3370165745856354,observed_not_above_null,empirical observed-versus-null evidence after user-run artifact generation
B,cgc,fall,event_jitter,total_weight,9,180,10.030679084722092,14.025740085948081,-3.9950610012259897,0.7679558011049724,observed_not_above_null,empirical observed-versus-null evidence after user-run artifact generation
B,cgc,fall,phase_permutation,w_ic,9,180,0.5614755929692148,0.5689991343536137,-0.007523541384398924,0.6298342541436464,observed_not_above_null,empirical observed-versus-null evidence after user-run artifact generation
B,cgc,fall,phase_permutation,w_rc,9,180,0.4933263731540256,0.5098230273071683,-0.01649665415314272,0.6132596685082873,observed_not_above_null,empirical observed-versus-null evidence after user-run artifact generation
B,cgc,fall,phase_permutation,edge_density,9,180,1.0,0.9999122807017544,8.7719298245581e-05,0.9779005524861878,descriptive_observed_above_null,empirical observed-versus-null evidence after user-run artifact generation
B,cgc,fall,phase_permutation,retained_edges,9,180,171.77777777777777,171.74444444444444,0.03333333333333144,0.3370165745856354,descriptive_observed_above_null,empirical observed-versus-null evidence after user-run artifact generation
B,cgc,fall,phase_permutation,total_weight,9,180,10.030679084722092,19.72985896221602,-9.699179877493929,0.8232044198895028,observed_not_above_null,empirical observed-versus-null evidence after user-run artifact generation
B,cgc,fall,reverse_time,w_ic,9,9,0.5614755929692148,0.5762553604336458,-0.014779767464430993,0.7,observed_not_above_null,empirical observed-versus-null evidence after user-run artifact generation
B,cgc,fall,reverse_time,w_rc,9,9,0.4933263731540256,0.48164221462853174,0.01168415852549387,0.7,descriptive_observed_above_null,empirical observed-versus-null evidence after user-run artifact generation
B,cgc,fall,reverse_time,edge_density,9,9,1.0,1.0,0.0,1.0,observed_not_above_null,empirical observed-versus-null evidence after user-run artifact generation
B,cgc,fall,reverse_time,retained_edges,9,9,171.77777777777777,171.77777777777777,0.0,0.4,observed_not_above_null,empirical observed-versus-null evidence after user-run artifact generation
B,cgc,fall,reverse_time,total_weight,9,9,10.030679084722092,16.60897242433761,-6.5782933396155165,0.9,observed_not_above_null,empirical observed-versus-null evidence after user-run artifact generation
B,cgc,fall_residual,cross_recording,w_ic,9,9,0.5067239852903086,0.5057178469330849,0.0010061383572237403,0.7,descriptive_observed_above_null,empirical observed-versus-null evidence after user-run artifact generation
B,cgc,fall_residual,cross_recording,w_rc,9,9,0.48643979489323613,0.4651058071663432,0.021333987726892933,0.6,descriptive_observed_above_null,empirical observed-versus-null evidence after user-run artifact generation
B,cgc,fall_residual,cross_recording,edge_density,9,9,1.0,1.0,0.0,1.0,observed_not_above_null,empirical observed-versus-null evidence after user-run artifact generation
B,cgc,fall_residual,cross_recording,retained_edges,9,9,171.77777777777777,171.77777777777777,0.0,0.4,observed_not_above_null,empirical observed-versus-null evidence after user-run artifact generation
B,cgc,fall_residual,cross_recording,total_weight,9,9,10.044056983448499,6.560182393587353,3.483874589861146,0.1,descriptive_observed_above_null,empirical observed-versus-null evidence after user-run artifact generation
B,cgc,fall_residual,cyclic_shift,w_ic,9,180,0.5067239852903086,0.5077828885296616,-0.0010589032393529818,0.4861878453038674,observed_not_above_null,empirical observed-versus-null evidence after user-run artifact generation
B,cgc,fall_residual,cyclic_shift,w_rc,9,180,0.48643979489323613,0.5089011876262404,-0.022461392733004237,0.6685082872928176,observed_not_above_null,empirical observed-versus-null evidence after user-run artifact generation
B,cgc,fall_residual,cyclic_shift,edge_density,9,180,1.0,1.0,0.0,1.0,observed_not_above_null,empirical observed-versus-null evidence after user-run artifact generation
B,cgc,fall_residual,cyclic_shift,retained_edges,9,180,171.77777777777777,171.77777777777777,0.0,0.3370165745856354,observed_not_above_null,empirical observed-versus-null evidence after user-run artifact generation
B,cgc,fall_residual,cyclic_shift,total_weight,9,180,10.044056983448499,8.421294791194763,1.6227621922537363,0.2265193370165746,descriptive_observed_above_null,empirical observed-versus-null evidence after user-run artifact generation
B,cgc,fall_residual,event_jitter,w_ic,9,180,0.5067239852903086,0.48755834286444344,0.01916564242586516,0.281767955801105,descriptive_observed_above_null,empirical observed-versus-null evidence after user-run artifact generation
B,cgc,fall_residual,event_jitter,w_rc,9,180,0.48643979489323613,0.5026780788938694,-0.016238284000633263,0.6464088397790055,observed_not_above_null,empirical observed-versus-null evidence after user-run artifact generation
B,cgc,fall_residual,event_jitter,edge_density,9,180,1.0,1.0,0.0,1.0,observed_not_above_null,empirical observed-versus-null evidence after user-run artifact generation
B,cgc,fall_residual,event_jitter,retained_edges,9,180,171.77777777777777,171.77777777777777,0.0,0.3370165745856354,observed_not_above_null,empirical observed-versus-null evidence after user-run artifact generation
B,cgc,fall_residual,event_jitter,total_weight,9,180,10.044056983448499,15.022643646479805,-4.978586663031306,0.850828729281768,observed_not_above_null,empirical observed-versus-null evidence after user-run artifact generation
B,cgc,fall_residual,phase_permutation,w_ic,9,180,0.5067239852903086,0.5609932753315913,-0.05426929004128267,0.7569060773480663,observed_not_above_null,empirical observed-versus-null evidence after user-run artifact generation
B,cgc,fall_residual,phase_permutation,w_rc,9,180,0.48643979489323613,0.5022402316152915,-0.01580043672205539,0.6077348066298343,observed_not_above_null,empirical observed-versus-null evidence after user-run artifact generation
B,cgc,fall_residual,phase_permutation,edge_density,9,180,1.0,0.9998684210526316,0.0001315789473683715,0.9558011049723757,descriptive_observed_above_null,empirical observed-versus-null evidence after user-run artifact generation
B,cgc,fall_residual,phase_permutation,retained_edges,9,180,171.77777777777777,171.7277777777778,0.04999999999998295,0.3370165745856354,descriptive_observed_above_null,empirical observed-versus-null evidence after user-run artifact generation
B,cgc,fall_residual,phase_permutation,total_weight,9,180,10.044056983448499,20.755837068319902,-10.711780084871403,0.8839779005524862,observed_not_above_null,empirical observed-versus-null evidence after user-run artifact generation
B,cgc,fall_residual,reverse_time,w_ic,9,9,0.5067239852903086,0.552131622399124,-0.045407637108815346,0.9,observed_not_above_null,empirical observed-versus-null evidence after user-run artifact generation
B,cgc,fall_residual,reverse_time,w_rc,9,9,0.48643979489323613,0.4904585616703373,-0.004018766777101168,0.5,observed_not_above_null,empirical observed-versus-null evidence after user-run artifact generation
B,cgc,fall_residual,reverse_time,edge_density,9,9,1.0,1.0,0.0,1.0,observed_not_above_null,empirical observed-versus-null evidence after user-run artifact generation
B,cgc,fall_residual,reverse_time,retained_edges,9,9,171.77777777777777,171.77777777777777,0.0,0.4,observed_not_above_null,empirical observed-versus-null evidence after user-run artifact generation
B,cgc,fall_residual,reverse_time,total_weight,9,9,10.044056983448499,18.078759169988498,-8.034702186539999,0.9,observed_not_above_null,empirical observed-versus-null evidence after user-run artifact generation
B,cgc,full,cross_recording,w_ic,9,9,0.6270341239040061,0.5441971279523338,0.08283699595167238,0.3,descriptive_observed_above_null,empirical observed-versus-null evidence after user-run artifact generation
B,cgc,full,cross_recording,w_rc,9,9,0.49353608242897745,0.48799999284325934,0.005536089585718107,0.6,descriptive_observed_above_null,empirical observed-versus-null evidence after user-run artifact generation
B,cgc,full,cross_recording,edge_density,9,9,1.0,1.0,0.0,1.0,observed_not_above_null,empirical observed-versus-null evidence after user-run artifact generation
B,cgc,full,cross_recording,retained_edges,9,9,171.77777777777777,171.77777777777777,0.0,0.4,observed_not_above_null,empirical observed-versus-null evidence after user-run artifact generation
B,cgc,full,cross_recording,total_weight,9,9,9.54212052130315,23.971459973254973,-14.429339451951822,0.4,observed_not_above_null,empirical observed-versus-null evidence after user-run artifact generation
B,cgc,full,cyclic_shift,w_ic,9,180,0.6270341239040061,0.5123721413374136,0.11466198256659255,0.03867403314917127,nominal_observed_above_null,empirical observed-versus-null evidence after user-run artifact generation
B,cgc,full,cyclic_shift,w_rc,9,180,0.49353608242897745,0.4954678929585796,-0.0019318105296021737,0.569060773480663,observed_not_above_null,empirical observed-versus-null evidence after user-run artifact generation
B,cgc,full,cyclic_shift,edge_density,9,180,1.0,1.0,0.0,1.0,observed_not_above_null,empirical observed-versus-null evidence after user-run artifact generation
B,cgc,full,cyclic_shift,retained_edges,9,180,171.77777777777777,171.77777777777777,0.0,0.3370165745856354,observed_not_above_null,empirical observed-versus-null evidence after user-run artifact generation
B,cgc,full,cyclic_shift,total_weight,9,180,9.54212052130315,8.609285644763055,0.9328348765400953,0.2265193370165746,descriptive_observed_above_null,empirical observed-versus-null evidence after user-run artifact generation
B,cgc,full,reverse_time,w_ic,9,9,0.6270341239040061,0.6369971017119329,-0.009962977807926765,0.6,observed_not_above_null,empirical observed-versus-null evidence after user-run artifact generation
B,cgc,full,reverse_time,w_rc,9,9,0.49353608242897745,0.5155748356611558,-0.022038753232178354,0.7,observed_not_above_null,empirical observed-versus-null evidence after user-run artifact generation
B,cgc,full,reverse_time,edge_density,9,9,1.0,1.0,0.0,1.0,observed_not_above_null,empirical observed-versus-null evidence after user-run artifact generation
B,cgc,full,reverse_time,retained_edges,9,9,171.77777777777777,171.77777777777777,0.0,0.4,observed_not_above_null,empirical observed-versus-null evidence after user-run artifact generation
B,cgc,full,reverse_time,total_weight,9,9,9.54212052130315,9.51053960830634,0.03158091299681054,0.3,descriptive_observed_above_null,empirical observed-versus-null evidence after user-run artifact generation
B,cgc,rise,cross_recording,w_ic,9,9,0.49029248370291373,0.5391438920721193,-0.048851408369205596,1.0,observed_not_above_null,empirical observed-versus-null evidence after user-run artifact generation
B,cgc,rise,cross_recording,w_rc,9,9,0.5440007239709924,0.4791306712711659,0.06487005269982654,0.4,descriptive_observed_above_null,empirical observed-versus-null evidence after user-run artifact generation
B,cgc,rise,cross_recording,edge_density,9,9,0.9994152046783626,1.0,-0.0005847953216373547,1.0,observed_not_above_null,empirical observed-versus-null evidence after user-run artifact generation
B,cgc,rise,cross_recording,retained_edges,9,9,171.55555555555554,171.77777777777777,-0.22222222222222854,0.4,observed_not_above_null,empirical observed-versus-null evidence after user-run artifact generation
B,cgc,rise,cross_recording,total_weight,9,9,31.28013464405126,17.652017111804874,13.628117532246385,0.1,descriptive_observed_above_null,empirical observed-versus-null evidence after user-run artifact generation
B,cgc,rise,cyclic_shift,w_ic,9,180,0.49029248370291373,0.5062959530301863,-0.016003469327272535,0.6629834254143646,observed_not_above_null,empirical observed-versus-null evidence after user-run artifact generation
B,cgc,rise,cyclic_shift,w_rc,9,180,0.5440007239709924,0.5028709120037571,0.04112981196723531,0.15469613259668508,descriptive_observed_above_null,empirical observed-versus-null evidence after user-run artifact generation
B,cgc,rise,cyclic_shift,edge_density,9,180,0.9994152046783626,1.0,-0.0005847953216373547,1.0,observed_not_above_null,empirical observed-versus-null evidence after user-run artifact generation
B,cgc,rise,cyclic_shift,retained_edges,9,180,171.55555555555554,171.77777777777777,-0.22222222222222854,0.3370165745856354,observed_not_above_null,empirical observed-versus-null evidence after user-run artifact generation
B,cgc,rise,cyclic_shift,total_weight,9,180,31.28013464405126,19.43440660897021,11.845728035081049,0.11602209944751381,descriptive_observed_above_null,empirical observed-versus-null evidence after user-run artifact generation
B,cgc,rise,event_jitter,w_ic,9,180,0.49029248370291373,0.4773336328399036,0.01295885086301013,0.43646408839779005,descriptive_observed_above_null,empirical observed-versus-null evidence after user-run artifact generation
B,cgc,rise,event_jitter,w_rc,9,180,0.5440007239709924,0.523268693142992,0.02073203082800046,0.35911602209944754,descriptive_observed_above_null,empirical observed-versus-null evidence after user-run artifact generation
B,cgc,rise,event_jitter,edge_density,9,180,0.9994152046783626,0.9995760233918128,-0.00016081871345019483,0.9226519337016574,observed_not_above_null,empirical observed-versus-null evidence after user-run artifact generation
B,cgc,rise,event_jitter,retained_edges,9,180,171.55555555555554,171.61666666666667,-0.06111111111113132,0.3370165745856354,observed_not_above_null,empirical observed-versus-null evidence after user-run artifact generation
B,cgc,rise,event_jitter,total_weight,9,180,31.28013464405126,35.986087243599194,-4.705952599547935,0.34806629834254144,observed_not_above_null,empirical observed-versus-null evidence after user-run artifact generation
B,cgc,rise,phase_permutation,w_ic,9,180,0.49029248370291373,0.563870081963229,-0.07357759826031524,0.8397790055248618,observed_not_above_null,empirical observed-versus-null evidence after user-run artifact generation
B,cgc,rise,phase_permutation,w_rc,9,180,0.5440007239709924,0.5206443782241332,0.023356345746859186,0.3812154696132597,descriptive_observed_above_null,empirical observed-versus-null evidence after user-run artifact generation
B,cgc,rise,phase_permutation,edge_density,9,180,0.9994152046783626,0.9998099415204678,-0.0003947368421051145,0.9392265193370166,observed_not_above_null,empirical observed-versus-null evidence after user-run artifact generation
B,cgc,rise,phase_permutation,retained_edges,9,180,171.55555555555554,171.70555555555555,-0.15000000000000568,0.3370165745856354,observed_not_above_null,empirical observed-versus-null evidence after user-run artifact generation
B,cgc,rise,phase_permutation,total_weight,9,180,31.28013464405126,19.66582674948534,11.614307894565918,0.13259668508287292,descriptive_observed_above_null,empirical observed-versus-null evidence after user-run artifact generation
B,cgc,rise,reverse_time,w_ic,9,9,0.49029248370291373,0.5077596127603715,-0.017467129057457786,0.6,observed_not_above_null,empirical observed-versus-null evidence after user-run artifact generation
B,cgc,rise,reverse_time,w_rc,9,9,0.5440007239709924,0.5178167555195968,0.02618396845139559,0.4,descriptive_observed_above_null,empirical observed-versus-null evidence after user-run artifact generation
B,cgc,rise,reverse_time,edge_density,9,9,0.9994152046783626,0.9994152046783626,0.0,0.9,observed_not_above_null,empirical observed-versus-null evidence after user-run artifact generation
B,cgc,rise,reverse_time,retained_edges,9,9,171.55555555555554,171.55555555555554,0.0,0.4,observed_not_above_null,empirical observed-versus-null evidence after user-run artifact generation
B,cgc,rise,reverse_time,total_weight,9,9,31.28013464405126,36.14350825921839,-4.863373615167134,0.5,observed_not_above_null,empirical observed-versus-null evidence after user-run artifact generation
B,cgc-star,deconvolved,cross_recording,w_ic,9,9,0.8102645657045682,0.5714735036729827,0.2387910620315855,0.1,descriptive_observed_above_null,empirical observed-versus-null evidence after user-run artifact generation
B,cgc-star,deconvolved,cross_recording,w_rc,9,9,0.4842970941554802,0.4818845413363144,0.002412552819165803,0.5,descriptive_observed_above_null,empirical observed-versus-null evidence after user-run artifact generation
B,cgc-star,deconvolved,cross_recording,edge_density,9,9,1.0,1.0,0.0,1.0,observed_not_above_null,empirical observed-versus-null evidence after user-run artifact generation
B,cgc-star,deconvolved,cross_recording,retained_edges,9,9,171.77777777777777,171.77777777777777,0.0,0.4,observed_not_above_null,empirical observed-versus-null evidence after user-run artifact generation
B,cgc-star,deconvolved,cross_recording,total_weight,9,9,10.444085599749727,22.68729405387817,-12.243208454128442,0.6,observed_not_above_null,empirical observed-versus-null evidence after user-run artifact generation
B,cgc-star,deconvolved,cyclic_shift,w_ic,9,180,0.8102645657045682,0.5027353327469153,0.3075292329576529,0.0055248618784530384,nominal_observed_above_null,empirical observed-versus-null evidence after user-run artifact generation
B,cgc-star,deconvolved,cyclic_shift,w_rc,9,180,0.4842970941554802,0.5042742764832392,-0.01997718232775897,0.6629834254143646,observed_not_above_null,empirical observed-versus-null evidence after user-run artifact generation
B,cgc-star,deconvolved,cyclic_shift,edge_density,9,180,1.0,1.0,0.0,1.0,observed_not_above_null,empirical observed-versus-null evidence after user-run artifact generation
B,cgc-star,deconvolved,cyclic_shift,retained_edges,9,180,171.77777777777777,171.77777777777777,0.0,0.3370165745856354,observed_not_above_null,empirical observed-versus-null evidence after user-run artifact generation
B,cgc-star,deconvolved,cyclic_shift,total_weight,9,180,10.444085599749727,5.364954823666381,5.079130776083345,0.11602209944751381,descriptive_observed_above_null,empirical observed-versus-null evidence after user-run artifact generation
B,cgc-star,deconvolved,reverse_time,w_ic,9,9,0.8102645657045682,0.8102645657045682,0.0,0.4,observed_not_above_null,empirical observed-versus-null evidence after user-run artifact generation
B,cgc-star,deconvolved,reverse_time,w_rc,9,9,0.4842970941554802,0.5157029058445198,-0.03140581168903961,0.9,observed_not_above_null,empirical observed-versus-null evidence after user-run artifact generation
B,cgc-star,deconvolved,reverse_time,edge_density,9,9,1.0,1.0,0.0,1.0,observed_not_above_null,empirical observed-versus-null evidence after user-run artifact generation
B,cgc-star,deconvolved,reverse_time,retained_edges,9,9,171.77777777777777,171.77777777777777,0.0,0.4,observed_not_above_null,empirical observed-versus-null evidence after user-run artifact generation
B,cgc-star,deconvolved,reverse_time,total_weight,9,9,10.444085599749727,10.444085599749727,0.0,0.4,observed_not_above_null,empirical observed-versus-null evidence after user-run artifact generation
B,cgc-star,fall,cross_recording,w_ic,9,9,0.6452166476535657,0.5071525143584404,0.13806413329512524,0.1,descriptive_observed_above_null,empirical observed-versus-null evidence after user-run artifact generation
B,cgc-star,fall,cross_recording,w_rc,9,9,0.5062204868572235,0.5085516109262125,-0.0023311240689889434,0.4,observed_not_above_null,empirical observed-versus-null evidence after user-run artifact generation
B,cgc-star,fall,cross_recording,edge_density,9,9,1.0,1.0,0.0,1.0,observed_not_above_null,empirical observed-versus-null evidence after user-run artifact generation
B,cgc-star,fall,cross_recording,retained_edges,9,9,171.77777777777777,171.77777777777777,0.0,0.4,observed_not_above_null,empirical observed-versus-null evidence after user-run artifact generation
B,cgc-star,fall,cross_recording,total_weight,9,9,20.093057188817873,33.845912645660164,-13.75285545684229,0.5,observed_not_above_null,empirical observed-versus-null evidence after user-run artifact generation
B,cgc-star,fall,cyclic_shift,w_ic,9,180,0.6452166476535657,0.5052963706713343,0.13992027698223142,0.016574585635359115,nominal_observed_above_null,empirical observed-versus-null evidence after user-run artifact generation
B,cgc-star,fall,cyclic_shift,w_rc,9,180,0.5062204868572235,0.503386022005344,0.002834464851879548,0.5193370165745856,descriptive_observed_above_null,empirical observed-versus-null evidence after user-run artifact generation
B,cgc-star,fall,cyclic_shift,edge_density,9,180,1.0,1.0,0.0,1.0,observed_not_above_null,empirical observed-versus-null evidence after user-run artifact generation
B,cgc-star,fall,cyclic_shift,retained_edges,9,180,171.77777777777777,171.77777777777777,0.0,0.3370165745856354,observed_not_above_null,empirical observed-versus-null evidence after user-run artifact generation
B,cgc-star,fall,cyclic_shift,total_weight,9,180,20.093057188817873,7.733591023254265,12.359466165563608,0.0055248618784530384,nominal_observed_above_null,empirical observed-versus-null evidence after user-run artifact generation
B,cgc-star,fall,event_jitter,w_ic,9,180,0.6452166476535657,0.6550691563925173,-0.009852508738951604,0.5303867403314917,observed_not_above_null,empirical observed-versus-null evidence after user-run artifact generation
B,cgc-star,fall,event_jitter,w_rc,9,180,0.5062204868572235,0.5015109058865911,0.004709580970632454,0.36464088397790057,descriptive_observed_above_null,empirical observed-versus-null evidence after user-run artifact generation
B,cgc-star,fall,event_jitter,edge_density,9,180,1.0,1.0,0.0,1.0,observed_not_above_null,empirical observed-versus-null evidence after user-run artifact generation
B,cgc-star,fall,event_jitter,retained_edges,9,180,171.77777777777777,171.77777777777777,0.0,0.3370165745856354,observed_not_above_null,empirical observed-versus-null evidence after user-run artifact generation
B,cgc-star,fall,event_jitter,total_weight,9,180,20.093057188817873,22.29651946759151,-2.2034622787736353,0.44751381215469616,observed_not_above_null,empirical observed-versus-null evidence after user-run artifact generation
B,cgc-star,fall,phase_permutation,w_ic,9,180,0.6452166476535657,0.6274435176730873,0.01777312998047842,0.4088397790055249,descriptive_observed_above_null,empirical observed-versus-null evidence after user-run artifact generation
B,cgc-star,fall,phase_permutation,w_rc,9,180,0.5062204868572235,0.5160747824531386,-0.009854295595915108,0.574585635359116,observed_not_above_null,empirical observed-versus-null evidence after user-run artifact generation
B,cgc-star,fall,phase_permutation,edge_density,9,180,1.0,0.9997953216374269,0.00020467836257309635,0.9502762430939227,descriptive_observed_above_null,empirical observed-versus-null evidence after user-run artifact generation
B,cgc-star,fall,phase_permutation,retained_edges,9,180,171.77777777777777,171.7,0.07777777777778283,0.3370165745856354,descriptive_observed_above_null,empirical observed-versus-null evidence after user-run artifact generation
B,cgc-star,fall,phase_permutation,total_weight,9,180,20.093057188817873,27.381924341440975,-7.2888671526231015,0.5303867403314917,observed_not_above_null,empirical observed-versus-null evidence after user-run artifact generation
B,cgc-star,fall,reverse_time,w_ic,9,9,0.6452166476535657,0.6452166476535657,0.0,0.5,observed_not_above_null,empirical observed-versus-null evidence after user-run artifact generation
B,cgc-star,fall,reverse_time,w_rc,9,9,0.5062204868572235,0.49377951314277635,0.01244097371444719,0.3,descriptive_observed_above_null,empirical observed-versus-null evidence after user-run artifact generation
B,cgc-star,fall,reverse_time,edge_density,9,9,1.0,1.0,0.0,1.0,observed_not_above_null,empirical observed-versus-null evidence after user-run artifact generation
B,cgc-star,fall,reverse_time,retained_edges,9,9,171.77777777777777,171.77777777777777,0.0,0.4,observed_not_above_null,empirical observed-versus-null evidence after user-run artifact generation
B,cgc-star,fall,reverse_time,total_weight,9,9,20.093057188817873,20.093057188817877,-3.552713678800501e-15,0.4,observed_not_above_null,empirical observed-versus-null evidence after user-run artifact generation
B,cgc-star,fall_residual,cross_recording,w_ic,9,9,0.6182589534908767,0.49813997524070724,0.12011897825016943,0.1,descriptive_observed_above_null,empirical observed-versus-null evidence after user-run artifact generation
B,cgc-star,fall_residual,cross_recording,w_rc,9,9,0.5004655244168671,0.4860423780332155,0.014423146383651608,0.5,descriptive_observed_above_null,empirical observed-versus-null evidence after user-run artifact generation
B,cgc-star,fall_residual,cross_recording,edge_density,9,9,1.0,1.0,0.0,1.0,observed_not_above_null,empirical observed-versus-null evidence after user-run artifact generation
B,cgc-star,fall_residual,cross_recording,retained_edges,9,9,171.77777777777777,171.77777777777777,0.0,0.4,observed_not_above_null,empirical observed-versus-null evidence after user-run artifact generation
B,cgc-star,fall_residual,cross_recording,total_weight,9,9,20.142914583979852,31.7336990360761,-11.590784452096248,0.5,observed_not_above_null,empirical observed-versus-null evidence after user-run artifact generation
B,cgc-star,fall_residual,cyclic_shift,w_ic,9,180,0.6182589534908767,0.5076131682722769,0.1106457852185998,0.016574585635359115,nominal_observed_above_null,empirical observed-versus-null evidence after user-run artifact generation
B,cgc-star,fall_residual,cyclic_shift,w_rc,9,180,0.5004655244168671,0.49837260594849575,0.002092918468371341,0.5138121546961326,descriptive_observed_above_null,empirical observed-versus-null evidence after user-run artifact generation
B,cgc-star,fall_residual,cyclic_shift,edge_density,9,180,1.0,1.0,0.0,1.0,observed_not_above_null,empirical observed-versus-null evidence after user-run artifact generation
B,cgc-star,fall_residual,cyclic_shift,retained_edges,9,180,171.77777777777777,171.77777777777777,0.0,0.3370165745856354,observed_not_above_null,empirical observed-versus-null evidence after user-run artifact generation
B,cgc-star,fall_residual,cyclic_shift,total_weight,9,180,20.142914583979852,8.203582852196604,11.939331731783248,0.0055248618784530384,nominal_observed_above_null,empirical observed-versus-null evidence after user-run artifact generation
B,cgc-star,fall_residual,event_jitter,w_ic,9,180,0.6182589534908767,0.6292537109794454,-0.010994757488568707,0.5911602209944752,observed_not_above_null,empirical observed-versus-null evidence after user-run artifact generation
B,cgc-star,fall_residual,event_jitter,w_rc,9,180,0.5004655244168671,0.5041766538419689,-0.003711129425101767,0.574585635359116,observed_not_above_null,empirical observed-versus-null evidence after user-run artifact generation
B,cgc-star,fall_residual,event_jitter,edge_density,9,180,1.0,1.0,0.0,1.0,observed_not_above_null,empirical observed-versus-null evidence after user-run artifact generation
B,cgc-star,fall_residual,event_jitter,retained_edges,9,180,171.77777777777777,171.77777777777777,0.0,0.3370165745856354,observed_not_above_null,empirical observed-versus-null evidence after user-run artifact generation
B,cgc-star,fall_residual,event_jitter,total_weight,9,180,20.142914583979852,23.24011271886713,-3.097198134887279,0.4585635359116022,observed_not_above_null,empirical observed-versus-null evidence after user-run artifact generation
B,cgc-star,fall_residual,phase_permutation,w_ic,9,180,0.6182589534908767,0.6279391516766359,-0.00968019818575927,0.6077348066298343,observed_not_above_null,empirical observed-versus-null evidence after user-run artifact generation
B,cgc-star,fall_residual,phase_permutation,w_rc,9,180,0.5004655244168671,0.5018706606216469,-0.0014051362047797777,0.5580110497237569,observed_not_above_null,empirical observed-versus-null evidence after user-run artifact generation
B,cgc-star,fall_residual,phase_permutation,edge_density,9,180,1.0,0.9998391812865497,0.00016081871345030585,0.9558011049723757,descriptive_observed_above_null,empirical observed-versus-null evidence after user-run artifact generation
B,cgc-star,fall_residual,phase_permutation,retained_edges,9,180,171.77777777777777,171.71666666666667,0.0611111111111029,0.3370165745856354,descriptive_observed_above_null,empirical observed-versus-null evidence after user-run artifact generation
B,cgc-star,fall_residual,phase_permutation,total_weight,9,180,20.142914583979852,28.025162170980906,-7.8822475870010535,0.5303867403314917,observed_not_above_null,empirical observed-versus-null evidence after user-run artifact generation
B,cgc-star,fall_residual,reverse_time,w_ic,9,9,0.6182589534908767,0.6182589534908768,-1.1102230246251565e-16,0.6,observed_not_above_null,empirical observed-versus-null evidence after user-run artifact generation
B,cgc-star,fall_residual,reverse_time,w_rc,9,9,0.5004655244168671,0.49953447558313296,0.0009310488337341272,0.4,descriptive_observed_above_null,empirical observed-versus-null evidence after user-run artifact generation
B,cgc-star,fall_residual,reverse_time,edge_density,9,9,1.0,1.0,0.0,1.0,observed_not_above_null,empirical observed-versus-null evidence after user-run artifact generation
B,cgc-star,fall_residual,reverse_time,retained_edges,9,9,171.77777777777777,171.77777777777777,0.0,0.4,observed_not_above_null,empirical observed-versus-null evidence after user-run artifact generation
B,cgc-star,fall_residual,reverse_time,total_weight,9,9,20.142914583979852,20.142914583979852,0.0,0.4,observed_not_above_null,empirical observed-versus-null evidence after user-run artifact generation
B,cgc-star,full,cross_recording,w_ic,9,9,0.7314663381600703,0.5461180990950649,0.18534823906500542,0.1,descriptive_observed_above_null,empirical observed-versus-null evidence after user-run artifact generation
B,cgc-star,full,cross_recording,w_rc,9,9,0.4988770138534421,0.4818448235589287,0.01703219029451336,0.5,descriptive_observed_above_null,empirical observed-versus-null evidence after user-run artifact generation
B,cgc-star,full,cross_recording,edge_density,9,9,1.0,1.0,0.0,1.0,observed_not_above_null,empirical observed-versus-null evidence after user-run artifact generation
B,cgc-star,full,cross_recording,retained_edges,9,9,171.77777777777777,171.77777777777777,0.0,0.4,observed_not_above_null,empirical observed-versus-null evidence after user-run artifact generation
B,cgc-star,full,cross_recording,total_weight,9,9,21.904652234692872,33.65957703838113,-11.754924803688258,0.4,observed_not_above_null,empirical observed-versus-null evidence after user-run artifact generation
B,cgc-star,full,cyclic_shift,w_ic,9,180,0.7314663381600703,0.5111939465130578,0.2202723916470125,0.011049723756906077,nominal_observed_above_null,empirical observed-versus-null evidence after user-run artifact generation
B,cgc-star,full,cyclic_shift,w_rc,9,180,0.4988770138534421,0.5008050356268813,-0.0019280217734392036,0.4861878453038674,observed_not_above_null,empirical observed-versus-null evidence after user-run artifact generation
B,cgc-star,full,cyclic_shift,edge_density,9,180,1.0,1.0,0.0,1.0,observed_not_above_null,empirical observed-versus-null evidence after user-run artifact generation
B,cgc-star,full,cyclic_shift,retained_edges,9,180,171.77777777777777,171.77777777777777,0.0,0.3370165745856354,observed_not_above_null,empirical observed-versus-null evidence after user-run artifact generation
B,cgc-star,full,cyclic_shift,total_weight,9,180,21.904652234692872,7.944973457520575,13.959678777172297,0.0055248618784530384,nominal_observed_above_null,empirical observed-versus-null evidence after user-run artifact generation
B,cgc-star,full,reverse_time,w_ic,9,9,0.7314663381600703,0.7314663381600703,0.0,0.5,observed_not_above_null,empirical observed-versus-null evidence after user-run artifact generation
B,cgc-star,full,reverse_time,w_rc,9,9,0.4988770138534421,0.5011229861465579,-0.00224597229311585,0.7,observed_not_above_null,empirical observed-versus-null evidence after user-run artifact generation
B,cgc-star,full,reverse_time,edge_density,9,9,1.0,1.0,0.0,1.0,observed_not_above_null,empirical observed-versus-null evidence after user-run artifact generation
B,cgc-star,full,reverse_time,retained_edges,9,9,171.77777777777777,171.77777777777777,0.0,0.4,observed_not_above_null,empirical observed-versus-null evidence after user-run artifact generation
B,cgc-star,full,reverse_time,total_weight,9,9,21.904652234692872,21.90465223469287,3.552713678800501e-15,0.5,descriptive_observed_above_null,empirical observed-versus-null evidence after user-run artifact generation
B,cgc-star,rise,cross_recording,w_ic,9,9,0.49249161818391535,0.5250552726554782,-0.0325636544715629,0.8,observed_not_above_null,empirical observed-versus-null evidence after user-run artifact generation
B,cgc-star,rise,cross_recording,w_rc,9,9,0.48819867791469956,0.4986029648317803,-0.01040428691708073,0.6,observed_not_above_null,empirical observed-versus-null evidence after user-run artifact generation
B,cgc-star,rise,cross_recording,edge_density,9,9,0.9994152046783626,1.0,-0.0005847953216373547,1.0,observed_not_above_null,empirical observed-versus-null evidence after user-run artifact generation
B,cgc-star,rise,cross_recording,retained_edges,9,9,171.55555555555554,171.77777777777777,-0.22222222222222854,0.4,observed_not_above_null,empirical observed-versus-null evidence after user-run artifact generation
B,cgc-star,rise,cross_recording,total_weight,9,9,39.04020501618788,40.242300189403785,-1.202095173215902,0.4,observed_not_above_null,empirical observed-versus-null evidence after user-run artifact generation
B,cgc-star,rise,cyclic_shift,w_ic,9,180,0.49249161818391535,0.5073923665186311,-0.014900748334715719,0.6408839779005525,observed_not_above_null,empirical observed-versus-null evidence after user-run artifact generation
B,cgc-star,rise,cyclic_shift,w_rc,9,180,0.48819867791469956,0.5058705189840218,-0.017671841069322236,0.6685082872928176,observed_not_above_null,empirical observed-versus-null evidence after user-run artifact generation
B,cgc-star,rise,cyclic_shift,edge_density,9,180,0.9994152046783626,1.0,-0.0005847953216373547,1.0,observed_not_above_null,empirical observed-versus-null evidence after user-run artifact generation
B,cgc-star,rise,cyclic_shift,retained_edges,9,180,171.55555555555554,171.77777777777777,-0.22222222222222854,0.3370165745856354,observed_not_above_null,empirical observed-versus-null evidence after user-run artifact generation
B,cgc-star,rise,cyclic_shift,total_weight,9,180,39.04020501618788,20.75678484025215,18.283420175935735,0.11602209944751381,descriptive_observed_above_null,empirical observed-versus-null evidence after user-run artifact generation
B,cgc-star,rise,event_jitter,w_ic,9,180,0.49249161818391535,0.46959686012527585,0.022894758058639497,0.4585635359116022,descriptive_observed_above_null,empirical observed-versus-null evidence after user-run artifact generation
B,cgc-star,rise,event_jitter,w_rc,9,180,0.48819867791469956,0.4973674160508081,-0.009168738136108523,0.6574585635359116,observed_not_above_null,empirical observed-versus-null evidence after user-run artifact generation
B,cgc-star,rise,event_jitter,edge_density,9,180,0.9994152046783626,0.999561403508772,-0.00014619883040933868,0.9171270718232044,observed_not_above_null,empirical observed-versus-null evidence after user-run artifact generation
B,cgc-star,rise,event_jitter,retained_edges,9,180,171.55555555555554,171.61111111111111,-0.055555555555571345,0.3370165745856354,observed_not_above_null,empirical observed-versus-null evidence after user-run artifact generation
B,cgc-star,rise,event_jitter,total_weight,9,180,39.04020501618788,44.76959778493785,-5.7293927687499675,0.3370165745856354,observed_not_above_null,empirical observed-versus-null evidence after user-run artifact generation
B,cgc-star,rise,phase_permutation,w_ic,9,180,0.49249161818391535,0.6235601238422013,-0.13106850565828593,0.9668508287292817,observed_not_above_null,empirical observed-versus-null evidence after user-run artifact generation
B,cgc-star,rise,phase_permutation,w_rc,9,180,0.48819867791469956,0.5104533295755302,-0.022254651660830682,0.7403314917127072,observed_not_above_null,empirical observed-versus-null evidence after user-run artifact generation
B,cgc-star,rise,phase_permutation,edge_density,9,180,0.9994152046783626,0.9999122807017544,-0.0004970760233917737,0.9779005524861878,observed_not_above_null,empirical observed-versus-null evidence after user-run artifact generation
B,cgc-star,rise,phase_permutation,retained_edges,9,180,171.55555555555554,171.74444444444444,-0.1888888888888971,0.3370165745856354,observed_not_above_null,empirical observed-versus-null evidence after user-run artifact generation
B,cgc-star,rise,phase_permutation,total_weight,9,180,39.04020501618788,27.65080257802838,11.389402438159504,0.1270718232044199,descriptive_observed_above_null,empirical observed-versus-null evidence after user-run artifact generation
B,cgc-star,rise,reverse_time,w_ic,9,9,0.49249161818391535,0.49841725389027375,-0.005925635706358401,0.7,observed_not_above_null,empirical observed-versus-null evidence after user-run artifact generation
B,cgc-star,rise,reverse_time,w_rc,9,9,0.48819867791469956,0.5118013220853004,-0.023602644170600817,0.9,observed_not_above_null,empirical observed-versus-null evidence after user-run artifact generation
B,cgc-star,rise,reverse_time,edge_density,9,9,0.9994152046783626,0.9994152046783626,0.0,0.9,observed_not_above_null,empirical observed-versus-null evidence after user-run artifact generation
B,cgc-star,rise,reverse_time,retained_edges,9,9,171.55555555555554,171.55555555555554,0.0,0.4,observed_not_above_null,empirical observed-versus-null evidence after user-run artifact generation
B,cgc-star,rise,reverse_time,total_weight,9,9,39.04020501618788,38.35087299171718,0.6893320244707013,0.3,descriptive_observed_above_null,empirical observed-versus-null evidence after user-run artifact generation
C,cgc,deconvolved,cross_recording,w_ic,9,9,0.813400542192848,0.6212373305941287,0.1921632115987193,0.2,descriptive_observed_above_null,empirical observed-versus-null evidence after user-run artifact generation
C,cgc,deconvolved,cross_recording,w_rc,9,9,0.49085412248086324,0.4907385697793958,0.00011555270146745844,0.6,descriptive_observed_above_null,empirical observed-versus-null evidence after user-run artifact generation
C,cgc,deconvolved,cross_recording,edge_density,9,9,1.0,1.0,0.0,1.0,observed_not_above_null,empirical observed-versus-null evidence after user-run artifact generation
C,cgc,deconvolved,cross_recording,retained_edges,9,9,171.77777777777777,171.77777777777777,0.0,0.4,observed_not_above_null,empirical observed-versus-null evidence after user-run artifact generation
C,cgc,deconvolved,cross_recording,total_weight,9,9,8.75734719498557,21.21749128338259,-12.46014408839702,0.6,observed_not_above_null,empirical observed-versus-null evidence after user-run artifact generation
C,cgc,deconvolved,cyclic_shift,w_ic,9,180,0.813400542192848,0.516592737015336,0.29680780517751193,0.0055248618784530384,nominal_observed_above_null,empirical observed-versus-null evidence after user-run artifact generation
C,cgc,deconvolved,cyclic_shift,w_rc,9,180,0.49085412248086324,0.5022315815030589,-0.011377459022195668,0.6187845303867403,observed_not_above_null,empirical observed-versus-null evidence after user-run artifact generation
C,cgc,deconvolved,cyclic_shift,edge_density,9,180,1.0,1.0,0.0,1.0,observed_not_above_null,empirical observed-versus-null evidence after user-run artifact generation
C,cgc,deconvolved,cyclic_shift,retained_edges,9,180,171.77777777777777,171.77777777777777,0.0,0.3370165745856354,observed_not_above_null,empirical observed-versus-null evidence after user-run artifact generation
C,cgc,deconvolved,cyclic_shift,total_weight,9,180,8.75734719498557,6.064436334991926,2.6929108599936438,0.15469613259668508,descriptive_observed_above_null,empirical observed-versus-null evidence after user-run artifact generation
C,cgc,deconvolved,reverse_time,w_ic,9,9,0.813400542192848,0.8178889304724379,-0.004488388279589972,0.4,observed_not_above_null,empirical observed-versus-null evidence after user-run artifact generation
C,cgc,deconvolved,reverse_time,w_rc,9,9,0.49085412248086324,0.5163460469740893,-0.025491924493226015,0.7,observed_not_above_null,empirical observed-versus-null evidence after user-run artifact generation
C,cgc,deconvolved,reverse_time,edge_density,9,9,1.0,1.0,0.0,1.0,observed_not_above_null,empirical observed-versus-null evidence after user-run artifact generation
C,cgc,deconvolved,reverse_time,retained_edges,9,9,171.77777777777777,171.77777777777777,0.0,0.4,observed_not_above_null,empirical observed-versus-null evidence after user-run artifact generation
C,cgc,deconvolved,reverse_time,total_weight,9,9,8.75734719498557,8.794253157062473,-0.036905962076902554,0.4,observed_not_above_null,empirical observed-versus-null evidence after user-run artifact generation
C,cgc,fall,cross_recording,w_ic,9,9,0.5563683048518998,0.5229780408550504,0.03339026399684941,0.4,descriptive_observed_above_null,empirical observed-versus-null evidence after user-run artifact generation
C,cgc,fall,cross_recording,w_rc,9,9,0.4888810814121045,0.45233667367287583,0.03654440773922868,0.4,descriptive_observed_above_null,empirical observed-versus-null evidence after user-run artifact generation
C,cgc,fall,cross_recording,edge_density,9,9,1.0,1.0,0.0,1.0,observed_not_above_null,empirical observed-versus-null evidence after user-run artifact generation
C,cgc,fall,cross_recording,retained_edges,9,9,171.77777777777777,171.77777777777777,0.0,0.4,observed_not_above_null,empirical observed-versus-null evidence after user-run artifact generation
C,cgc,fall,cross_recording,total_weight,9,9,11.580448415098159,8.351594080011868,3.2288543350862913,0.2,descriptive_observed_above_null,empirical observed-versus-null evidence after user-run artifact generation
C,cgc,fall,cyclic_shift,w_ic,9,180,0.5563683048518998,0.5095695979556152,0.046798706896284625,0.11049723756906077,descriptive_observed_above_null,empirical observed-versus-null evidence after user-run artifact generation
C,cgc,fall,cyclic_shift,w_rc,9,180,0.4888810814121045,0.49126595405009643,-0.0023848726379919194,0.5248618784530387,observed_not_above_null,empirical observed-versus-null evidence after user-run artifact generation
C,cgc,fall,cyclic_shift,edge_density,9,180,1.0,1.0,0.0,1.0,observed_not_above_null,empirical observed-versus-null evidence after user-run artifact generation
C,cgc,fall,cyclic_shift,retained_edges,9,180,171.77777777777777,171.77777777777777,0.0,0.3370165745856354,observed_not_above_null,empirical observed-versus-null evidence after user-run artifact generation
C,cgc,fall,cyclic_shift,total_weight,9,180,11.580448415098159,7.769316536493746,3.811131878604413,0.19337016574585636,descriptive_observed_above_null,empirical observed-versus-null evidence after user-run artifact generation
C,cgc,fall,event_jitter,w_ic,9,180,0.5563683048518998,0.5474134762695327,0.00895482858236707,0.4143646408839779,descriptive_observed_above_null,empirical observed-versus-null evidence after user-run artifact generation
C,cgc,fall,event_jitter,w_rc,9,180,0.4888810814121045,0.5112967653191205,-0.022415683907015982,0.6298342541436464,observed_not_above_null,empirical observed-versus-null evidence after user-run artifact generation
C,cgc,fall,event_jitter,edge_density,9,180,1.0,1.0,0.0,1.0,observed_not_above_null,empirical observed-versus-null evidence after user-run artifact generation
C,cgc,fall,event_jitter,retained_edges,9,180,171.77777777777777,171.77777777777777,0.0,0.3370165745856354,observed_not_above_null,empirical observed-versus-null evidence after user-run artifact generation
C,cgc,fall,event_jitter,total_weight,9,180,11.580448415098159,14.03725411161126,-2.4568056965131007,0.56353591160221,observed_not_above_null,empirical observed-versus-null evidence after user-run artifact generation
C,cgc,fall,phase_permutation,w_ic,9,180,0.5563683048518998,0.5586655418592751,-0.0022972370073752746,0.5524861878453039,observed_not_above_null,empirical observed-versus-null evidence after user-run artifact generation
C,cgc,fall,phase_permutation,w_rc,9,180,0.4888810814121045,0.5136394380242083,-0.024758356612103793,0.6795580110497238,observed_not_above_null,empirical observed-versus-null evidence after user-run artifact generation
C,cgc,fall,phase_permutation,edge_density,9,180,1.0,0.9998684210526316,0.0001315789473683715,0.9558011049723757,descriptive_observed_above_null,empirical observed-versus-null evidence after user-run artifact generation
C,cgc,fall,phase_permutation,retained_edges,9,180,171.77777777777777,171.7277777777778,0.04999999999998295,0.3370165745856354,descriptive_observed_above_null,empirical observed-versus-null evidence after user-run artifact generation
C,cgc,fall,phase_permutation,total_weight,9,180,11.580448415098159,19.556425854815647,-7.975977439717488,0.6574585635359116,observed_not_above_null,empirical observed-versus-null evidence after user-run artifact generation
C,cgc,fall,reverse_time,w_ic,9,9,0.5563683048518998,0.5695411702152202,-0.013172865363320407,0.8,observed_not_above_null,empirical observed-versus-null evidence after user-run artifact generation
C,cgc,fall,reverse_time,w_rc,9,9,0.4888810814121045,0.4788159521401585,0.010065129271946027,0.6,descriptive_observed_above_null,empirical observed-versus-null evidence after user-run artifact generation
C,cgc,fall,reverse_time,edge_density,9,9,1.0,1.0,0.0,1.0,observed_not_above_null,empirical observed-versus-null evidence after user-run artifact generation
C,cgc,fall,reverse_time,retained_edges,9,9,171.77777777777777,171.77777777777777,0.0,0.4,observed_not_above_null,empirical observed-versus-null evidence after user-run artifact generation
C,cgc,fall,reverse_time,total_weight,9,9,11.580448415098159,14.69624845871596,-3.115800043617801,0.7,observed_not_above_null,empirical observed-versus-null evidence after user-run artifact generation
C,cgc,fall_residual,cross_recording,w_ic,9,9,0.4974769744227579,0.5063989848303938,-0.008922010407635905,0.9,observed_not_above_null,empirical observed-versus-null evidence after user-run artifact generation
C,cgc,fall_residual,cross_recording,w_rc,9,9,0.4756810038422031,0.4515583262573458,0.024122677584857255,0.5,descriptive_observed_above_null,empirical observed-versus-null evidence after user-run artifact generation
C,cgc,fall_residual,cross_recording,edge_density,9,9,1.0,1.0,0.0,1.0,observed_not_above_null,empirical observed-versus-null evidence after user-run artifact generation
C,cgc,fall_residual,cross_recording,retained_edges,9,9,171.77777777777777,171.77777777777777,0.0,0.4,observed_not_above_null,empirical observed-versus-null evidence after user-run artifact generation
C,cgc,fall_residual,cross_recording,total_weight,9,9,11.670817536079088,8.063053562028399,3.6077639740506893,0.2,descriptive_observed_above_null,empirical observed-versus-null evidence after user-run artifact generation
C,cgc,fall_residual,cyclic_shift,w_ic,9,180,0.4974769744227579,0.511965698996522,-0.0144887245737641,0.6906077348066298,observed_not_above_null,empirical observed-versus-null evidence after user-run artifact generation
C,cgc,fall_residual,cyclic_shift,w_rc,9,180,0.4756810038422031,0.5006724348745134,-0.02499143103231033,0.6961325966850829,observed_not_above_null,empirical observed-versus-null evidence after user-run artifact generation
C,cgc,fall_residual,cyclic_shift,edge_density,9,180,1.0,1.0,0.0,1.0,observed_not_above_null,empirical observed-versus-null evidence after user-run artifact generation
C,cgc,fall_residual,cyclic_shift,retained_edges,9,180,171.77777777777777,171.77777777777777,0.0,0.3370165745856354,observed_not_above_null,empirical observed-versus-null evidence after user-run artifact generation
C,cgc,fall_residual,cyclic_shift,total_weight,9,180,11.670817536079088,8.565055539308098,3.1057619967709904,0.2265193370165746,descriptive_observed_above_null,empirical observed-versus-null evidence after user-run artifact generation
C,cgc,fall_residual,event_jitter,w_ic,9,180,0.4974769744227579,0.4803715037721738,0.017105470650584098,0.30939226519337015,descriptive_observed_above_null,empirical observed-versus-null evidence after user-run artifact generation
C,cgc,fall_residual,event_jitter,w_rc,9,180,0.4756810038422031,0.4970912914918215,-0.021410287649618442,0.6574585635359116,observed_not_above_null,empirical observed-versus-null evidence after user-run artifact generation
C,cgc,fall_residual,event_jitter,edge_density,9,180,1.0,1.0,0.0,1.0,observed_not_above_null,empirical observed-versus-null evidence after user-run artifact generation
C,cgc,fall_residual,event_jitter,retained_edges,9,180,171.77777777777777,171.77777777777777,0.0,0.3370165745856354,observed_not_above_null,empirical observed-versus-null evidence after user-run artifact generation
C,cgc,fall_residual,event_jitter,total_weight,9,180,11.670817536079088,15.130528814686823,-3.4597112786077346,0.6464088397790055,observed_not_above_null,empirical observed-versus-null evidence after user-run artifact generation
C,cgc,fall_residual,phase_permutation,w_ic,9,180,0.4974769744227579,0.5459847240378092,-0.04850774961505128,0.8066298342541437,observed_not_above_null,empirical observed-versus-null evidence after user-run artifact generation
C,cgc,fall_residual,phase_permutation,w_rc,9,180,0.4756810038422031,0.49709482513196546,-0.02141382128976238,0.6353591160220995,observed_not_above_null,empirical observed-versus-null evidence after user-run artifact generation
C,cgc,fall_residual,phase_permutation,edge_density,9,180,1.0,0.9998684210526316,0.0001315789473683715,0.9558011049723757,descriptive_observed_above_null,empirical observed-versus-null evidence after user-run artifact generation
C,cgc,fall_residual,phase_permutation,retained_edges,9,180,171.77777777777777,171.7277777777778,0.04999999999998295,0.3370165745856354,descriptive_observed_above_null,empirical observed-versus-null evidence after user-run artifact generation
C,cgc,fall_residual,phase_permutation,total_weight,9,180,11.670817536079088,20.42217747651935,-8.751359940440263,0.6629834254143646,observed_not_above_null,empirical observed-versus-null evidence after user-run artifact generation
C,cgc,fall_residual,reverse_time,w_ic,9,9,0.4974769744227579,0.5408119927640047,-0.04333501834124681,0.8,observed_not_above_null,empirical observed-versus-null evidence after user-run artifact generation
C,cgc,fall_residual,reverse_time,w_rc,9,9,0.4756810038422031,0.4928316882403246,-0.017150684398121507,0.6,observed_not_above_null,empirical observed-versus-null evidence after user-run artifact generation
C,cgc,fall_residual,reverse_time,edge_density,9,9,1.0,1.0,0.0,1.0,observed_not_above_null,empirical observed-versus-null evidence after user-run artifact generation
C,cgc,fall_residual,reverse_time,retained_edges,9,9,171.77777777777777,171.77777777777777,0.0,0.4,observed_not_above_null,empirical observed-versus-null evidence after user-run artifact generation
C,cgc,fall_residual,reverse_time,total_weight,9,9,11.670817536079088,15.886163476616348,-4.21534594053726,0.7,observed_not_above_null,empirical observed-versus-null evidence after user-run artifact generation
C,cgc,full,cross_recording,w_ic,9,9,0.625930393217352,0.551230482464734,0.07469991075261795,0.3,descriptive_observed_above_null,empirical observed-versus-null evidence after user-run artifact generation
C,cgc,full,cross_recording,w_rc,9,9,0.49319517656604883,0.49258470365392043,0.0006104729121284014,0.6,descriptive_observed_above_null,empirical observed-versus-null evidence after user-run artifact generation
C,cgc,full,cross_recording,edge_density,9,9,1.0,1.0,0.0,1.0,observed_not_above_null,empirical observed-versus-null evidence after user-run artifact generation
C,cgc,full,cross_recording,retained_edges,9,9,171.77777777777777,171.77777777777777,0.0,0.4,observed_not_above_null,empirical observed-versus-null evidence after user-run artifact generation
C,cgc,full,cross_recording,total_weight,9,9,9.542676019522064,23.542304133522983,-13.999628114000918,0.4,observed_not_above_null,empirical observed-versus-null evidence after user-run artifact generation
C,cgc,full,cyclic_shift,w_ic,9,180,0.625930393217352,0.5130292313752282,0.11290116184212384,0.055248618784530384,descriptive_observed_above_null,empirical observed-versus-null evidence after user-run artifact generation
C,cgc,full,cyclic_shift,w_rc,9,180,0.49319517656604883,0.4967580839808875,-0.0035629074148386675,0.56353591160221,observed_not_above_null,empirical observed-versus-null evidence after user-run artifact generation
C,cgc,full,cyclic_shift,edge_density,9,180,1.0,1.0,0.0,1.0,observed_not_above_null,empirical observed-versus-null evidence after user-run artifact generation
C,cgc,full,cyclic_shift,retained_edges,9,180,171.77777777777777,171.77777777777777,0.0,0.3370165745856354,observed_not_above_null,empirical observed-versus-null evidence after user-run artifact generation
C,cgc,full,cyclic_shift,total_weight,9,180,9.542676019522064,8.954591901448579,0.5880841180734855,0.23756906077348067,descriptive_observed_above_null,empirical observed-versus-null evidence after user-run artifact generation
C,cgc,full,reverse_time,w_ic,9,9,0.625930393217352,0.6374124331996617,-0.011482039982309677,0.6,observed_not_above_null,empirical observed-versus-null evidence after user-run artifact generation
C,cgc,full,reverse_time,w_rc,9,9,0.49319517656604883,0.5110065007907278,-0.017811324224679015,0.7,observed_not_above_null,empirical observed-versus-null evidence after user-run artifact generation
C,cgc,full,reverse_time,edge_density,9,9,1.0,1.0,0.0,1.0,observed_not_above_null,empirical observed-versus-null evidence after user-run artifact generation
C,cgc,full,reverse_time,retained_edges,9,9,171.77777777777777,171.77777777777777,0.0,0.4,observed_not_above_null,empirical observed-versus-null evidence after user-run artifact generation
C,cgc,full,reverse_time,total_weight,9,9,9.542676019522064,9.415505965891255,0.12717005363080958,0.3,descriptive_observed_above_null,empirical observed-versus-null evidence after user-run artifact generation
C,cgc,rise,cross_recording,w_ic,9,9,0.4910684432149364,0.5391842614213259,-0.048115818206389493,1.0,observed_not_above_null,empirical observed-versus-null evidence after user-run artifact generation
C,cgc,rise,cross_recording,w_rc,9,9,0.5437795666264682,0.47923531489530125,0.06454425173116696,0.4,descriptive_observed_above_null,empirical observed-versus-null evidence after user-run artifact generation
C,cgc,rise,cross_recording,edge_density,9,9,0.9994152046783626,1.0,-0.0005847953216373547,1.0,observed_not_above_null,empirical observed-versus-null evidence after user-run artifact generation
C,cgc,rise,cross_recording,retained_edges,9,9,171.55555555555554,171.77777777777777,-0.22222222222222854,0.4,observed_not_above_null,empirical observed-versus-null evidence after user-run artifact generation
C,cgc,rise,cross_recording,total_weight,9,9,31.21753943727784,17.651262696532573,13.566276740745266,0.1,descriptive_observed_above_null,empirical observed-versus-null evidence after user-run artifact generation
C,cgc,rise,cyclic_shift,w_ic,9,180,0.4910684432149364,0.5106669736614398,-0.019598530446503337,0.7016574585635359,observed_not_above_null,empirical observed-versus-null evidence after user-run artifact generation
C,cgc,rise,cyclic_shift,w_rc,9,180,0.5437795666264682,0.5013560516412432,0.04242351498522501,0.1712707182320442,descriptive_observed_above_null,empirical observed-versus-null evidence after user-run artifact generation
C,cgc,rise,cyclic_shift,edge_density,9,180,0.9994152046783626,1.0,-0.0005847953216373547,1.0,observed_not_above_null,empirical observed-versus-null evidence after user-run artifact generation
C,cgc,rise,cyclic_shift,retained_edges,9,180,171.55555555555554,171.77777777777777,-0.22222222222222854,0.3370165745856354,observed_not_above_null,empirical observed-versus-null evidence after user-run artifact generation
C,cgc,rise,cyclic_shift,total_weight,9,180,31.21753943727784,19.501593796222075,11.715945641055765,0.11602209944751381,descriptive_observed_above_null,empirical observed-versus-null evidence after user-run artifact generation
C,cgc,rise,event_jitter,w_ic,9,180,0.4910684432149364,0.47790973970030154,0.013158703514634884,0.46408839779005523,descriptive_observed_above_null,empirical observed-versus-null evidence after user-run artifact generation
C,cgc,rise,event_jitter,w_rc,9,180,0.5437795666264682,0.5257505801123876,0.01802898651408058,0.3756906077348066,descriptive_observed_above_null,empirical observed-versus-null evidence after user-run artifact generation
C,cgc,rise,event_jitter,edge_density,9,180,0.9994152046783626,0.9995760233918128,-0.00016081871345019483,0.9226519337016574,observed_not_above_null,empirical observed-versus-null evidence after user-run artifact generation
C,cgc,rise,event_jitter,retained_edges,9,180,171.55555555555554,171.61666666666667,-0.06111111111113132,0.3370165745856354,observed_not_above_null,empirical observed-versus-null evidence after user-run artifact generation
C,cgc,rise,event_jitter,total_weight,9,180,31.21753943727784,36.42986224040322,-5.212322803125378,0.3425414364640884,observed_not_above_null,empirical observed-versus-null evidence after user-run artifact generation
C,cgc,rise,phase_permutation,w_ic,9,180,0.4910684432149364,0.561092021304101,-0.07002357808916454,0.850828729281768,observed_not_above_null,empirical observed-versus-null evidence after user-run artifact generation
C,cgc,rise,phase_permutation,w_rc,9,180,0.5437795666264682,0.5151282103861601,0.028651356240308123,0.2983425414364641,descriptive_observed_above_null,empirical observed-versus-null evidence after user-run artifact generation
C,cgc,rise,phase_permutation,edge_density,9,180,0.9994152046783626,0.999766081871345,-0.000350877192982324,0.9392265193370166,observed_not_above_null,empirical observed-versus-null evidence after user-run artifact generation
C,cgc,rise,phase_permutation,retained_edges,9,180,171.55555555555554,171.6888888888889,-0.13333333333335418,0.3370165745856354,observed_not_above_null,empirical observed-versus-null evidence after user-run artifact generation
C,cgc,rise,phase_permutation,total_weight,9,180,31.21753943727784,19.500955332074327,11.716584105203513,0.12154696132596685,descriptive_observed_above_null,empirical observed-versus-null evidence after user-run artifact generation
C,cgc,rise,reverse_time,w_ic,9,9,0.4910684432149364,0.5073700284108951,-0.016301585195958646,0.6,observed_not_above_null,empirical observed-versus-null evidence after user-run artifact generation
C,cgc,rise,reverse_time,w_rc,9,9,0.5437795666264682,0.5179244423974303,0.025855124229037907,0.4,descriptive_observed_above_null,empirical observed-versus-null evidence after user-run artifact generation
C,cgc,rise,reverse_time,edge_density,9,9,0.9994152046783626,0.9994152046783626,0.0,0.9,observed_not_above_null,empirical observed-versus-null evidence after user-run artifact generation
C,cgc,rise,reverse_time,retained_edges,9,9,171.55555555555554,171.55555555555554,0.0,0.4,observed_not_above_null,empirical observed-versus-null evidence after user-run artifact generation
C,cgc,rise,reverse_time,total_weight,9,9,31.21753943727784,36.17069161822118,-4.953152180943338,0.5,observed_not_above_null,empirical observed-versus-null evidence after user-run artifact generation
C,cgc-star,deconvolved,cross_recording,w_ic,9,9,0.818005669113123,0.5820158494318242,0.23598981968129884,0.2,descriptive_observed_above_null,empirical observed-versus-null evidence after user-run artifact generation
C,cgc-star,deconvolved,cross_recording,w_rc,9,9,0.48150617867370293,0.4852826269590456,-0.0037764482853426817,0.5,observed_not_above_null,empirical observed-versus-null evidence after user-run artifact generation
C,cgc-star,deconvolved,cross_recording,edge_density,9,9,1.0,1.0,0.0,1.0,observed_not_above_null,empirical observed-versus-null evidence after user-run artifact generation
C,cgc-star,deconvolved,cross_recording,retained_edges,9,9,171.77777777777777,171.77777777777777,0.0,0.4,observed_not_above_null,empirical observed-versus-null evidence after user-run artifact generation
C,cgc-star,deconvolved,cross_recording,total_weight,9,9,10.164602132963767,23.90477935751894,-13.740177224555174,0.6,observed_not_above_null,empirical observed-versus-null evidence after user-run artifact generation
C,cgc-star,deconvolved,cyclic_shift,w_ic,9,180,0.818005669113123,0.5126074633870733,0.3053982057260497,0.0055248618784530384,nominal_observed_above_null,empirical observed-versus-null evidence after user-run artifact generation
C,cgc-star,deconvolved,cyclic_shift,w_rc,9,180,0.48150617867370293,0.4985599749570467,-0.017053796283343747,0.6740331491712708,observed_not_above_null,empirical observed-versus-null evidence after user-run artifact generation
C,cgc-star,deconvolved,cyclic_shift,edge_density,9,180,1.0,1.0,0.0,1.0,observed_not_above_null,empirical observed-versus-null evidence after user-run artifact generation
C,cgc-star,deconvolved,cyclic_shift,retained_edges,9,180,171.77777777777777,171.77777777777777,0.0,0.3370165745856354,observed_not_above_null,empirical observed-versus-null evidence after user-run artifact generation
C,cgc-star,deconvolved,cyclic_shift,total_weight,9,180,10.164602132963767,5.59677348991903,4.567828643044737,0.11602209944751381,descriptive_observed_above_null,empirical observed-versus-null evidence after user-run artifact generation
C,cgc-star,deconvolved,reverse_time,w_ic,9,9,0.818005669113123,0.818005669113123,0.0,0.4,observed_not_above_null,empirical observed-versus-null evidence after user-run artifact generation
C,cgc-star,deconvolved,reverse_time,w_rc,9,9,0.48150617867370293,0.5184938213262971,-0.03698764265259413,1.0,observed_not_above_null,empirical observed-versus-null evidence after user-run artifact generation
C,cgc-star,deconvolved,reverse_time,edge_density,9,9,1.0,1.0,0.0,1.0,observed_not_above_null,empirical observed-versus-null evidence after user-run artifact generation
C,cgc-star,deconvolved,reverse_time,retained_edges,9,9,171.77777777777777,171.77777777777777,0.0,0.4,observed_not_above_null,empirical observed-versus-null evidence after user-run artifact generation
C,cgc-star,deconvolved,reverse_time,total_weight,9,9,10.164602132963767,10.164602132963767,0.0,0.4,observed_not_above_null,empirical observed-versus-null evidence after user-run artifact generation
C,cgc-star,fall,cross_recording,w_ic,9,9,0.6418434811941592,0.5002651030227862,0.1415783781713731,0.1,descriptive_observed_above_null,empirical observed-versus-null evidence after user-run artifact generation
C,cgc-star,fall,cross_recording,w_rc,9,9,0.5041405442933912,0.5079580349865064,-0.003817490693115211,0.5,observed_not_above_null,empirical observed-versus-null evidence after user-run artifact generation
C,cgc-star,fall,cross_recording,edge_density,9,9,1.0,1.0,0.0,1.0,observed_not_above_null,empirical observed-versus-null evidence after user-run artifact generation
C,cgc-star,fall,cross_recording,retained_edges,9,9,171.77777777777777,171.77777777777777,0.0,0.4,observed_not_above_null,empirical observed-versus-null evidence after user-run artifact generation
C,cgc-star,fall,cross_recording,total_weight,9,9,19.07606266445275,31.736265938004927,-12.660203273552177,0.4,observed_not_above_null,empirical observed-versus-null evidence after user-run artifact generation
C,cgc-star,fall,cyclic_shift,w_ic,9,180,0.6418434811941592,0.5044982214620005,0.13734525973215872,0.0055248618784530384,nominal_observed_above_null,empirical observed-versus-null evidence after user-run artifact generation
C,cgc-star,fall,cyclic_shift,w_rc,9,180,0.5041405442933912,0.49144230742008843,0.012698236873302737,0.35911602209944754,descriptive_observed_above_null,empirical observed-versus-null evidence after user-run artifact generation
C,cgc-star,fall,cyclic_shift,edge_density,9,180,1.0,1.0,0.0,1.0,observed_not_above_null,empirical observed-versus-null evidence after user-run artifact generation
C,cgc-star,fall,cyclic_shift,retained_edges,9,180,171.77777777777777,171.77777777777777,0.0,0.3370165745856354,observed_not_above_null,empirical observed-versus-null evidence after user-run artifact generation
C,cgc-star,fall,cyclic_shift,total_weight,9,180,19.07606266445275,8.326374381090018,10.749688283362731,0.0055248618784530384,nominal_observed_above_null,empirical observed-versus-null evidence after user-run artifact generation
C,cgc-star,fall,event_jitter,w_ic,9,180,0.6418434811941592,0.6559254890196128,-0.014082007825453546,0.585635359116022,observed_not_above_null,empirical observed-versus-null evidence after user-run artifact generation
C,cgc-star,fall,event_jitter,w_rc,9,180,0.5041405442933912,0.5015534553526471,0.002587088940744109,0.5138121546961326,descriptive_observed_above_null,empirical observed-versus-null evidence after user-run artifact generation
C,cgc-star,fall,event_jitter,edge_density,9,180,1.0,1.0,0.0,1.0,observed_not_above_null,empirical observed-versus-null evidence after user-run artifact generation
C,cgc-star,fall,event_jitter,retained_edges,9,180,171.77777777777777,171.77777777777777,0.0,0.3370165745856354,observed_not_above_null,empirical observed-versus-null evidence after user-run artifact generation
C,cgc-star,fall,event_jitter,total_weight,9,180,19.07606266445275,21.973650728599747,-2.8975880641469978,0.4530386740331492,observed_not_above_null,empirical observed-versus-null evidence after user-run artifact generation
C,cgc-star,fall,phase_permutation,w_ic,9,180,0.6418434811941592,0.6234098217430301,0.01843365945112918,0.4419889502762431,descriptive_observed_above_null,empirical observed-versus-null evidence after user-run artifact generation
C,cgc-star,fall,phase_permutation,w_rc,9,180,0.5041405442933912,0.5125731237050931,-0.008432579411701946,0.574585635359116,observed_not_above_null,empirical observed-versus-null evidence after user-run artifact generation
C,cgc-star,fall,phase_permutation,edge_density,9,180,1.0,0.9998976608187133,0.0001023391812866592,0.9668508287292817,descriptive_observed_above_null,empirical observed-versus-null evidence after user-run artifact generation
C,cgc-star,fall,phase_permutation,retained_edges,9,180,171.77777777777777,171.73888888888888,0.038888888888891415,0.3370165745856354,descriptive_observed_above_null,empirical observed-versus-null evidence after user-run artifact generation
C,cgc-star,fall,phase_permutation,total_weight,9,180,19.07606266445275,26.971174313695013,-7.8951116492422635,0.574585635359116,observed_not_above_null,empirical observed-versus-null evidence after user-run artifact generation
C,cgc-star,fall,reverse_time,w_ic,9,9,0.6418434811941592,0.6418434811941591,1.1102230246251565e-16,0.6,descriptive_observed_above_null,empirical observed-versus-null evidence after user-run artifact generation
C,cgc-star,fall,reverse_time,w_rc,9,9,0.5041405442933912,0.4958594557066086,0.008281088586782559,0.3,descriptive_observed_above_null,empirical observed-versus-null evidence after user-run artifact generation
C,cgc-star,fall,reverse_time,edge_density,9,9,1.0,1.0,0.0,1.0,observed_not_above_null,empirical observed-versus-null evidence after user-run artifact generation
C,cgc-star,fall,reverse_time,retained_edges,9,9,171.77777777777777,171.77777777777777,0.0,0.4,observed_not_above_null,empirical observed-versus-null evidence after user-run artifact generation
C,cgc-star,fall,reverse_time,total_weight,9,9,19.07606266445275,19.076062664452753,-3.552713678800501e-15,0.5,observed_not_above_null,empirical observed-versus-null evidence after user-run artifact generation
C,cgc-star,fall_residual,cross_recording,w_ic,9,9,0.6083518482855648,0.487918232665681,0.12043361561988375,0.2,descriptive_observed_above_null,empirical observed-versus-null evidence after user-run artifact generation
C,cgc-star,fall_residual,cross_recording,w_rc,9,9,0.49956842560127185,0.4764028381235092,0.02316558747776265,0.4,descriptive_observed_above_null,empirical observed-versus-null evidence after user-run artifact generation
C,cgc-star,fall_residual,cross_recording,edge_density,9,9,1.0,1.0,0.0,1.0,observed_not_above_null,empirical observed-versus-null evidence after user-run artifact generation
C,cgc-star,fall_residual,cross_recording,retained_edges,9,9,171.77777777777777,171.77777777777777,0.0,0.4,observed_not_above_null,empirical observed-versus-null evidence after user-run artifact generation
C,cgc-star,fall_residual,cross_recording,total_weight,9,9,19.011903354693512,30.66181825434728,-11.64991489965377,0.4,observed_not_above_null,empirical observed-versus-null evidence after user-run artifact generation
C,cgc-star,fall_residual,cyclic_shift,w_ic,9,180,0.6083518482855648,0.505619581230779,0.10273226705478578,0.016574585635359115,nominal_observed_above_null,empirical observed-versus-null evidence after user-run artifact generation
C,cgc-star,fall_residual,cyclic_shift,w_rc,9,180,0.49956842560127185,0.5016476136007727,-0.0020791879995008533,0.4861878453038674,observed_not_above_null,empirical observed-versus-null evidence after user-run artifact generation
C,cgc-star,fall_residual,cyclic_shift,edge_density,9,180,1.0,1.0,0.0,1.0,observed_not_above_null,empirical observed-versus-null evidence after user-run artifact generation
C,cgc-star,fall_residual,cyclic_shift,retained_edges,9,180,171.77777777777777,171.77777777777777,0.0,0.3370165745856354,observed_not_above_null,empirical observed-versus-null evidence after user-run artifact generation
C,cgc-star,fall_residual,cyclic_shift,total_weight,9,180,19.011903354693512,8.782942962336836,10.228960392356676,0.0055248618784530384,nominal_observed_above_null,empirical observed-versus-null evidence after user-run artifact generation
C,cgc-star,fall_residual,event_jitter,w_ic,9,180,0.6083518482855648,0.6314515531054989,-0.023099704819934175,0.7513812154696132,observed_not_above_null,empirical observed-versus-null evidence after user-run artifact generation
C,cgc-star,fall_residual,event_jitter,w_rc,9,180,0.49956842560127185,0.5045969437018948,-0.005028518100622936,0.6298342541436464,observed_not_above_null,empirical observed-versus-null evidence after user-run artifact generation
C,cgc-star,fall_residual,event_jitter,edge_density,9,180,1.0,1.0,0.0,1.0,observed_not_above_null,empirical observed-versus-null evidence after user-run artifact generation
C,cgc-star,fall_residual,event_jitter,retained_edges,9,180,171.77777777777777,171.77777777777777,0.0,0.3370165745856354,observed_not_above_null,empirical observed-versus-null evidence after user-run artifact generation
C,cgc-star,fall_residual,event_jitter,total_weight,9,180,19.011903354693512,22.824492862251056,-3.8125895075575436,0.5193370165745856,observed_not_above_null,empirical observed-versus-null evidence after user-run artifact generation
C,cgc-star,fall_residual,phase_permutation,w_ic,9,180,0.6083518482855648,0.6234631615715314,-0.015111313285966599,0.6574585635359116,observed_not_above_null,empirical observed-versus-null evidence after user-run artifact generation
C,cgc-star,fall_residual,phase_permutation,w_rc,9,180,0.49956842560127185,0.5009627425199373,-0.0013943169186654836,0.5303867403314917,observed_not_above_null,empirical observed-versus-null evidence after user-run artifact generation
C,cgc-star,fall_residual,phase_permutation,edge_density,9,180,1.0,0.9997368421052631,0.000263157894736854,0.9226519337016574,descriptive_observed_above_null,empirical observed-versus-null evidence after user-run artifact generation
C,cgc-star,fall_residual,phase_permutation,retained_edges,9,180,171.77777777777777,171.67777777777778,0.09999999999999432,0.3370165745856354,descriptive_observed_above_null,empirical observed-versus-null evidence after user-run artifact generation
C,cgc-star,fall_residual,phase_permutation,total_weight,9,180,19.011903354693512,28.531548418423558,-9.519645063730046,0.6077348066298343,observed_not_above_null,empirical observed-versus-null evidence after user-run artifact generation
C,cgc-star,fall_residual,reverse_time,w_ic,9,9,0.6083518482855648,0.6083518482855649,-1.1102230246251565e-16,0.5,observed_not_above_null,empirical observed-versus-null evidence after user-run artifact generation
C,cgc-star,fall_residual,reverse_time,w_rc,9,9,0.49956842560127185,0.500431574398728,-0.0008631487974561369,0.4,observed_not_above_null,empirical observed-versus-null evidence after user-run artifact generation
C,cgc-star,fall_residual,reverse_time,edge_density,9,9,1.0,1.0,0.0,1.0,observed_not_above_null,empirical observed-versus-null evidence after user-run artifact generation
C,cgc-star,fall_residual,reverse_time,retained_edges,9,9,171.77777777777777,171.77777777777777,0.0,0.4,observed_not_above_null,empirical observed-versus-null evidence after user-run artifact generation
C,cgc-star,fall_residual,reverse_time,total_weight,9,9,19.011903354693512,19.011903354693512,0.0,0.4,observed_not_above_null,empirical observed-versus-null evidence after user-run artifact generation
C,cgc-star,full,cross_recording,w_ic,9,9,0.7342606992899152,0.5485759452987776,0.1856847539911376,0.1,descriptive_observed_above_null,empirical observed-versus-null evidence after user-run artifact generation
C,cgc-star,full,cross_recording,w_rc,9,9,0.4991057840106673,0.49969193090240194,-0.0005861468917346402,0.5,observed_not_above_null,empirical observed-versus-null evidence after user-run artifact generation
C,cgc-star,full,cross_recording,edge_density,9,9,1.0,1.0,0.0,1.0,observed_not_above_null,empirical observed-versus-null evidence after user-run artifact generation
C,cgc-star,full,cross_recording,retained_edges,9,9,171.77777777777777,171.77777777777777,0.0,0.4,observed_not_above_null,empirical observed-versus-null evidence after user-run artifact generation
C,cgc-star,full,cross_recording,total_weight,9,9,21.70999455056652,33.97537466390914,-12.265380113342623,0.4,observed_not_above_null,empirical observed-versus-null evidence after user-run artifact generation
C,cgc-star,full,cyclic_shift,w_ic,9,180,0.7342606992899152,0.5046753116657051,0.2295853876242101,0.011049723756906077,nominal_observed_above_null,empirical observed-versus-null evidence after user-run artifact generation
C,cgc-star,full,cyclic_shift,w_rc,9,180,0.4991057840106673,0.5011176674483008,-0.002011883437633477,0.4972375690607735,observed_not_above_null,empirical observed-versus-null evidence after user-run artifact generation
C,cgc-star,full,cyclic_shift,edge_density,9,180,1.0,1.0,0.0,1.0,observed_not_above_null,empirical observed-versus-null evidence after user-run artifact generation
C,cgc-star,full,cyclic_shift,retained_edges,9,180,171.77777777777777,171.77777777777777,0.0,0.3370165745856354,observed_not_above_null,empirical observed-versus-null evidence after user-run artifact generation
C,cgc-star,full,cyclic_shift,total_weight,9,180,21.70999455056652,8.392574087689695,13.317420462876825,0.016574585635359115,nominal_observed_above_null,empirical observed-versus-null evidence after user-run artifact generation
C,cgc-star,full,reverse_time,w_ic,9,9,0.7342606992899152,0.7342606992899152,0.0,0.4,observed_not_above_null,empirical observed-versus-null evidence after user-run artifact generation
C,cgc-star,full,reverse_time,w_rc,9,9,0.4991057840106673,0.5008942159893327,-0.0017884319786654057,0.7,observed_not_above_null,empirical observed-versus-null evidence after user-run artifact generation
C,cgc-star,full,reverse_time,edge_density,9,9,1.0,1.0,0.0,1.0,observed_not_above_null,empirical observed-versus-null evidence after user-run artifact generation
C,cgc-star,full,reverse_time,retained_edges,9,9,171.77777777777777,171.77777777777777,0.0,0.4,observed_not_above_null,empirical observed-versus-null evidence after user-run artifact generation
C,cgc-star,full,reverse_time,total_weight,9,9,21.70999455056652,21.70999455056652,0.0,0.5,observed_not_above_null,empirical observed-versus-null evidence after user-run artifact generation
C,cgc-star,rise,cross_recording,w_ic,9,9,0.4909315986234153,0.5280722016329307,-0.03714060300951538,0.8,observed_not_above_null,empirical observed-versus-null evidence after user-run artifact generation
C,cgc-star,rise,cross_recording,w_rc,9,9,0.4881672695544254,0.49778941384594855,-0.009622144291523138,0.6,observed_not_above_null,empirical observed-versus-null evidence after user-run artifact generation
C,cgc-star,rise,cross_recording,edge_density,9,9,0.9994152046783626,1.0,-0.0005847953216373547,1.0,observed_not_above_null,empirical observed-versus-null evidence after user-run artifact generation
C,cgc-star,rise,cross_recording,retained_edges,9,9,171.55555555555554,171.77777777777777,-0.22222222222222854,0.4,observed_not_above_null,empirical observed-versus-null evidence after user-run artifact generation
C,cgc-star,rise,cross_recording,total_weight,9,9,39.15428934441874,40.12260424226416,-0.968314897845417,0.4,observed_not_above_null,empirical observed-versus-null evidence after user-run artifact generation
C,cgc-star,rise,cyclic_shift,w_ic,9,180,0.4909315986234153,0.5047553148815376,-0.013823716258122287,0.6353591160220995,observed_not_above_null,empirical observed-versus-null evidence after user-run artifact generation
C,cgc-star,rise,cyclic_shift,w_rc,9,180,0.4881672695544254,0.5026507481008746,-0.014483478546449213,0.6464088397790055,observed_not_above_null,empirical observed-versus-null evidence after user-run artifact generation
C,cgc-star,rise,cyclic_shift,edge_density,9,180,0.9994152046783626,1.0,-0.0005847953216373547,1.0,observed_not_above_null,empirical observed-versus-null evidence after user-run artifact generation
C,cgc-star,rise,cyclic_shift,retained_edges,9,180,171.55555555555554,171.77777777777777,-0.22222222222222854,0.3370165745856354,observed_not_above_null,empirical observed-versus-null evidence after user-run artifact generation
C,cgc-star,rise,cyclic_shift,total_weight,9,180,39.15428934441874,20.706285540828336,18.448003803590407,0.11602209944751381,descriptive_observed_above_null,empirical observed-versus-null evidence after user-run artifact generation
C,cgc-star,rise,event_jitter,w_ic,9,180,0.4909315986234153,0.46572642251865914,0.025205176104756144,0.4198895027624309,descriptive_observed_above_null,empirical observed-versus-null evidence after user-run artifact generation
C,cgc-star,rise,event_jitter,w_rc,9,180,0.4881672695544254,0.4983883278681568,-0.01022105831373138,0.6685082872928176,observed_not_above_null,empirical observed-versus-null evidence after user-run artifact generation
C,cgc-star,rise,event_jitter,edge_density,9,180,0.9994152046783626,0.9995427225471085,-0.00012751786874587445,0.9060773480662984,observed_not_above_null,empirical observed-versus-null evidence after user-run artifact generation
C,cgc-star,rise,event_jitter,retained_edges,9,180,171.55555555555554,171.62777777777777,-0.07222222222222285,0.3370165745856354,observed_not_above_null,empirical observed-versus-null evidence after user-run artifact generation
C,cgc-star,rise,event_jitter,total_weight,9,180,39.15428934441874,44.933146636817504,-5.778857292398762,0.34806629834254144,observed_not_above_null,empirical observed-versus-null evidence after user-run artifact generation
C,cgc-star,rise,phase_permutation,w_ic,9,180,0.4909315986234153,0.6281240003449859,-0.13719240172157066,0.9613259668508287,observed_not_above_null,empirical observed-versus-null evidence after user-run artifact generation
C,cgc-star,rise,phase_permutation,w_rc,9,180,0.4881672695544254,0.5156246830348661,-0.027457413480440673,0.7955801104972375,observed_not_above_null,empirical observed-versus-null evidence after user-run artifact generation
C,cgc-star,rise,phase_permutation,edge_density,9,180,0.9994152046783626,0.9997953216374269,-0.00038011695906425835,0.9447513812154696,observed_not_above_null,empirical observed-versus-null evidence after user-run artifact generation
C,cgc-star,rise,phase_permutation,retained_edges,9,180,171.55555555555554,171.7,-0.1444444444444457,0.3370165745856354,observed_not_above_null,empirical observed-versus-null evidence after user-run artifact generation
C,cgc-star,rise,phase_permutation,total_weight,9,180,39.15428934441874,26.44028953995451,12.713999804464233,0.11049723756906077,descriptive_observed_above_null,empirical observed-versus-null evidence after user-run artifact generation
C,cgc-star,rise,reverse_time,w_ic,9,9,0.4909315986234153,0.49776209222862405,-0.006830493605208765,0.7,observed_not_above_null,empirical observed-versus-null evidence after user-run artifact generation
C,cgc-star,rise,reverse_time,w_rc,9,9,0.4881672695544254,0.5118327304455748,-0.023665460891149348,0.9,observed_not_above_null,empirical observed-versus-null evidence after user-run artifact generation
C,cgc-star,rise,reverse_time,edge_density,9,9,0.9994152046783626,0.9994152046783626,0.0,0.9,observed_not_above_null,empirical observed-versus-null evidence after user-run artifact generation
C,cgc-star,rise,reverse_time,retained_edges,9,9,171.55555555555554,171.55555555555554,0.0,0.4,observed_not_above_null,empirical observed-versus-null evidence after user-run artifact generation
C,cgc-star,rise,reverse_time,total_weight,9,9,39.15428934441874,38.3743131944006,0.7799761500181432,0.3,descriptive_observed_above_null,empirical observed-versus-null evidence after user-run artifact generation
D,cgc,deconvolved,cross_recording,w_ic,9,9,0.8689772027402758,0.6385784463788836,0.23039875636139218,0.1,descriptive_observed_above_null,empirical observed-versus-null evidence after user-run artifact generation
D,cgc,deconvolved,cross_recording,w_rc,9,9,0.5091677081049357,0.49379574087736344,0.01537196722757228,0.5,descriptive_observed_above_null,empirical observed-versus-null evidence after user-run artifact generation
D,cgc,deconvolved,cross_recording,edge_density,9,9,1.0,1.0,0.0,1.0,observed_not_above_null,empirical observed-versus-null evidence after user-run artifact generation
D,cgc,deconvolved,cross_recording,retained_edges,9,9,171.77777777777777,171.77777777777777,0.0,0.4,observed_not_above_null,empirical observed-versus-null evidence after user-run artifact generation
D,cgc,deconvolved,cross_recording,total_weight,9,9,8.437187751324728,24.58954540310721,-16.15235765178248,0.7,observed_not_above_null,empirical observed-versus-null evidence after user-run artifact generation
D,cgc,deconvolved,cyclic_shift,w_ic,9,180,0.8689772027402758,0.5167909918657916,0.3521862108744842,0.0055248618784530384,nominal_observed_above_null,empirical observed-versus-null evidence after user-run artifact generation
D,cgc,deconvolved,cyclic_shift,w_rc,9,180,0.5091677081049357,0.5002243524773523,0.008943355627583416,0.3867403314917127,descriptive_observed_above_null,empirical observed-versus-null evidence after user-run artifact generation
D,cgc,deconvolved,cyclic_shift,edge_density,9,180,1.0,1.0,0.0,1.0,observed_not_above_null,empirical observed-versus-null evidence after user-run artifact generation
D,cgc,deconvolved,cyclic_shift,retained_edges,9,180,171.77777777777777,171.77777777777777,0.0,0.3370165745856354,observed_not_above_null,empirical observed-versus-null evidence after user-run artifact generation
D,cgc,deconvolved,cyclic_shift,total_weight,9,180,8.437187751324728,7.036531152775691,1.4006565985490376,0.2265193370165746,descriptive_observed_above_null,empirical observed-versus-null evidence after user-run artifact generation
D,cgc,deconvolved,reverse_time,w_ic,9,9,0.8689772027402758,0.8661752147556127,0.0028019879846631346,0.5,descriptive_observed_above_null,empirical observed-versus-null evidence after user-run artifact generation
D,cgc,deconvolved,reverse_time,w_rc,9,9,0.5091677081049357,0.5215342242090425,-0.012366516104106773,0.4,observed_not_above_null,empirical observed-versus-null evidence after user-run artifact generation
D,cgc,deconvolved,reverse_time,edge_density,9,9,1.0,1.0,0.0,1.0,observed_not_above_null,empirical observed-versus-null evidence after user-run artifact generation
D,cgc,deconvolved,reverse_time,retained_edges,9,9,171.77777777777777,171.77777777777777,0.0,0.4,observed_not_above_null,empirical observed-versus-null evidence after user-run artifact generation
D,cgc,deconvolved,reverse_time,total_weight,9,9,8.437187751324728,8.00054899601452,0.43663875531020757,0.4,descriptive_observed_above_null,empirical observed-versus-null evidence after user-run artifact generation
D,cgc,fall,cross_recording,w_ic,9,9,0.636207667355042,0.551993633195402,0.08421403415964002,0.2,descriptive_observed_above_null,empirical observed-versus-null evidence after user-run artifact generation
D,cgc,fall,cross_recording,w_rc,9,9,0.4678408252398964,0.4317645497880607,0.03607627545183567,0.3,descriptive_observed_above_null,empirical observed-versus-null evidence after user-run artifact generation
D,cgc,fall,cross_recording,edge_density,9,9,1.0,1.0,0.0,1.0,observed_not_above_null,empirical observed-versus-null evidence after user-run artifact generation
D,cgc,fall,cross_recording,retained_edges,9,9,171.77777777777777,171.77777777777777,0.0,0.4,observed_not_above_null,empirical observed-versus-null evidence after user-run artifact generation
D,cgc,fall,cross_recording,total_weight,9,9,16.165899335638002,11.221936350425876,4.943962985212126,0.2,descriptive_observed_above_null,empirical observed-versus-null evidence after user-run artifact generation
D,cgc,fall,cyclic_shift,w_ic,9,180,0.636207667355042,0.5089748964556806,0.12723277089936136,0.016574585635359115,nominal_observed_above_null,empirical observed-versus-null evidence after user-run artifact generation
D,cgc,fall,cyclic_shift,w_rc,9,180,0.4678408252398964,0.48722743216079734,-0.01938660692090094,0.6629834254143646,observed_not_above_null,empirical observed-versus-null evidence after user-run artifact generation
D,cgc,fall,cyclic_shift,edge_density,9,180,1.0,1.0,0.0,1.0,observed_not_above_null,empirical observed-versus-null evidence after user-run artifact generation
D,cgc,fall,cyclic_shift,retained_edges,9,180,171.77777777777777,171.77777777777777,0.0,0.3370165745856354,observed_not_above_null,empirical observed-versus-null evidence after user-run artifact generation
D,cgc,fall,cyclic_shift,total_weight,9,180,16.165899335638002,10.714087390057054,5.451811945580948,0.11602209944751381,descriptive_observed_above_null,empirical observed-versus-null evidence after user-run artifact generation
D,cgc,fall,event_jitter,w_ic,9,180,0.636207667355042,0.6135536246830514,0.02265404267199056,0.3701657458563536,descriptive_observed_above_null,empirical observed-versus-null evidence after user-run artifact generation
D,cgc,fall,event_jitter,w_rc,9,180,0.4678408252398964,0.4860775409628357,-0.01823671572293928,0.6022099447513812,observed_not_above_null,empirical observed-versus-null evidence after user-run artifact generation
D,cgc,fall,event_jitter,edge_density,9,180,1.0,1.0,0.0,1.0,observed_not_above_null,empirical observed-versus-null evidence after user-run artifact generation
D,cgc,fall,event_jitter,retained_edges,9,180,171.77777777777777,171.77777777777777,0.0,0.3370165745856354,observed_not_above_null,empirical observed-versus-null evidence after user-run artifact generation
D,cgc,fall,event_jitter,total_weight,9,180,16.165899335638002,15.253114420445225,0.9127849151927769,0.30939226519337015,descriptive_observed_above_null,empirical observed-versus-null evidence after user-run artifact generation
D,cgc,fall,phase_permutation,w_ic,9,180,0.636207667355042,0.5362841765252191,0.09992349082982288,0.18232044198895028,descriptive_observed_above_null,empirical observed-versus-null evidence after user-run artifact generation
D,cgc,fall,phase_permutation,w_rc,9,180,0.4678408252398964,0.5030599360607294,-0.03521911082083301,0.7016574585635359,observed_not_above_null,empirical observed-versus-null evidence after user-run artifact generation
D,cgc,fall,phase_permutation,edge_density,9,180,1.0,0.9686428685454741,0.0313571314545259,0.27071823204419887,descriptive_observed_above_null,empirical observed-versus-null evidence after user-run artifact generation
D,cgc,fall,phase_permutation,retained_edges,9,180,171.77777777777777,166.20555555555555,5.572222222222223,0.3370165745856354,descriptive_observed_above_null,empirical observed-versus-null evidence after user-run artifact generation
D,cgc,fall,phase_permutation,total_weight,9,180,16.165899335638002,31.425840578479363,-15.25994124284136,0.8784530386740331,observed_not_above_null,empirical observed-versus-null evidence after user-run artifact generation
D,cgc,fall,reverse_time,w_ic,9,9,0.636207667355042,0.6550389251928166,-0.018831257837774618,0.7,observed_not_above_null,empirical observed-versus-null evidence after user-run artifact generation
D,cgc,fall,reverse_time,w_rc,9,9,0.4678408252398964,0.473837784743336,-0.005996959503439592,0.8,observed_not_above_null,empirical observed-versus-null evidence after user-run artifact generation
D,cgc,fall,reverse_time,edge_density,9,9,1.0,1.0,0.0,1.0,observed_not_above_null,empirical observed-versus-null evidence after user-run artifact generation
D,cgc,fall,reverse_time,retained_edges,9,9,171.77777777777777,171.77777777777777,0.0,0.4,observed_not_above_null,empirical observed-versus-null evidence after user-run artifact generation
D,cgc,fall,reverse_time,total_weight,9,9,16.165899335638002,16.966050546074186,-0.8001512104361836,0.5,observed_not_above_null,empirical observed-versus-null evidence after user-run artifact generation
D,cgc,fall_residual,cross_recording,w_ic,9,9,0.5709271816359988,0.5231587393894193,0.0477684422465795,0.2,descriptive_observed_above_null,empirical observed-versus-null evidence after user-run artifact generation
D,cgc,fall_residual,cross_recording,w_rc,9,9,0.48228889219001597,0.43567915369099497,0.046609738499021,0.4,descriptive_observed_above_null,empirical observed-versus-null evidence after user-run artifact generation
D,cgc,fall_residual,cross_recording,edge_density,9,9,1.0,1.0,0.0,1.0,observed_not_above_null,empirical observed-versus-null evidence after user-run artifact generation
D,cgc,fall_residual,cross_recording,retained_edges,9,9,171.77777777777777,171.77777777777777,0.0,0.4,observed_not_above_null,empirical observed-versus-null evidence after user-run artifact generation
D,cgc,fall_residual,cross_recording,total_weight,9,9,17.400011394961975,11.487868761851097,5.912142633110879,0.2,descriptive_observed_above_null,empirical observed-versus-null evidence after user-run artifact generation
D,cgc,fall_residual,cyclic_shift,w_ic,9,180,0.5709271816359988,0.5094661677857454,0.061461013850253376,0.055248618784530384,descriptive_observed_above_null,empirical observed-versus-null evidence after user-run artifact generation
D,cgc,fall_residual,cyclic_shift,w_rc,9,180,0.48228889219001597,0.49151218762144916,-0.009223295431433187,0.56353591160221,observed_not_above_null,empirical observed-versus-null evidence after user-run artifact generation
D,cgc,fall_residual,cyclic_shift,edge_density,9,180,1.0,1.0,0.0,1.0,observed_not_above_null,empirical observed-versus-null evidence after user-run artifact generation
D,cgc,fall_residual,cyclic_shift,retained_edges,9,180,171.77777777777777,171.77777777777777,0.0,0.3370165745856354,observed_not_above_null,empirical observed-versus-null evidence after user-run artifact generation
D,cgc,fall_residual,cyclic_shift,total_weight,9,180,17.400011394961975,12.198645707960992,5.201365687000983,0.1270718232044199,descriptive_observed_above_null,empirical observed-versus-null evidence after user-run artifact generation
D,cgc,fall_residual,event_jitter,w_ic,9,180,0.5709271816359988,0.5376194266814464,0.033307754954552404,0.35359116022099446,descriptive_observed_above_null,empirical observed-versus-null evidence after user-run artifact generation
D,cgc,fall_residual,event_jitter,w_rc,9,180,0.48228889219001597,0.49928792487323775,-0.016999032683221782,0.6629834254143646,observed_not_above_null,empirical observed-versus-null evidence after user-run artifact generation
D,cgc,fall_residual,event_jitter,edge_density,9,180,1.0,1.0,0.0,1.0,observed_not_above_null,empirical observed-versus-null evidence after user-run artifact generation
D,cgc,fall_residual,event_jitter,retained_edges,9,180,171.77777777777777,171.77777777777777,0.0,0.3370165745856354,observed_not_above_null,empirical observed-versus-null evidence after user-run artifact generation
D,cgc,fall_residual,event_jitter,total_weight,9,180,17.400011394961975,15.185286690449422,2.2147247045125535,0.27071823204419887,descriptive_observed_above_null,empirical observed-versus-null evidence after user-run artifact generation
D,cgc,fall_residual,phase_permutation,w_ic,9,180,0.5709271816359988,0.5715115125159382,-0.0005843308799394764,0.5138121546961326,observed_not_above_null,empirical observed-versus-null evidence after user-run artifact generation
D,cgc,fall_residual,phase_permutation,w_rc,9,180,0.48228889219001597,0.5212526877488631,-0.03896379555884716,0.7292817679558011,observed_not_above_null,empirical observed-versus-null evidence after user-run artifact generation
D,cgc,fall_residual,phase_permutation,edge_density,9,180,1.0,0.9501850346935485,0.049814965306451464,0.1270718232044199,descriptive_observed_above_null,empirical observed-versus-null evidence after user-run artifact generation
D,cgc,fall_residual,phase_permutation,retained_edges,9,180,171.77777777777777,162.48888888888888,9.288888888888891,0.3370165745856354,descriptive_observed_above_null,empirical observed-versus-null evidence after user-run artifact generation
D,cgc,fall_residual,phase_permutation,total_weight,9,180,17.400011394961975,36.16593913662879,-18.765927741666818,0.9116022099447514,observed_not_above_null,empirical observed-versus-null evidence after user-run artifact generation
D,cgc,fall_residual,reverse_time,w_ic,9,9,0.5709271816359988,0.6078000390873561,-0.03687285745135738,0.8,observed_not_above_null,empirical observed-versus-null evidence after user-run artifact generation
D,cgc,fall_residual,reverse_time,w_rc,9,9,0.48228889219001597,0.48333469275081764,-0.0010458005608016685,0.6,observed_not_above_null,empirical observed-versus-null evidence after user-run artifact generation
D,cgc,fall_residual,reverse_time,edge_density,9,9,1.0,1.0,0.0,1.0,observed_not_above_null,empirical observed-versus-null evidence after user-run artifact generation
D,cgc,fall_residual,reverse_time,retained_edges,9,9,171.77777777777777,171.77777777777777,0.0,0.4,observed_not_above_null,empirical observed-versus-null evidence after user-run artifact generation
D,cgc,fall_residual,reverse_time,total_weight,9,9,17.400011394961975,17.67513738015492,-0.2751259851929433,0.4,observed_not_above_null,empirical observed-versus-null evidence after user-run artifact generation
D,cgc,full,cross_recording,w_ic,9,9,0.6275087049087122,0.550227398230422,0.07728130667829025,0.2,descriptive_observed_above_null,empirical observed-versus-null evidence after user-run artifact generation
D,cgc,full,cross_recording,w_rc,9,9,0.5003606064709498,0.5120294720559697,-0.011668865585019894,0.8,observed_not_above_null,empirical observed-versus-null evidence after user-run artifact generation
D,cgc,full,cross_recording,edge_density,9,9,1.0,1.0,0.0,1.0,observed_not_above_null,empirical observed-versus-null evidence after user-run artifact generation
D,cgc,full,cross_recording,retained_edges,9,9,171.77777777777777,171.77777777777777,0.0,0.4,observed_not_above_null,empirical observed-versus-null evidence after user-run artifact generation
D,cgc,full,cross_recording,total_weight,9,9,9.151378994219371,24.05906536096248,-14.90768636674311,0.4,observed_not_above_null,empirical observed-versus-null evidence after user-run artifact generation
D,cgc,full,cyclic_shift,w_ic,9,180,0.6275087049087122,0.5146884176393195,0.11282028726939275,0.049723756906077346,nominal_observed_above_null,empirical observed-versus-null evidence after user-run artifact generation
D,cgc,full,cyclic_shift,w_rc,9,180,0.5003606064709498,0.4911251789333862,0.009235427537563623,0.4088397790055249,descriptive_observed_above_null,empirical observed-versus-null evidence after user-run artifact generation
D,cgc,full,cyclic_shift,edge_density,9,180,1.0,1.0,0.0,1.0,observed_not_above_null,empirical observed-versus-null evidence after user-run artifact generation
D,cgc,full,cyclic_shift,retained_edges,9,180,171.77777777777777,171.77777777777777,0.0,0.3370165745856354,observed_not_above_null,empirical observed-versus-null evidence after user-run artifact generation
D,cgc,full,cyclic_shift,total_weight,9,180,9.151378994219371,9.91285654386157,-0.7614775496421995,0.40331491712707185,observed_not_above_null,empirical observed-versus-null evidence after user-run artifact generation
D,cgc,full,reverse_time,w_ic,9,9,0.6275087049087122,0.6317456980268102,-0.004236993118097998,0.5,observed_not_above_null,empirical observed-versus-null evidence after user-run artifact generation
D,cgc,full,reverse_time,w_rc,9,9,0.5003606064709498,0.4972702066970201,0.0030903997739297195,0.4,descriptive_observed_above_null,empirical observed-versus-null evidence after user-run artifact generation
D,cgc,full,reverse_time,edge_density,9,9,1.0,1.0,0.0,1.0,observed_not_above_null,empirical observed-versus-null evidence after user-run artifact generation
D,cgc,full,reverse_time,retained_edges,9,9,171.77777777777777,171.77777777777777,0.0,0.4,observed_not_above_null,empirical observed-versus-null evidence after user-run artifact generation
D,cgc,full,reverse_time,total_weight,9,9,9.151378994219371,8.927108278849895,0.2242707153694763,0.3,descriptive_observed_above_null,empirical observed-versus-null evidence after user-run artifact generation
D,cgc,rise,cross_recording,w_ic,9,9,0.258145295108725,0.4678820821125142,-0.20973678700378917,1.0,observed_not_above_null,empirical observed-versus-null evidence after user-run artifact generation
D,cgc,rise,cross_recording,w_rc,9,9,0.5264199741170744,0.4405437559280426,0.0858762181890318,0.2,descriptive_observed_above_null,empirical observed-versus-null evidence after user-run artifact generation
D,cgc,rise,cross_recording,edge_density,9,9,0.8715680723549659,0.902192134777274,-0.030624062422308085,0.7,observed_not_above_null,empirical observed-versus-null evidence after user-run artifact generation
D,cgc,rise,cross_recording,retained_edges,9,9,149.88888888888889,157.33333333333334,-7.444444444444457,0.4,observed_not_above_null,empirical observed-versus-null evidence after user-run artifact generation
D,cgc,rise,cross_recording,total_weight,9,9,51.94879607555201,40.99178441273778,10.957011662814232,0.3,descriptive_observed_above_null,empirical observed-versus-null evidence after user-run artifact generation
D,cgc,rise,cyclic_shift,w_ic,9,180,0.258145295108725,0.5071231635427469,-0.24897786843402187,1.0,observed_not_above_null,empirical observed-versus-null evidence after user-run artifact generation
D,cgc,rise,cyclic_shift,w_rc,9,180,0.5264199741170744,0.5015899918228715,0.024829982294202968,0.287292817679558,descriptive_observed_above_null,empirical observed-versus-null evidence after user-run artifact generation
D,cgc,rise,cyclic_shift,edge_density,9,180,0.8715680723549659,0.9962327894461538,-0.12466471709118787,1.0,observed_not_above_null,empirical observed-versus-null evidence after user-run artifact generation
D,cgc,rise,cyclic_shift,retained_edges,9,180,149.88888888888889,171.45555555555555,-21.566666666666663,0.44751381215469616,observed_not_above_null,empirical observed-versus-null evidence after user-run artifact generation
D,cgc,rise,cyclic_shift,total_weight,9,180,51.94879607555201,34.94870279204863,17.000093283503382,0.2265193370165746,descriptive_observed_above_null,empirical observed-versus-null evidence after user-run artifact generation
D,cgc,rise,event_jitter,w_ic,9,180,0.258145295108725,0.2790925682360587,-0.020947273127333688,0.6519337016574586,observed_not_above_null,empirical observed-versus-null evidence after user-run artifact generation
D,cgc,rise,event_jitter,w_rc,9,180,0.5264199741170744,0.5231905172650967,0.00322945685197773,0.5082872928176796,descriptive_observed_above_null,empirical observed-versus-null evidence after user-run artifact generation
D,cgc,rise,event_jitter,edge_density,9,180,0.8715680723549659,0.8897049337019667,-0.018136861347000766,0.585635359116022,observed_not_above_null,empirical observed-versus-null evidence after user-run artifact generation
D,cgc,rise,event_jitter,retained_edges,9,180,149.88888888888889,153.68333333333334,-3.7944444444444514,0.3370165745856354,observed_not_above_null,empirical observed-versus-null evidence after user-run artifact generation
D,cgc,rise,event_jitter,total_weight,9,180,51.94879607555201,59.84056923527874,-7.891773159726732,0.46408839779005523,observed_not_above_null,empirical observed-versus-null evidence after user-run artifact generation
D,cgc,rise,phase_permutation,w_ic,9,180,0.258145295108725,0.5282840459916897,-0.27013875088296463,0.994475138121547,observed_not_above_null,empirical observed-versus-null evidence after user-run artifact generation
D,cgc,rise,phase_permutation,w_rc,9,180,0.5264199741170744,0.5009570497759188,0.0254629243411556,0.4088397790055249,descriptive_observed_above_null,empirical observed-versus-null evidence after user-run artifact generation
D,cgc,rise,phase_permutation,edge_density,9,180,0.8715680723549659,0.968081407374493,-0.09651333501952708,0.9723756906077348,observed_not_above_null,empirical observed-versus-null evidence after user-run artifact generation
D,cgc,rise,phase_permutation,retained_edges,9,180,149.88888888888889,166.2111111111111,-16.322222222222223,0.4088397790055249,observed_not_above_null,empirical observed-versus-null evidence after user-run artifact generation
D,cgc,rise,phase_permutation,total_weight,9,180,51.94879607555201,31.890041908649266,20.058754166902744,0.16022099447513813,descriptive_observed_above_null,empirical observed-versus-null evidence after user-run artifact generation
D,cgc,rise,reverse_time,w_ic,9,9,0.258145295108725,0.31243314751372764,-0.05428785240500261,0.8,observed_not_above_null,empirical observed-versus-null evidence after user-run artifact generation
D,cgc,rise,reverse_time,w_rc,9,9,0.5264199741170744,0.5227992297429096,0.0036207443741648193,0.5,descriptive_observed_above_null,empirical observed-versus-null evidence after user-run artifact generation
D,cgc,rise,reverse_time,edge_density,9,9,0.8715680723549659,0.8787449889101075,-0.0071769165551416325,0.5,observed_not_above_null,empirical observed-versus-null evidence after user-run artifact generation
D,cgc,rise,reverse_time,retained_edges,9,9,149.88888888888889,150.77777777777777,-0.8888888888888857,0.4,observed_not_above_null,empirical observed-versus-null evidence after user-run artifact generation
D,cgc,rise,reverse_time,total_weight,9,9,51.94879607555201,54.18381714329873,-2.2350210677467217,0.4,observed_not_above_null,empirical observed-versus-null evidence after user-run artifact generation
D,cgc-star,deconvolved,cross_recording,w_ic,9,9,0.915111586450271,0.6410653045850718,0.2740462818651992,0.2,descriptive_observed_above_null,empirical observed-versus-null evidence after user-run artifact generation
D,cgc-star,deconvolved,cross_recording,w_rc,9,9,0.4999808182603887,0.48895557477120366,0.011025243489185044,0.4,descriptive_observed_above_null,empirical observed-versus-null evidence after user-run artifact generation
D,cgc-star,deconvolved,cross_recording,edge_density,9,9,1.0,1.0,0.0,1.0,observed_not_above_null,empirical observed-versus-null evidence after user-run artifact generation
D,cgc-star,deconvolved,cross_recording,retained_edges,9,9,171.77777777777777,171.77777777777777,0.0,0.4,observed_not_above_null,empirical observed-versus-null evidence after user-run artifact generation
D,cgc-star,deconvolved,cross_recording,total_weight,9,9,13.649069980872868,29.339833245466487,-15.690763264593619,0.5,observed_not_above_null,empirical observed-versus-null evidence after user-run artifact generation
D,cgc-star,deconvolved,cyclic_shift,w_ic,9,180,0.915111586450271,0.5153656226887259,0.39974596376154514,0.0055248618784530384,nominal_observed_above_null,empirical observed-versus-null evidence after user-run artifact generation
D,cgc-star,deconvolved,cyclic_shift,w_rc,9,180,0.4999808182603887,0.49836345763990264,0.0016173606204860635,0.5193370165745856,descriptive_observed_above_null,empirical observed-versus-null evidence after user-run artifact generation
D,cgc-star,deconvolved,cyclic_shift,edge_density,9,180,1.0,1.0,0.0,1.0,observed_not_above_null,empirical observed-versus-null evidence after user-run artifact generation
D,cgc-star,deconvolved,cyclic_shift,retained_edges,9,180,171.77777777777777,171.77777777777777,0.0,0.3370165745856354,observed_not_above_null,empirical observed-versus-null evidence after user-run artifact generation
D,cgc-star,deconvolved,cyclic_shift,total_weight,9,180,13.649069980872868,6.701134587419407,6.947935393453461,0.11602209944751381,descriptive_observed_above_null,empirical observed-versus-null evidence after user-run artifact generation
D,cgc-star,deconvolved,reverse_time,w_ic,9,9,0.915111586450271,0.915111586450271,0.0,0.6,observed_not_above_null,empirical observed-versus-null evidence after user-run artifact generation
D,cgc-star,deconvolved,reverse_time,w_rc,9,9,0.4999808182603887,0.5000191817396112,-3.8363479222536245e-05,0.4,observed_not_above_null,empirical observed-versus-null evidence after user-run artifact generation
D,cgc-star,deconvolved,reverse_time,edge_density,9,9,1.0,1.0,0.0,1.0,observed_not_above_null,empirical observed-versus-null evidence after user-run artifact generation
D,cgc-star,deconvolved,reverse_time,retained_edges,9,9,171.77777777777777,171.77777777777777,0.0,0.4,observed_not_above_null,empirical observed-versus-null evidence after user-run artifact generation
D,cgc-star,deconvolved,reverse_time,total_weight,9,9,13.649069980872868,13.649069980872866,1.7763568394002505e-15,0.4,descriptive_observed_above_null,empirical observed-versus-null evidence after user-run artifact generation
D,cgc-star,fall,cross_recording,w_ic,9,9,0.7459402000103584,0.5786625287322322,0.1672776712781262,0.3,descriptive_observed_above_null,empirical observed-versus-null evidence after user-run artifact generation
D,cgc-star,fall,cross_recording,w_rc,9,9,0.49459170988297696,0.49254865412597465,0.00204305575700231,0.7,descriptive_observed_above_null,empirical observed-versus-null evidence after user-run artifact generation
D,cgc-star,fall,cross_recording,edge_density,9,9,1.0,1.0,0.0,1.0,observed_not_above_null,empirical observed-versus-null evidence after user-run artifact generation
D,cgc-star,fall,cross_recording,retained_edges,9,9,171.77777777777777,171.77777777777777,0.0,0.4,observed_not_above_null,empirical observed-versus-null evidence after user-run artifact generation
D,cgc-star,fall,cross_recording,total_weight,9,9,19.954338412238524,32.249693059609875,-12.29535464737135,0.5,observed_not_above_null,empirical observed-versus-null evidence after user-run artifact generation
D,cgc-star,fall,cyclic_shift,w_ic,9,180,0.7459402000103584,0.51996292964965,0.22597727036070847,0.0055248618784530384,nominal_observed_above_null,empirical observed-versus-null evidence after user-run artifact generation
D,cgc-star,fall,cyclic_shift,w_rc,9,180,0.49459170988297696,0.493052658650727,0.001539051232249955,0.4972375690607735,descriptive_observed_above_null,empirical observed-versus-null evidence after user-run artifact generation
D,cgc-star,fall,cyclic_shift,edge_density,9,180,1.0,1.0,0.0,1.0,observed_not_above_null,empirical observed-versus-null evidence after user-run artifact generation
D,cgc-star,fall,cyclic_shift,retained_edges,9,180,171.77777777777777,171.77777777777777,0.0,0.3370165745856354,observed_not_above_null,empirical observed-versus-null evidence after user-run artifact generation
D,cgc-star,fall,cyclic_shift,total_weight,9,180,19.954338412238524,8.047393013605864,11.90694539863266,0.0055248618784530384,nominal_observed_above_null,empirical observed-versus-null evidence after user-run artifact generation
D,cgc-star,fall,event_jitter,w_ic,9,180,0.7459402000103584,0.7624700483908189,-0.016529848380460455,0.7237569060773481,observed_not_above_null,empirical observed-versus-null evidence after user-run artifact generation
D,cgc-star,fall,event_jitter,w_rc,9,180,0.49459170988297696,0.49885756752872595,-0.004265857645748994,0.6243093922651933,observed_not_above_null,empirical observed-versus-null evidence after user-run artifact generation
D,cgc-star,fall,event_jitter,edge_density,9,180,1.0,1.0,0.0,1.0,observed_not_above_null,empirical observed-versus-null evidence after user-run artifact generation
D,cgc-star,fall,event_jitter,retained_edges,9,180,171.77777777777777,171.77777777777777,0.0,0.3370165745856354,observed_not_above_null,empirical observed-versus-null evidence after user-run artifact generation
D,cgc-star,fall,event_jitter,total_weight,9,180,19.954338412238524,21.776196372407124,-1.8218579601686002,0.4972375690607735,observed_not_above_null,empirical observed-versus-null evidence after user-run artifact generation
D,cgc-star,fall,phase_permutation,w_ic,9,180,0.7459402000103584,0.6373508711727254,0.10858932883763306,0.10497237569060773,descriptive_observed_above_null,empirical observed-versus-null evidence after user-run artifact generation
D,cgc-star,fall,phase_permutation,w_rc,9,180,0.49459170988297696,0.5096265299376476,-0.015034820054670606,0.5966850828729282,observed_not_above_null,empirical observed-versus-null evidence after user-run artifact generation
D,cgc-star,fall,phase_permutation,edge_density,9,180,1.0,0.9710886760441713,0.028911323955828738,0.3314917127071823,descriptive_observed_above_null,empirical observed-versus-null evidence after user-run artifact generation
D,cgc-star,fall,phase_permutation,retained_edges,9,180,171.77777777777777,166.49444444444444,5.283333333333331,0.3370165745856354,descriptive_observed_above_null,empirical observed-versus-null evidence after user-run artifact generation
D,cgc-star,fall,phase_permutation,total_weight,9,180,19.954338412238524,38.591042711166864,-18.63670429892834,0.9337016574585635,observed_not_above_null,empirical observed-versus-null evidence after user-run artifact generation
D,cgc-star,fall,reverse_time,w_ic,9,9,0.7459402000103584,0.7459402000103587,-2.220446049250313e-16,0.6,observed_not_above_null,empirical observed-versus-null evidence after user-run artifact generation
D,cgc-star,fall,reverse_time,w_rc,9,9,0.49459170988297696,0.5054082901170229,-0.01081658023404597,0.8,observed_not_above_null,empirical observed-versus-null evidence after user-run artifact generation
D,cgc-star,fall,reverse_time,edge_density,9,9,1.0,1.0,0.0,1.0,observed_not_above_null,empirical observed-versus-null evidence after user-run artifact generation
D,cgc-star,fall,reverse_time,retained_edges,9,9,171.77777777777777,171.77777777777777,0.0,0.4,observed_not_above_null,empirical observed-versus-null evidence after user-run artifact generation
D,cgc-star,fall,reverse_time,total_weight,9,9,19.954338412238524,19.954338412238524,0.0,0.4,observed_not_above_null,empirical observed-versus-null evidence after user-run artifact generation
D,cgc-star,fall_residual,cross_recording,w_ic,9,9,0.712539796764233,0.5526965723547207,0.15984322440951226,0.3,descriptive_observed_above_null,empirical observed-versus-null evidence after user-run artifact generation
D,cgc-star,fall_residual,cross_recording,w_rc,9,9,0.4941340394994545,0.5120778776724231,-0.017943838172968574,0.9,observed_not_above_null,empirical observed-versus-null evidence after user-run artifact generation
D,cgc-star,fall_residual,cross_recording,edge_density,9,9,1.0,1.0,0.0,1.0,observed_not_above_null,empirical observed-versus-null evidence after user-run artifact generation
D,cgc-star,fall_residual,cross_recording,retained_edges,9,9,171.77777777777777,171.77777777777777,0.0,0.4,observed_not_above_null,empirical observed-versus-null evidence after user-run artifact generation
D,cgc-star,fall_residual,cross_recording,total_weight,9,9,20.848769542530498,31.744861712806003,-10.896092170275505,0.4,observed_not_above_null,empirical observed-versus-null evidence after user-run artifact generation
D,cgc-star,fall_residual,cyclic_shift,w_ic,9,180,0.712539796764233,0.5124742660515943,0.20006553071263866,0.0055248618784530384,nominal_observed_above_null,empirical observed-versus-null evidence after user-run artifact generation
D,cgc-star,fall_residual,cyclic_shift,w_rc,9,180,0.4941340394994545,0.4948522560428049,-0.000718216543350414,0.5082872928176796,observed_not_above_null,empirical observed-versus-null evidence after user-run artifact generation
D,cgc-star,fall_residual,cyclic_shift,edge_density,9,180,1.0,1.0,0.0,1.0,observed_not_above_null,empirical observed-versus-null evidence after user-run artifact generation
D,cgc-star,fall_residual,cyclic_shift,retained_edges,9,180,171.77777777777777,171.77777777777777,0.0,0.3370165745856354,observed_not_above_null,empirical observed-versus-null evidence after user-run artifact generation
D,cgc-star,fall_residual,cyclic_shift,total_weight,9,180,20.848769542530498,9.110853337284725,11.737916205245773,0.0055248618784530384,nominal_observed_above_null,empirical observed-versus-null evidence after user-run artifact generation
D,cgc-star,fall_residual,event_jitter,w_ic,9,180,0.712539796764233,0.721170363657256,-0.008630566893022995,0.7182320441988951,observed_not_above_null,empirical observed-versus-null evidence after user-run artifact generation
D,cgc-star,fall_residual,event_jitter,w_rc,9,180,0.4941340394994545,0.5014643197725046,-0.007330280273050105,0.6519337016574586,observed_not_above_null,empirical observed-versus-null evidence after user-run artifact generation
D,cgc-star,fall_residual,event_jitter,edge_density,9,180,1.0,1.0,0.0,1.0,observed_not_above_null,empirical observed-versus-null evidence after user-run artifact generation
D,cgc-star,fall_residual,event_jitter,retained_edges,9,180,171.77777777777777,171.77777777777777,0.0,0.3370165745856354,observed_not_above_null,empirical observed-versus-null evidence after user-run artifact generation
D,cgc-star,fall_residual,event_jitter,total_weight,9,180,20.848769542530498,23.19032647826455,-2.341556935734051,0.47513812154696133,observed_not_above_null,empirical observed-versus-null evidence after user-run artifact generation
D,cgc-star,fall_residual,phase_permutation,w_ic,9,180,0.712539796764233,0.650849302837153,0.061690493927079926,0.27071823204419887,descriptive_observed_above_null,empirical observed-versus-null evidence after user-run artifact generation
D,cgc-star,fall_residual,phase_permutation,w_rc,9,180,0.4941340394994545,0.4973167956594353,-0.003182756159980815,0.5303867403314917,observed_not_above_null,empirical observed-versus-null evidence after user-run artifact generation
D,cgc-star,fall_residual,phase_permutation,edge_density,9,180,1.0,0.9523280909645718,0.04767190903542817,0.07734806629834254,descriptive_observed_above_null,empirical observed-versus-null evidence after user-run artifact generation
D,cgc-star,fall_residual,phase_permutation,retained_edges,9,180,171.77777777777777,162.6611111111111,9.116666666666674,0.3370165745856354,descriptive_observed_above_null,empirical observed-versus-null evidence after user-run artifact generation
D,cgc-star,fall_residual,phase_permutation,total_weight,9,180,20.848769542530498,40.40451589290913,-19.555746350378634,0.8895027624309392,observed_not_above_null,empirical observed-versus-null evidence after user-run artifact generation
D,cgc-star,fall_residual,reverse_time,w_ic,9,9,0.712539796764233,0.712539796764233,0.0,0.6,observed_not_above_null,empirical observed-versus-null evidence after user-run artifact generation
D,cgc-star,fall_residual,reverse_time,w_rc,9,9,0.4941340394994545,0.5058659605005453,-0.011731921001090828,0.8,observed_not_above_null,empirical observed-versus-null evidence after user-run artifact generation
D,cgc-star,fall_residual,reverse_time,edge_density,9,9,1.0,1.0,0.0,1.0,observed_not_above_null,empirical observed-versus-null evidence after user-run artifact generation
D,cgc-star,fall_residual,reverse_time,retained_edges,9,9,171.77777777777777,171.77777777777777,0.0,0.4,observed_not_above_null,empirical observed-versus-null evidence after user-run artifact generation
D,cgc-star,fall_residual,reverse_time,total_weight,9,9,20.848769542530498,20.84876954253049,7.105427357601002e-15,0.4,descriptive_observed_above_null,empirical observed-versus-null evidence after user-run artifact generation
D,cgc-star,full,cross_recording,w_ic,9,9,0.8643875517712246,0.6320883647859962,0.23229918698522845,0.1,descriptive_observed_above_null,empirical observed-versus-null evidence after user-run artifact generation
D,cgc-star,full,cross_recording,w_rc,9,9,0.49819176453611824,0.505199425148685,-0.007007660612566746,0.6,observed_not_above_null,empirical observed-versus-null evidence after user-run artifact generation
D,cgc-star,full,cross_recording,edge_density,9,9,1.0,1.0,0.0,1.0,observed_not_above_null,empirical observed-versus-null evidence after user-run artifact generation
D,cgc-star,full,cross_recording,retained_edges,9,9,171.77777777777777,171.77777777777777,0.0,0.4,observed_not_above_null,empirical observed-versus-null evidence after user-run artifact generation
D,cgc-star,full,cross_recording,total_weight,9,9,20.69275891687262,34.7423110968794,-14.049552180006778,0.4,observed_not_above_null,empirical observed-versus-null evidence after user-run artifact generation
D,cgc-star,full,cyclic_shift,w_ic,9,180,0.8643875517712246,0.5137128551148139,0.3506746966564107,0.0055248618784530384,nominal_observed_above_null,empirical observed-versus-null evidence after user-run artifact generation
D,cgc-star,full,cyclic_shift,w_rc,9,180,0.49819176453611824,0.5036382505691156,-0.005446486032997355,0.574585635359116,observed_not_above_null,empirical observed-versus-null evidence after user-run artifact generation
D,cgc-star,full,cyclic_shift,edge_density,9,180,1.0,1.0,0.0,1.0,observed_not_above_null,empirical observed-versus-null evidence after user-run artifact generation
D,cgc-star,full,cyclic_shift,retained_edges,9,180,171.77777777777777,171.77777777777777,0.0,0.3370165745856354,observed_not_above_null,empirical observed-versus-null evidence after user-run artifact generation
D,cgc-star,full,cyclic_shift,total_weight,9,180,20.69275891687262,10.094911456575083,10.597847460297537,0.11602209944751381,descriptive_observed_above_null,empirical observed-versus-null evidence after user-run artifact generation
D,cgc-star,full,reverse_time,w_ic,9,9,0.8643875517712246,0.8643875517712245,1.1102230246251565e-16,0.6,descriptive_observed_above_null,empirical observed-versus-null evidence after user-run artifact generation
D,cgc-star,full,reverse_time,w_rc,9,9,0.49819176453611824,0.5018082354638816,-0.0036164709277634044,0.7,observed_not_above_null,empirical observed-versus-null evidence after user-run artifact generation
D,cgc-star,full,reverse_time,edge_density,9,9,1.0,1.0,0.0,1.0,observed_not_above_null,empirical observed-versus-null evidence after user-run artifact generation
D,cgc-star,full,reverse_time,retained_edges,9,9,171.77777777777777,171.77777777777777,0.0,0.4,observed_not_above_null,empirical observed-versus-null evidence after user-run artifact generation
D,cgc-star,full,reverse_time,total_weight,9,9,20.69275891687262,20.692758916872624,-3.552713678800501e-15,0.4,observed_not_above_null,empirical observed-versus-null evidence after user-run artifact generation
D,cgc-star,rise,cross_recording,w_ic,9,9,0.32679275606208286,0.46525759757078394,-0.1384648415087011,1.0,observed_not_above_null,empirical observed-versus-null evidence after user-run artifact generation
D,cgc-star,rise,cross_recording,w_rc,9,9,0.5010088391105145,0.49431337832219857,0.0066954607883159545,0.5,descriptive_observed_above_null,empirical observed-versus-null evidence after user-run artifact generation
D,cgc-star,rise,cross_recording,edge_density,9,9,0.878402384891033,0.9074988717661577,-0.029096486875124783,0.5,observed_not_above_null,empirical observed-versus-null evidence after user-run artifact generation
D,cgc-star,rise,cross_recording,retained_edges,9,9,150.77777777777777,157.66666666666666,-6.888888888888886,0.4,observed_not_above_null,empirical observed-versus-null evidence after user-run artifact generation
D,cgc-star,rise,cross_recording,total_weight,9,9,56.6383798515024,65.17571830236842,-8.537338450866024,0.4,observed_not_above_null,empirical observed-versus-null evidence after user-run artifact generation
D,cgc-star,rise,cyclic_shift,w_ic,9,180,0.32679275606208286,0.4982364068709706,-0.17144365080888774,1.0,observed_not_above_null,empirical observed-versus-null evidence after user-run artifact generation
D,cgc-star,rise,cyclic_shift,w_rc,9,180,0.5010088391105145,0.49483493564287656,0.0061739034676379645,0.4419889502762431,descriptive_observed_above_null,empirical observed-versus-null evidence after user-run artifact generation
D,cgc-star,rise,cyclic_shift,edge_density,9,180,0.878402384891033,0.9958955212934831,-0.11749313640245018,1.0,observed_not_above_null,empirical observed-versus-null evidence after user-run artifact generation
D,cgc-star,rise,cyclic_shift,retained_edges,9,180,150.77777777777777,171.44444444444446,-20.666666666666686,0.44751381215469616,observed_not_above_null,empirical observed-versus-null evidence after user-run artifact generation
D,cgc-star,rise,cyclic_shift,total_weight,9,180,56.6383798515024,42.87992634434632,13.758453507156077,0.2265193370165746,descriptive_observed_above_null,empirical observed-versus-null evidence after user-run artifact generation
D,cgc-star,rise,event_jitter,w_ic,9,180,0.32679275606208286,0.3271483071501841,-0.000355551088101258,0.4530386740331492,observed_not_above_null,empirical observed-versus-null evidence after user-run artifact generation
D,cgc-star,rise,event_jitter,w_rc,9,180,0.5010088391105145,0.494816729618796,0.0061921094917185004,0.4585635359116022,descriptive_observed_above_null,empirical observed-versus-null evidence after user-run artifact generation
D,cgc-star,rise,event_jitter,edge_density,9,180,0.878402384891033,0.8919408058210946,-0.013538420930061634,0.6022099447513812,observed_not_above_null,empirical observed-versus-null evidence after user-run artifact generation
D,cgc-star,rise,event_jitter,retained_edges,9,180,150.77777777777777,153.98888888888888,-3.2111111111111086,0.3370165745856354,observed_not_above_null,empirical observed-versus-null evidence after user-run artifact generation
D,cgc-star,rise,event_jitter,total_weight,9,180,56.6383798515024,63.81142408966542,-7.173044238163023,0.425414364640884,observed_not_above_null,empirical observed-versus-null evidence after user-run artifact generation
D,cgc-star,rise,phase_permutation,w_ic,9,180,0.32679275606208286,0.6363255131479515,-0.30953275708586864,1.0,observed_not_above_null,empirical observed-versus-null evidence after user-run artifact generation
D,cgc-star,rise,phase_permutation,w_rc,9,180,0.5010088391105145,0.5110031427495078,-0.00999430363899323,0.5469613259668509,observed_not_above_null,empirical observed-versus-null evidence after user-run artifact generation
D,cgc-star,rise,phase_permutation,edge_density,9,180,0.878402384891033,0.9704733906062596,-0.09207100571522664,0.9834254143646409,observed_not_above_null,empirical observed-versus-null evidence after user-run artifact generation
D,cgc-star,rise,phase_permutation,retained_edges,9,180,150.77777777777777,166.88888888888889,-16.111111111111114,0.36464088397790057,observed_not_above_null,empirical observed-versus-null evidence after user-run artifact generation
D,cgc-star,rise,phase_permutation,total_weight,9,180,56.6383798515024,38.87083034240665,17.76754950909575,0.19889502762430938,descriptive_observed_above_null,empirical observed-versus-null evidence after user-run artifact generation
D,cgc-star,rise,reverse_time,w_ic,9,9,0.32679275606208286,0.324745702535931,0.002047053526151865,0.5,descriptive_observed_above_null,empirical observed-versus-null evidence after user-run artifact generation
D,cgc-star,rise,reverse_time,w_rc,9,9,0.5010088391105145,0.49899116088948553,0.0020176782210289956,0.4,descriptive_observed_above_null,empirical observed-versus-null evidence after user-run artifact generation
D,cgc-star,rise,reverse_time,edge_density,9,9,0.878402384891033,0.8768794276663213,0.0015229572247116296,0.4,descriptive_observed_above_null,empirical observed-versus-null evidence after user-run artifact generation
D,cgc-star,rise,reverse_time,retained_edges,9,9,150.77777777777777,150.66666666666666,0.11111111111111427,0.4,descriptive_observed_above_null,empirical observed-versus-null evidence after user-run artifact generation
D,cgc-star,rise,reverse_time,total_weight,9,9,56.6383798515024,57.41042800186192,-0.7720481503595238,0.4,observed_not_above_null,empirical observed-versus-null evidence after user-run artifact generation
